farm_id,region,soil_type,crop_type,soil_moisture_%,soil_pH,temperature_C,rainfall_mm,humidity_%,recommended_irrigation_mm,sowing_date,harvest_date,crop_growth_days,NDVI_index
IND00001,Gujarat,Alluvial,Rice,44.9,7.3,27.3,206.9,57.5,9.2,11-12-2024,07-04-2025,117,0.69
IND00002,Telangana,Red,Maize,42.8,7.4,36.9,99.4,64.9,0,16-05-2024,01-10-2024,138,0.56
IND00003,Tamil Nadu,Laterite,Rice,26.4,6.1,27,78.3,54.2,12.3,09-08-2024,08-12-2024,121,0.88
IND00004,Madhya Pradesh,Red,Groundnut,15.7,6.9,33.2,165.3,85.7,35.1,13-08-2024,15-01-2025,155,0.54
IND00005,Kerala,Laterite,Rice,12.1,6.1,21.7,111.8,55.4,14.9,09-07-2024,25-11-2024,139,0.41
IND00006,Bihar,Alluvial,Pulses,30.9,6.4,18.5,270.6,86.9,0,05-01-2024,19-05-2024,135,0.39
IND00007,Haryana,Alluvial,Rice,31.3,7.7,19.4,258.8,62,8.4,24-01-2024,28-06-2024,156,0.46
IND00008,Odisha,Laterite,Groundnut,20.8,7,31,176.2,64.6,8,16-06-2024,18-11-2024,155,0.44
IND00009,Telangana,Red,Millet,19.2,6.9,38.7,282.3,83,0,07-07-2024,25-11-2024,141,0.38
IND00010,Punjab,Alluvial,Wheat,31.1,6.8,20.1,189.4,84.5,4.2,10-12-2024,16-03-2025,96,0.55
IND00011,Uttar Pradesh,Alluvial,Wheat,36.7,7.4,21.4,265.1,42.8,0,03-05-2024,09-10-2024,159,0.83
IND00012,Uttar Pradesh,Alluvial,Wheat,33,7.2,28.1,22.3,72.7,34.7,19-09-2024,04-02-2025,138,0.6
IND00013,Andhra Pradesh,Red,Maize,12.5,6.1,19.8,154.2,87.5,10,17-03-2024,06-08-2024,142,0.63
IND00014,Bihar,Alluvial,Sugarcane,30.9,6.9,36.6,277.9,67,0,17-10-2024,18-03-2025,152,0.83
IND00015,Rajasthan,Alluvial,Rice,24.1,6.6,34.2,241.6,72.7,1.3,10-02-2024,16-06-2024,127,0.72
IND00016,Tamil Nadu,Red,Groundnut,34.1,7.8,34.8,54,78.8,24.3,12-07-2024,15-10-2024,95,0.39
IND00017,Madhya Pradesh,Black,Wheat,23.7,6.2,33,160.6,42.8,21.3,08-10-2024,03-01-2025,87,0.79
IND00018,Kerala,Laterite,Rice,33.5,6.9,18.3,40,77.5,28.7,22-11-2024,11-04-2025,140,0.84
IND00019,Andhra Pradesh,Black,Cotton,36.6,6.5,28.9,46.4,43.8,25.3,13-08-2024,10-01-2025,150,0.59
IND00020,Punjab,Alluvial,Rice,34.3,7.4,31.5,228.6,89.7,25.4,16-05-2024,02-10-2024,139,0.9
IND00021,Haryana,Alluvial,Maize,20.5,7.4,33,127.1,71.7,22.6,15-07-2024,05-11-2024,113,0.73
IND00022,West Bengal,Laterite,Rice,12.3,7.5,21.3,214,65.9,7.2,25-03-2024,31-08-2024,159,0.42
IND00023,Haryana,Alluvial,Rice,42.4,6.4,27.9,272.6,66.4,0,18-05-2024,04-10-2024,139,0.71
IND00024,Haryana,Alluvial,Sugarcane,18.8,6.5,33.4,186.9,81.5,8.3,04-12-2024,24-03-2025,110,0.7
IND00025,Tamil Nadu,Black,Cotton,30.3,7.2,34.8,122.9,89.1,17.6,01-12-2024,10-05-2025,160,0.47
IND00026,Andhra Pradesh,Black,Cotton,14.6,6.2,25.2,136.2,55.5,19.5,21-09-2024,03-02-2025,135,0.66
IND00027,Uttar Pradesh,Alluvial,Pulses,16.6,6.4,20,192.3,60.9,20.7,07-09-2024,01-01-2025,116,0.84
IND00028,West Bengal,Laterite,Rice,15.9,7.2,30.1,183.9,74.3,16.5,16-09-2024,11-01-2025,117,0.86
IND00029,Kerala,Laterite,Groundnut,28.1,6.6,34,24.7,46.8,42.2,14-03-2024,18-08-2024,157,0.7
IND00030,Odisha,Alluvial,Rice,18.4,6.7,24.6,93,78.1,18.5,03-01-2024,05-05-2024,123,0.55
IND00031,Rajasthan,Alluvial,Pulses,40.9,7,26.3,101.2,78.7,9.5,20-03-2024,11-07-2024,113,0.37
IND00032,Haryana,Alluvial,Wheat,39,7.7,21.9,43.5,86.4,5.1,15-02-2024,07-06-2024,113,0.67
IND00033,West Bengal,Alluvial,Pulses,28.6,6.2,19.2,42.5,62.7,30.9,21-08-2024,19-11-2024,90,0.77
IND00034,Kerala,Laterite,Rice,42.5,7.2,34.1,80.7,61.8,6.7,22-02-2024,22-07-2024,151,0.42
IND00035,Kerala,Laterite,Rice,16.5,7.1,28.3,286.9,47,14.6,25-11-2024,29-04-2025,155,0.79
IND00036,Madhya Pradesh,Red,Millet,39.4,7.7,34.4,35.1,77.3,1.5,07-05-2024,23-09-2024,139,0.7
IND00037,Tamil Nadu,Laterite,Rice,26.3,7.6,31.5,173.5,41.9,18.2,23-01-2024,27-06-2024,156,0.37
IND00038,Karnataka,Laterite,Rice,22.2,6.3,30.4,115.9,57.9,7.2,24-11-2024,20-02-2025,88,0.77
IND00039,West Bengal,Alluvial,Wheat,28.7,6.4,40,61.6,62.8,11.3,09-11-2024,27-02-2025,110,0.63
IND00040,Rajasthan,Desert,Millet,21.1,7.5,24.6,166.7,64.9,28.7,07-06-2024,27-10-2024,142,0.5
IND00041,Kerala,Laterite,Groundnut,35.3,6.9,38.6,292.1,86.6,10.3,07-09-2024,21-01-2025,136,0.53
IND00042,Tamil Nadu,Black,Cotton,25.9,7.6,24.1,217.9,77.2,0,20-01-2024,11-06-2024,143,0.66
IND00043,West Bengal,Alluvial,Maize,30.3,6.1,25.7,67.7,67.8,38.8,10-11-2024,15-04-2025,156,0.5
IND00044,Kerala,Laterite,Rice,37.6,7.3,38.4,243.7,73.5,10.7,23-01-2024,08-06-2024,137,0.7
IND00045,Odisha,Alluvial,Maize,26.4,7.2,33.2,227.8,45.6,0,01-10-2024,15-01-2025,106,0.64
IND00046,West Bengal,Laterite,Rice,14.7,7.2,35,23.3,74.4,23.5,03-12-2024,05-04-2025,123,0.57
IND00047,Maharashtra,Black,Sugarcane,26.6,7.5,28.1,46.2,64.9,31.7,13-06-2024,09-10-2024,118,0.43
IND00048,West Bengal,Alluvial,Maize,33.9,7,25.5,254.4,77.3,3.6,20-09-2024,23-01-2025,125,0.69
IND00049,Andhra Pradesh,Red,Pulses,28.5,7.1,36,142.9,85.5,13.5,12-07-2024,12-10-2024,92,0.43
IND00050,Telangana,Red,Pulses,44.8,6.9,22.3,227.4,73.6,13.9,20-10-2024,17-03-2025,148,0.46
IND00051,Punjab,Alluvial,Pulses,37.1,6.3,18.4,130.2,72,8.6,17-12-2024,20-05-2025,154,0.63
IND00052,West Bengal,Alluvial,Pulses,17,7,20.9,86.5,74.8,12.5,25-01-2024,13-05-2024,109,0.45
IND00053,Kerala,Laterite,Rice,36.8,7.5,38.6,111.1,64.6,6.1,25-02-2024,24-05-2024,89,0.65
IND00054,Rajasthan,Alluvial,Wheat,25.3,7,21.5,34.9,40.9,32.4,15-10-2024,09-01-2025,86,0.42
IND00055,Madhya Pradesh,Black,Cotton,32.3,6.6,37.6,178.1,73.9,4.6,03-06-2024,20-10-2024,139,0.48
IND00056,Rajasthan,Desert,Millet,20.6,7.1,29.9,257.5,44.6,2.2,20-02-2024,03-06-2024,104,0.85
IND00057,Bihar,Alluvial,Pulses,19.1,7.2,39.7,231.3,64,31.3,25-01-2024,21-05-2024,117,0.88
IND00058,Odisha,Alluvial,Sugarcane,34,7.7,32.2,58,52.5,15.6,04-02-2024,06-07-2024,153,0.57
IND00059,West Bengal,Laterite,Rice,31,6,38.3,97.8,76.4,18,18-11-2024,23-03-2025,125,0.62
IND00060,Punjab,Alluvial,Wheat,13.1,6.5,26,134.2,67.5,15,01-05-2024,29-09-2024,151,0.9
IND00061,Telangana,Black,Cotton,34,6.1,32.8,43,72.5,20.7,10-01-2024,22-04-2024,103,0.69
IND00062,Gujarat,Black,Sugarcane,14.9,6.3,25.4,134.4,76.3,15.9,09-07-2024,25-10-2024,108,0.69
IND00063,Odisha,Laterite,Groundnut,17.7,7.3,24.4,202.8,87.2,0.9,19-01-2024,31-05-2024,133,0.5
IND00064,Madhya Pradesh,Black,Wheat,13.5,6.7,25.4,285.4,78.5,13.8,20-07-2024,21-10-2024,93,0.56
IND00065,Tamil Nadu,Laterite,Groundnut,18.1,6.4,27.7,214.3,43.5,31.7,10-09-2024,06-02-2025,149,0.54
IND00066,Bihar,Alluvial,Wheat,40,6.5,29.9,251.4,64.7,0,20-05-2024,26-09-2024,129,0.44
IND00067,Gujarat,Black,Sugarcane,36.5,6.7,23.5,25.7,43.9,9.2,16-01-2024,22-05-2024,127,0.42
IND00068,Karnataka,Laterite,Rice,27.7,6.3,21.8,131.3,71,18.4,22-09-2024,16-01-2025,116,0.8
IND00069,Rajasthan,Alluvial,Maize,35.8,6.9,27.3,86.7,57,4.7,10-09-2024,26-12-2024,107,0.72
IND00070,Maharashtra,Laterite,Groundnut,25.3,7.2,27.8,178.4,56.4,23.9,24-08-2024,06-12-2024,104,0.49
IND00071,Odisha,Laterite,Rice,31.9,6.8,21.3,156.6,49.6,16.3,17-06-2024,23-10-2024,128,0.5
IND00072,Telangana,Red,Maize,37.3,7.7,33.4,286.3,82.9,0,04-03-2024,25-06-2024,113,0.38
IND00073,Uttar Pradesh,Alluvial,Pulses,37.8,6.6,34.2,83.1,83.7,4.4,19-09-2024,18-12-2024,90,0.69
IND00074,Gujarat,Black,Cotton,20.7,6.9,19.5,223.9,74.1,28.8,10-04-2024,29-07-2024,110,0.9
IND00075,Punjab,Alluvial,Wheat,21.8,7.5,37.1,142,62,29.9,21-04-2024,05-09-2024,137,0.78
IND00076,Maharashtra,Black,Wheat,22.2,6.6,33.6,30.6,79,21.9,09-01-2024,18-04-2024,100,0.51
IND00077,Kerala,Laterite,Groundnut,20.7,6.7,38.3,258.9,47.6,0,21-01-2024,26-04-2024,96,0.55
IND00078,Rajasthan,Desert,Millet,44.3,6.4,38.7,169.4,83.5,21.3,11-03-2024,29-07-2024,140,0.74
IND00079,Telangana,Red,Millet,22.2,6.3,37.4,75.6,56.6,18.7,03-09-2024,07-01-2025,126,0.72
IND00080,Tamil Nadu,Laterite,Rice,16.6,6,35.9,244.2,61,1.5,20-06-2024,21-09-2024,93,0.57
IND00081,Haryana,Alluvial,Sugarcane,32.4,6.5,29.3,116.5,89.1,36.2,01-01-2024,03-06-2024,154,0.82
IND00082,Maharashtra,Laterite,Rice,34.4,6.2,35,94.1,73.1,10.2,02-07-2024,01-12-2024,152,0.43
IND00083,Haryana,Alluvial,Pulses,13.2,7.6,20.6,236.3,47.2,30.5,12-08-2024,01-01-2025,142,0.71
IND00084,Punjab,Alluvial,Pulses,29.5,6.4,32.7,199.3,84,2.8,09-12-2024,28-03-2025,109,0.75
IND00085,Odisha,Alluvial,Pulses,33.3,6.6,30.6,148.8,57.6,19.3,16-03-2024,29-07-2024,135,0.86
IND00086,West Bengal,Alluvial,Maize,27.9,7.8,37.5,106.7,53.5,29.4,04-04-2024,10-08-2024,128,0.64
IND00087,Karnataka,Laterite,Groundnut,37,6.4,25.4,146.7,49.3,30.9,18-02-2024,20-07-2024,153,0.45
IND00088,Rajasthan,Alluvial,Rice,33.4,7.5,36.7,29,43.3,26.5,15-12-2024,21-05-2025,157,0.36
IND00089,Karnataka,Laterite,Groundnut,40.7,7.1,36.9,148.2,50.2,0,08-10-2024,18-02-2025,133,0.64
IND00090,Tamil Nadu,Laterite,Rice,31.7,7.5,37.6,92.2,50.3,38,23-07-2024,08-12-2024,138,0.79
IND00091,Odisha,Alluvial,Wheat,18.3,6.7,34.8,21.1,87.9,25.5,14-03-2024,23-07-2024,131,0.77
IND00092,Kerala,Laterite,Groundnut,25.2,7.5,32.1,186.9,83.9,33,13-01-2024,13-05-2024,121,0.66
IND00093,Kerala,Laterite,Groundnut,15.2,6.7,18.2,276.5,45.1,22.5,01-01-2024,07-04-2024,97,0.41
IND00094,Gujarat,Alluvial,Sugarcane,44.4,7.7,21.4,288.2,46.9,7.5,16-09-2024,14-12-2024,89,0.69
IND00095,Haryana,Alluvial,Pulses,44.6,6.2,20.4,24,84.5,25,08-05-2024,15-09-2024,130,0.45
IND00096,Kerala,Laterite,Rice,14.1,7.8,25.1,163.6,70.6,22.5,18-05-2024,10-09-2024,115,0.42
IND00097,West Bengal,Alluvial,Wheat,42.3,6.7,26.3,173.1,54.6,0,11-05-2024,30-08-2024,111,0.64
IND00098,Odisha,Alluvial,Wheat,33.4,7.3,35.8,22.3,79.3,24.4,18-11-2024,19-02-2025,93,0.55
IND00099,Kerala,Laterite,Rice,27.7,7.7,33.2,228.8,52.4,9,25-01-2024,26-05-2024,122,0.84
IND00100,Kerala,Laterite,Groundnut,26.3,7.1,36.3,134.5,64.8,3.4,19-08-2024,18-12-2024,121,0.69
IND00101,Telangana,Red,Maize,40.5,6.8,26,138.7,66,0,16-01-2024,29-05-2024,134,0.41
IND00102,West Bengal,Alluvial,Wheat,18,6.2,28.8,244,43.2,0,01-05-2024,02-10-2024,154,0.51
IND00103,West Bengal,Laterite,Rice,34.5,6.2,24.6,212.2,73.9,16,09-06-2024,16-10-2024,129,0.39
IND00104,Haryana,Alluvial,Pulses,40.5,6.2,31.8,294.3,61.9,19.4,17-11-2024,10-04-2025,144,0.52
IND00105,Uttar Pradesh,Alluvial,Wheat,29.9,6.7,20.2,126.5,64.8,37.8,05-05-2024,22-09-2024,140,0.42
IND00106,Maharashtra,Red,Maize,22.9,6.8,24.4,46.6,63.7,18.6,10-09-2024,12-12-2024,93,0.61
IND00107,Tamil Nadu,Red,Groundnut,14,6.7,27.8,268.6,65.9,28.4,15-09-2024,22-02-2025,160,0.49
IND00108,Telangana,Red,Pulses,34.5,6.5,23.7,137.4,48.9,0,06-11-2024,31-01-2025,86,0.46
IND00109,West Bengal,Alluvial,Sugarcane,26,6.9,32.4,247.4,84.8,3.4,07-03-2024,25-07-2024,140,0.38
IND00110,Kerala,Laterite,Rice,43.5,7,24.6,26.4,55.4,34.3,17-12-2024,17-05-2025,151,0.89
IND00111,Gujarat,Black,Wheat,42.8,7.3,34.7,136.8,76.6,31.9,20-12-2024,02-05-2025,133,0.63
IND00112,Telangana,Black,Cotton,40.9,7.2,20,59.7,75.1,19.9,10-01-2024,14-05-2024,125,0.59
IND00113,Uttar Pradesh,Alluvial,Rice,36.1,7.4,33.1,78,48.7,6,11-02-2024,03-07-2024,143,0.72
IND00114,Bihar,Alluvial,Sugarcane,34.5,7.5,25.1,20.8,62.9,32.8,21-08-2024,26-12-2024,127,0.81
IND00115,Maharashtra,Black,Sugarcane,19.1,6.8,28,223.9,83.5,18.8,19-05-2024,15-08-2024,88,0.41
IND00116,Kerala,Laterite,Rice,12.7,7.3,22.4,264.3,40.7,26.9,06-09-2024,05-01-2025,121,0.47
IND00117,Andhra Pradesh,Red,Pulses,17.3,6.6,36.7,147.7,42.4,13.6,11-12-2024,29-03-2025,108,0.75
IND00118,Andhra Pradesh,Black,Sugarcane,40.1,6.5,28.6,141.6,73.1,22.3,21-04-2024,13-09-2024,145,0.47
IND00119,Tamil Nadu,Red,Pulses,35.9,6.1,27.2,274,62.5,16.6,15-02-2024,18-05-2024,93,0.61
IND00120,Telangana,Red,Groundnut,29.4,6.3,37.4,216.2,63.8,20.3,14-06-2024,23-09-2024,101,0.9
IND00121,Telangana,Black,Wheat,28.6,6.2,39.2,47.5,44.1,32.5,16-04-2024,11-07-2024,86,0.82
IND00122,Tamil Nadu,Black,Sugarcane,20.2,7.1,31.8,86.7,65.1,36.9,06-08-2024,31-10-2024,86,0.61
IND00123,Andhra Pradesh,Red,Millet,18.4,6.3,35.3,204.1,75,34,02-07-2024,25-10-2024,115,0.7
IND00124,Punjab,Alluvial,Pulses,40.7,7.2,28.9,70.7,67.5,32.5,06-08-2024,27-12-2024,143,0.38
IND00125,Rajasthan,Desert,Millet,20.2,6.9,27.8,210.8,55.4,0,21-07-2024,18-10-2024,89,0.4
IND00126,Karnataka,Laterite,Rice,42.9,6.9,18.7,272.3,58.6,18.8,17-11-2024,09-04-2025,143,0.72
IND00127,Punjab,Alluvial,Wheat,42.7,7.5,36.9,294.8,66.1,18.7,08-06-2024,09-09-2024,93,0.56
IND00128,Bihar,Alluvial,Rice,19.4,7.1,39.5,57.4,68.3,14.2,06-08-2024,13-01-2025,160,0.47
IND00129,Tamil Nadu,Red,Millet,28.8,6.7,27.9,41.5,52.2,43.1,04-08-2024,09-01-2025,158,0.53
IND00130,Odisha,Alluvial,Sugarcane,23.9,6,29.4,299.5,58.9,19.4,17-09-2024,23-02-2025,159,0.49
IND00131,Haryana,Alluvial,Maize,27.8,7.1,34.5,23.4,85.8,32.9,04-12-2024,02-04-2025,119,0.84
IND00132,Odisha,Alluvial,Sugarcane,15.2,6.6,37.6,118.3,64.4,24.2,23-12-2024,26-03-2025,93,0.64
IND00133,Gujarat,Alluvial,Wheat,24.9,7.7,19,259.1,42.2,1.2,12-04-2024,17-09-2024,158,0.55
IND00134,Andhra Pradesh,Black,Cotton,16.4,7.4,31.6,116,64.2,27.8,21-10-2024,07-02-2025,109,0.65
IND00135,Tamil Nadu,Black,Sugarcane,28,7.3,36.3,223.2,76.7,0,09-03-2024,08-06-2024,91,0.55
IND00136,Bihar,Alluvial,Rice,31.2,6.9,38,250.5,64.8,0,25-04-2024,19-08-2024,116,0.58
IND00137,Punjab,Alluvial,Rice,28.3,7.6,38.9,176.8,78.3,15.1,16-06-2024,24-09-2024,100,0.68
IND00138,Uttar Pradesh,Alluvial,Sugarcane,34.5,6.7,34.7,35.7,49.1,26.4,17-11-2024,15-04-2025,149,0.89
IND00139,Gujarat,Alluvial,Rice,19.2,6.2,20.3,93.6,52.7,14.9,09-08-2024,23-11-2024,106,0.42
IND00140,Gujarat,Alluvial,Rice,41.1,7.4,32.7,246.1,40.5,21.6,15-03-2024,25-07-2024,132,0.8
IND00141,Kerala,Laterite,Rice,34.8,6.6,27.3,23.4,64,19.4,24-06-2024,23-11-2024,152,0.49
IND00142,Uttar Pradesh,Alluvial,Pulses,43.7,6.4,20.9,191,40.5,24.7,05-03-2024,28-06-2024,115,0.65
IND00143,Madhya Pradesh,Red,Maize,26.6,7.1,23.7,235.6,61.5,15.6,24-05-2024,07-09-2024,106,0.8
IND00144,Bihar,Alluvial,Sugarcane,40,7,36.1,89.3,47.6,2.7,14-01-2024,04-06-2024,142,0.75
IND00145,Karnataka,Black,Wheat,27.9,6.3,36.7,52.3,78.8,34,08-12-2024,26-03-2025,108,0.62
IND00146,Punjab,Alluvial,Pulses,23.3,7.7,36.1,227.3,87.8,26.2,16-08-2024,11-12-2024,117,0.45
IND00147,West Bengal,Alluvial,Wheat,13.4,7.5,28.6,71.5,65.7,47.7,18-01-2024,25-04-2024,98,0.47
IND00148,Odisha,Alluvial,Maize,31.6,6.2,31.9,136.2,78.2,30.2,01-03-2024,16-06-2024,107,0.59
IND00149,Madhya Pradesh,Black,Wheat,29.6,7.5,28.8,178.2,70.1,0,10-11-2024,09-04-2025,150,0.66
IND00150,Andhra Pradesh,Black,Wheat,29.6,6.8,38.5,199.6,49.2,27,19-12-2024,09-05-2025,141,0.81
IND00151,Tamil Nadu,Black,Cotton,14,7.7,24,58.6,50.2,17.4,14-03-2024,23-07-2024,131,0.88
IND00152,Rajasthan,Desert,Millet,18,6.8,20.9,174.5,44.4,29.9,01-03-2024,17-06-2024,108,0.53
IND00153,Tamil Nadu,Laterite,Rice,24.3,6.7,30.5,135.5,47.1,2.3,23-03-2024,08-07-2024,107,0.4
IND00154,Bihar,Alluvial,Sugarcane,24.8,7.7,33.2,204.8,58.6,13.1,02-03-2024,03-08-2024,154,0.73
IND00155,Odisha,Alluvial,Wheat,15.9,6.1,33.7,243.6,48,4.4,04-02-2024,19-05-2024,105,0.57
IND00156,Rajasthan,Desert,Millet,23,6.1,35.8,47.7,41.5,25.5,15-11-2024,23-02-2025,100,0.64
IND00157,Maharashtra,Red,Millet,32.3,6.2,33.8,173.9,43.6,4.9,23-03-2024,05-07-2024,104,0.39
IND00158,Rajasthan,Alluvial,Pulses,26.2,7.7,19.5,181.5,89.4,10.5,18-05-2024,13-10-2024,148,0.73
IND00159,Uttar Pradesh,Alluvial,Sugarcane,26.7,7.5,36.7,177.5,82.4,33.4,08-10-2024,07-02-2025,122,0.43
IND00160,Telangana,Red,Groundnut,18.3,6.8,24.8,43.1,73.3,17.8,02-12-2024,01-05-2025,150,0.9
IND00161,Madhya Pradesh,Red,Pulses,28.3,7.7,22.9,78.7,59.6,13.3,05-02-2024,05-07-2024,151,0.54
IND00162,Andhra Pradesh,Black,Wheat,25.4,7.5,30,228.8,49.4,0,18-12-2024,26-03-2025,98,0.78
IND00163,Karnataka,Red,Maize,37.7,6.9,30.7,50.7,58.8,24.7,11-10-2024,06-01-2025,87,0.72
IND00164,Andhra Pradesh,Red,Maize,36.3,7.7,36,194.8,65.1,26.5,10-03-2024,01-07-2024,113,0.66
IND00165,Bihar,Alluvial,Wheat,38.6,6.7,37.9,38.1,84.8,23.4,07-03-2024,14-08-2024,160,0.47
IND00166,Bihar,Alluvial,Wheat,43.1,7.1,35.5,218.1,42.4,0,19-09-2024,19-12-2024,91,0.79
IND00167,Odisha,Alluvial,Rice,43.8,6.7,27.5,176.5,41.4,25.4,15-10-2024,24-03-2025,160,0.87
IND00168,Tamil Nadu,Black,Cotton,20.1,7,27,105.7,78.1,16.2,12-02-2024,01-06-2024,110,0.52
IND00169,Gujarat,Black,Wheat,26.6,7.3,27.4,98.8,46.7,13.4,10-06-2024,07-10-2024,119,0.67
IND00170,Haryana,Alluvial,Sugarcane,34.2,7.7,22.7,185.8,76.4,20.7,01-02-2024,20-05-2024,109,0.71
IND00171,Rajasthan,Desert,Millet,33.8,7.5,28.6,196.5,43.4,22.4,23-05-2024,20-09-2024,120,0.86
IND00172,Bihar,Alluvial,Rice,30.7,7.2,18.5,260.9,42.4,0,09-03-2024,11-07-2024,124,0.56
IND00173,Rajasthan,Alluvial,Wheat,38.3,7.5,21.9,232.2,42.6,0,24-11-2024,13-03-2025,109,0.78
IND00174,Karnataka,Black,Wheat,27.9,6.5,30.9,51.6,69.7,43.9,06-08-2024,24-11-2024,110,0.61
IND00175,Rajasthan,Desert,Millet,17,6,36.5,263,46.7,0,10-08-2024,10-01-2025,153,0.56
IND00176,Telangana,Black,Wheat,17.1,7.2,27.7,123.1,67.1,26.3,18-11-2024,08-04-2025,141,0.78
IND00177,Karnataka,Black,Sugarcane,30.8,6,22.8,131,48.4,24.8,01-01-2024,15-04-2024,105,0.62
IND00178,Punjab,Alluvial,Sugarcane,26.4,6.1,39.5,278,76.2,6.8,15-12-2024,08-04-2025,114,0.51
IND00179,Uttar Pradesh,Alluvial,Sugarcane,24.8,6.9,27.3,206,70.1,28.6,24-06-2024,17-09-2024,85,0.61
IND00180,Karnataka,Black,Wheat,36.5,7.6,25,190.9,84.5,11.9,17-11-2024,12-02-2025,87,0.62
IND00181,Andhra Pradesh,Black,Sugarcane,13.6,6.1,38.5,90.5,75.3,45.1,13-04-2024,05-09-2024,145,0.87
IND00182,Telangana,Red,Pulses,39.1,6.5,23.8,255.4,70.4,19.2,14-07-2024,04-11-2024,113,0.68
IND00183,Madhya Pradesh,Red,Groundnut,32.1,6.8,24.3,69.2,46.7,2.8,11-03-2024,20-07-2024,131,0.49
IND00184,Punjab,Alluvial,Pulses,19.3,7.5,25.7,285.8,83.8,24.9,05-12-2024,31-03-2025,116,0.83
IND00185,Gujarat,Alluvial,Maize,23.4,7.4,21.9,274.8,84.6,0,24-04-2024,26-07-2024,93,0.72
IND00186,Uttar Pradesh,Alluvial,Maize,20.7,6,19.8,25.9,54.5,26,15-06-2024,24-10-2024,131,0.56
IND00187,Punjab,Alluvial,Maize,17.9,6.1,36.6,98.9,65.7,28.3,11-05-2024,03-10-2024,145,0.42
IND00188,West Bengal,Alluvial,Sugarcane,28.5,6.1,18.9,39.2,54.3,34.1,23-05-2024,08-09-2024,108,0.7
IND00189,Gujarat,Alluvial,Pulses,24.9,6.8,20.5,75.1,58.7,18.7,21-08-2024,19-11-2024,90,0.71
IND00190,Rajasthan,Alluvial,Sugarcane,42.5,6.5,28.7,231.1,71.5,0,24-03-2024,21-07-2024,119,0.37
IND00191,Tamil Nadu,Laterite,Groundnut,26.3,6.5,26.9,84.6,41.1,10.7,25-12-2024,15-04-2025,111,0.42
IND00192,Telangana,Black,Sugarcane,35.5,6.4,24.4,152.1,72,14.4,24-04-2024,23-07-2024,90,0.64
IND00193,West Bengal,Laterite,Groundnut,41.6,6.3,37.7,268,85.1,20.5,20-12-2024,19-05-2025,150,0.8
IND00194,Odisha,Alluvial,Pulses,30.3,7.6,25.2,172.3,50.7,0,08-07-2024,01-10-2024,85,0.58
IND00195,Odisha,Laterite,Groundnut,42.9,6.9,34.7,186.1,41.9,0,16-10-2024,27-02-2025,134,0.79
IND00196,Tamil Nadu,Black,Cotton,45,7.1,24.3,230.3,52,1,11-01-2024,28-04-2024,108,0.36
IND00197,Maharashtra,Red,Millet,27.5,6.7,23.1,198.3,86.7,7.1,08-06-2024,10-11-2024,155,0.48
IND00198,Karnataka,Laterite,Rice,34.3,6.2,24.7,40.8,63.4,29.6,21-06-2024,30-10-2024,131,0.87
IND00199,Karnataka,Laterite,Groundnut,34,6.7,34.9,27.1,73,37,20-08-2024,09-01-2025,142,0.39
IND00200,Gujarat,Alluvial,Rice,13.9,6.2,25.3,243.6,40.5,28.2,16-10-2024,11-02-2025,118,0.75
IND00201,Rajasthan,Desert,Millet,24.6,6,32.8,39.8,49.6,31.4,13-01-2024,18-04-2024,96,0.6
IND00202,Maharashtra,Laterite,Groundnut,41.3,7.4,21,140.3,40.8,3.9,15-11-2024,09-03-2025,114,0.8
IND00203,Maharashtra,Black,Wheat,42.3,7.5,34.5,233.2,63.2,16.5,13-04-2024,28-08-2024,137,0.8
IND00204,Haryana,Alluvial,Wheat,19.1,7.3,18.3,57.8,42.4,46.4,10-07-2024,02-12-2024,145,0.85
IND00205,Maharashtra,Black,Wheat,35.2,6,38.1,92.5,78.5,12.6,18-02-2024,02-07-2024,135,0.6
IND00206,Punjab,Alluvial,Pulses,41.1,6.5,24.9,110.2,56,5.9,02-01-2024,20-05-2024,139,0.71
IND00207,Gujarat,Alluvial,Rice,33.2,6.5,19.1,225.1,59.5,0,02-09-2024,23-01-2025,143,0.4
IND00208,Bihar,Alluvial,Pulses,43,6.5,31.8,219.6,56.2,14.3,03-02-2024,30-05-2024,117,0.56
IND00209,Punjab,Alluvial,Rice,23.7,6.6,37.7,47.2,53,45,09-01-2024,27-05-2024,139,0.72
IND00210,Madhya Pradesh,Red,Maize,24.8,6.8,18.2,253.4,40,10.8,22-12-2024,16-05-2025,145,0.78
IND00211,Andhra Pradesh,Black,Wheat,33.5,7.1,30.3,33.2,44.2,5.1,11-06-2024,01-11-2024,143,0.39
IND00212,Karnataka,Black,Sugarcane,31.8,6.2,25.7,299.2,80.2,17.1,02-01-2024,04-05-2024,123,0.56
IND00213,Kerala,Laterite,Rice,18.9,7.6,35.3,164.4,66.3,36.8,16-12-2024,06-04-2025,111,0.7
IND00214,Telangana,Black,Sugarcane,20.9,6.5,18.7,70.4,89.2,22.8,11-09-2024,15-12-2024,95,0.88
IND00215,Punjab,Alluvial,Sugarcane,44.8,6.4,26.3,140.5,50.7,25.4,18-07-2024,18-12-2024,153,0.74
IND00216,Maharashtra,Black,Cotton,28,6.4,29.8,140.9,56.1,18.7,15-12-2024,18-03-2025,93,0.48
IND00217,Odisha,Laterite,Groundnut,24.5,7.5,21.3,71.8,61.8,38.7,08-07-2024,19-11-2024,134,0.86
IND00218,Telangana,Black,Sugarcane,32.6,6.7,24.7,34.8,40.6,11.3,01-03-2024,26-06-2024,117,0.54
IND00219,Odisha,Alluvial,Pulses,18,7.5,21.3,278.6,88.3,28.7,10-08-2024,22-12-2024,134,0.45
IND00220,Gujarat,Alluvial,Maize,15.5,6.7,38.5,225.8,74.4,28.7,14-06-2024,12-09-2024,90,0.63
IND00221,Telangana,Black,Cotton,19.1,6.7,28.4,49.2,83.1,42.9,13-01-2024,29-05-2024,137,0.7
IND00222,West Bengal,Alluvial,Pulses,37.9,7.1,31.2,123.3,55.2,5.1,07-08-2024,09-12-2024,124,0.63
IND00223,Haryana,Alluvial,Maize,28.4,6.7,34.2,175.2,89.4,32.9,08-05-2024,05-10-2024,150,0.55
IND00224,Kerala,Laterite,Groundnut,23.4,6.7,39.2,194.4,84.9,11.6,07-03-2024,14-08-2024,160,0.74
IND00225,Karnataka,Black,Wheat,43.8,7.7,21.8,26.2,89.2,34.2,24-08-2024,18-11-2024,86,0.9
IND00226,Kerala,Laterite,Rice,25.1,6.9,24.7,130.3,79.4,30.2,20-10-2024,19-02-2025,122,0.63
IND00227,Gujarat,Alluvial,Pulses,26,6.5,23.7,174.3,87.8,28.6,10-04-2024,18-07-2024,99,0.56
IND00228,Andhra Pradesh,Black,Sugarcane,41.3,7.2,28.4,101.8,46.2,17.9,07-05-2024,02-08-2024,87,0.85
IND00229,West Bengal,Laterite,Rice,32.5,6.4,36.4,209.1,60.2,23.5,01-02-2024,07-06-2024,127,0.74
IND00230,Andhra Pradesh,Black,Cotton,41.5,6,26.4,25.5,71.2,24.3,05-01-2024,27-04-2024,113,0.58
IND00231,Gujarat,Alluvial,Pulses,18.3,6.6,25.6,266.8,74.4,0,21-06-2024,04-10-2024,105,0.39
IND00232,Kerala,Laterite,Groundnut,34,6.5,31.5,124.8,67.4,27,16-09-2024,23-02-2025,160,0.76
IND00233,Tamil Nadu,Red,Maize,34.9,7.7,25.2,293.6,48.9,12.2,09-04-2024,04-07-2024,86,0.37
IND00234,Haryana,Alluvial,Maize,18.8,7.6,35.1,81.6,81.5,36.4,10-12-2024,16-04-2025,127,0.81
IND00235,Haryana,Alluvial,Pulses,17,7.1,18.9,80,51,12.5,03-09-2024,26-01-2025,145,0.6
IND00236,Andhra Pradesh,Red,Maize,22.1,6.2,19.9,239.2,89.9,0,20-04-2024,16-08-2024,118,0.7
IND00237,Odisha,Laterite,Groundnut,37.6,7.3,35.7,222.5,73.2,0.2,19-08-2024,16-12-2024,119,0.76
IND00238,Kerala,Laterite,Rice,26.3,7.1,33.4,77.7,44.1,12.2,11-02-2024,17-06-2024,127,0.56
IND00239,Madhya Pradesh,Black,Wheat,25,6.2,38.5,62.9,53.6,6.7,01-02-2024,21-06-2024,141,0.66
IND00240,Gujarat,Alluvial,Pulses,34.6,6.4,35.7,127,48.4,19.2,10-03-2024,21-06-2024,103,0.37
IND00241,Kerala,Laterite,Groundnut,25.7,7.4,37.1,260.1,42.1,0,23-01-2024,17-06-2024,146,0.38
IND00242,Kerala,Laterite,Rice,16.4,6.5,26.6,131.3,43.5,42.9,01-10-2024,14-02-2025,136,0.8
IND00243,West Bengal,Laterite,Groundnut,39.4,7.2,27.5,123,53.3,3.4,21-02-2024,12-07-2024,142,0.54
IND00244,Uttar Pradesh,Alluvial,Rice,36.2,6.1,31.8,205,65.5,0.2,08-07-2024,10-10-2024,94,0.55
IND00245,Telangana,Red,Millet,22.9,6.7,23.5,20.4,83.8,13.2,20-12-2024,20-04-2025,121,0.87
IND00246,Odisha,Laterite,Rice,15.6,6.7,21.9,125.6,59.2,23,05-09-2024,17-01-2025,134,0.65
IND00247,Telangana,Black,Cotton,13.4,7.5,39.8,233.6,58.3,31.3,14-12-2024,11-04-2025,118,0.7
IND00248,Punjab,Alluvial,Rice,15.1,7.7,39.9,51.4,49.9,17,24-03-2024,07-07-2024,105,0.52
IND00249,Madhya Pradesh,Black,Sugarcane,33.7,6.4,21.8,91.2,50.5,20.2,06-10-2024,03-03-2025,148,0.77
IND00250,Madhya Pradesh,Red,Pulses,13.8,7.1,25.5,148.9,52.5,32.6,04-10-2024,06-02-2025,125,0.69
IND00251,Bihar,Alluvial,Pulses,16.6,6.2,37.2,45.5,76.9,37.8,07-12-2024,11-03-2025,94,0.63
IND00252,Odisha,Alluvial,Wheat,38.4,7.2,27.3,223.6,75,0,15-09-2024,06-02-2025,144,0.83
IND00253,Kerala,Laterite,Rice,33.5,6.1,26.6,62.4,84,4.1,21-01-2024,12-05-2024,112,0.58
IND00254,Punjab,Alluvial,Sugarcane,16.4,6.4,22.6,259.7,54,2.4,08-10-2024,28-02-2025,143,0.87
IND00255,Bihar,Alluvial,Sugarcane,38.6,7.7,18.5,266.9,64.7,3.8,21-09-2024,24-12-2024,94,0.69
IND00256,Telangana,Red,Millet,39.1,6.7,28.9,104.3,45.6,24.7,15-06-2024,27-09-2024,104,0.64
IND00257,Rajasthan,Desert,Millet,23,6.9,32,218.8,51.3,12.3,20-10-2024,08-03-2025,139,0.88
IND00258,Uttar Pradesh,Alluvial,Wheat,43.7,6.6,19.4,288.9,57.3,2,13-10-2024,12-01-2025,91,0.7
IND00259,Odisha,Laterite,Groundnut,43.9,7.5,35.3,86.6,87,0,06-08-2024,28-12-2024,144,0.35
IND00260,Kerala,Laterite,Rice,32,6.4,37.3,215.1,49.3,7.6,18-09-2024,30-12-2024,103,0.75
IND00261,Karnataka,Black,Sugarcane,13.4,6.1,28.5,203.2,62.3,31.8,09-07-2024,17-11-2024,131,0.72
IND00262,Gujarat,Alluvial,Wheat,27.5,6.1,25,262.2,70.5,15.4,21-05-2024,15-09-2024,117,0.5
IND00263,Bihar,Alluvial,Rice,22.5,6.6,33.6,77.7,47.7,29.3,06-04-2024,30-08-2024,146,0.89
IND00264,West Bengal,Alluvial,Pulses,27.2,6.9,33.7,236.6,61.4,29.5,18-08-2024,24-11-2024,98,0.68
IND00265,Karnataka,Black,Cotton,40.1,7.5,20.2,198.9,89.6,19.9,14-10-2024,26-01-2025,104,0.48
IND00266,Haryana,Alluvial,Rice,16,6.3,31.3,294.5,71.3,7.8,17-02-2024,09-07-2024,143,0.57
IND00267,Rajasthan,Desert,Millet,20.2,6.4,39.6,87.5,72.4,5.1,25-07-2024,28-10-2024,95,0.52
IND00268,West Bengal,Laterite,Groundnut,34.6,7.6,34.1,92.2,74.3,19.5,18-11-2024,19-03-2025,121,0.53
IND00269,Odisha,Alluvial,Pulses,14.2,7,26.9,186.6,44,6.9,25-02-2024,24-06-2024,120,0.77
IND00270,Maharashtra,Laterite,Groundnut,14.2,6.6,28.8,154.1,67.8,35.8,11-06-2024,29-10-2024,140,0.46
IND00271,West Bengal,Alluvial,Pulses,18.5,7.7,37.5,203.7,66.5,1,23-03-2024,06-08-2024,136,0.89
IND00272,Telangana,Black,Wheat,21.7,7.8,24.3,45.2,63.7,23.1,15-08-2024,15-12-2024,122,0.82
IND00273,Tamil Nadu,Black,Sugarcane,12.7,7.4,32.5,98,58.5,10.8,01-04-2024,21-07-2024,111,0.42
IND00274,Bihar,Alluvial,Wheat,27.9,6.6,37.4,54.7,57,23.3,21-11-2024,10-04-2025,140,0.38
IND00275,Karnataka,Red,Maize,29.9,6.3,29.1,20.7,50.4,7.6,11-11-2024,28-03-2025,137,0.85
IND00276,Punjab,Alluvial,Maize,21.2,6.1,18.6,81.3,48.4,31,14-02-2024,07-06-2024,114,0.54
IND00277,Uttar Pradesh,Alluvial,Wheat,24.6,7.6,37.3,287.8,46.7,0,21-04-2024,10-08-2024,111,0.49
IND00278,Tamil Nadu,Black,Cotton,23.1,6.2,35.8,131.9,42.6,27.8,10-08-2024,15-01-2025,158,0.83
IND00279,Punjab,Alluvial,Wheat,23.2,7,29.4,134,78.5,28.3,02-09-2024,08-01-2025,128,0.52
IND00280,Odisha,Alluvial,Maize,43.4,6.7,18,22.6,74.5,34.1,19-03-2024,05-08-2024,139,0.51
IND00281,Gujarat,Black,Sugarcane,23.2,6.9,33.7,184.2,57.3,0,06-11-2024,28-02-2025,114,0.78
IND00282,Uttar Pradesh,Alluvial,Maize,26.5,6.9,30.6,28.4,79.7,20.7,20-11-2024,08-03-2025,108,0.51
IND00283,Andhra Pradesh,Red,Groundnut,14.4,6.9,25.7,87,80.4,42.3,11-02-2024,05-06-2024,115,0.36
IND00284,Andhra Pradesh,Black,Cotton,20.9,6.2,37.2,99.9,67.3,8.6,08-02-2024,23-06-2024,136,0.66
IND00285,Maharashtra,Black,Wheat,21.4,6.5,32.4,77.1,73.5,15.1,06-08-2024,14-11-2024,100,0.43
IND00286,Tamil Nadu,Laterite,Rice,21.9,7.5,35.6,296.4,54,6.4,17-05-2024,14-10-2024,150,0.8
IND00287,Haryana,Alluvial,Sugarcane,32.7,6.6,33.6,204.8,41.7,2.3,20-08-2024,17-01-2025,150,0.62
IND00288,Gujarat,Alluvial,Maize,40,6.8,35.3,289.9,88.8,0,09-06-2024,04-11-2024,148,0.4
IND00289,Karnataka,Red,Pulses,32.6,6.4,26.9,286.4,80.4,8.2,05-03-2024,11-07-2024,128,0.67
IND00290,Rajasthan,Alluvial,Rice,33.4,7.6,27,102.6,54.6,9.7,11-02-2024,13-05-2024,92,0.7
IND00291,Haryana,Alluvial,Sugarcane,34.6,6.3,31.3,200.7,69.4,5.3,18-05-2024,15-08-2024,89,0.36
IND00292,Bihar,Alluvial,Maize,35.9,6.8,38.9,266.8,70.9,0,11-12-2024,31-03-2025,110,0.55
IND00293,Madhya Pradesh,Red,Maize,42.6,7.4,24.3,224.4,41,0,01-01-2024,06-04-2024,96,0.63
IND00294,Odisha,Laterite,Rice,30.4,6.6,20.7,226.5,40.7,18.4,11-03-2024,05-06-2024,86,0.88
IND00295,Uttar Pradesh,Alluvial,Rice,25.3,6.2,20.6,253.6,77.3,14.3,21-02-2024,17-05-2024,86,0.89
IND00296,Uttar Pradesh,Alluvial,Pulses,16.8,6.2,39.4,114.6,85.6,5.3,03-03-2024,28-05-2024,86,0.44
IND00297,Maharashtra,Laterite,Rice,18.8,6.1,34.3,105.5,61.7,38.2,18-07-2024,21-12-2024,156,0.76
IND00298,Gujarat,Alluvial,Maize,37.9,7.7,36.4,272.9,73.4,9.1,22-08-2024,16-01-2025,147,0.58
IND00299,Uttar Pradesh,Alluvial,Maize,40,7.5,32.9,103.7,88,0.1,03-04-2024,07-09-2024,157,0.63
IND00300,Uttar Pradesh,Alluvial,Sugarcane,25.3,7,36.1,109,54.9,11.2,25-10-2024,27-01-2025,94,0.61
IND00301,Madhya Pradesh,Black,Cotton,42.1,7.1,23.4,123.6,50.1,14.1,16-12-2024,02-04-2025,107,0.66
IND00302,Rajasthan,Alluvial,Sugarcane,37.1,6.2,25.6,153.2,58.7,0,25-04-2024,22-09-2024,150,0.8
IND00303,Karnataka,Laterite,Rice,29.7,6.8,32.5,39.7,85.1,30.2,10-04-2024,07-08-2024,119,0.41
IND00304,Maharashtra,Red,Maize,18,7.2,24.7,145.3,48.2,30.3,02-02-2024,27-06-2024,146,0.5
IND00305,Odisha,Laterite,Rice,14.2,7.3,19.3,193.6,56.3,21.5,23-03-2024,06-08-2024,136,0.44
IND00306,Tamil Nadu,Laterite,Groundnut,29.7,6.7,32.4,264.5,61.9,5.6,18-08-2024,20-11-2024,94,0.51
IND00307,Bihar,Alluvial,Sugarcane,29.7,7.1,18.9,231.9,44.4,22.8,01-01-2024,24-04-2024,114,0.88
IND00308,Bihar,Alluvial,Rice,44.4,6.9,26.7,205.8,60.5,21.2,18-04-2024,22-07-2024,95,0.9
IND00309,Uttar Pradesh,Alluvial,Maize,18.7,7.2,24.1,200.2,48.2,32.7,13-04-2024,20-07-2024,98,0.51
IND00310,Madhya Pradesh,Black,Cotton,20.8,7.5,19.4,46.1,50.7,9.8,04-08-2024,30-12-2024,148,0.66
IND00311,Telangana,Black,Sugarcane,32.5,7.5,37.8,257.3,47.6,0,10-03-2024,05-07-2024,117,0.39
IND00312,Karnataka,Red,Groundnut,20.8,7.1,38.5,174,75.9,31.4,25-02-2024,13-07-2024,139,0.57
IND00313,Haryana,Alluvial,Rice,19.5,6.7,21,47.2,43.8,18.3,08-08-2024,11-12-2024,125,0.69
IND00314,Telangana,Red,Pulses,18.2,7.4,27.6,76,43.4,20.7,12-05-2024,16-10-2024,157,0.69
IND00315,Uttar Pradesh,Alluvial,Rice,38,6.8,34.6,250.1,63,0,06-05-2024,02-09-2024,119,0.78
IND00316,Telangana,Red,Pulses,36.3,6.4,18.3,61.5,53.2,16.7,14-07-2024,09-11-2024,118,0.81
IND00317,Telangana,Red,Millet,19.2,6.7,39.6,62.8,83.8,25.3,17-02-2024,09-07-2024,143,0.85
IND00318,Madhya Pradesh,Black,Cotton,42.7,6.9,32.2,198.9,56,21.9,11-06-2024,15-10-2024,126,0.7
IND00319,Rajasthan,Alluvial,Rice,25.2,7.3,22.3,78.4,53.4,10,14-02-2024,13-07-2024,150,0.65
IND00320,Bihar,Alluvial,Rice,26.1,6.1,31.4,145,40.4,36.8,23-12-2024,09-05-2025,137,0.67
IND00321,Punjab,Alluvial,Sugarcane,44.6,7.2,19.2,60.8,82.4,0,03-03-2024,10-07-2024,129,0.53
IND00322,Odisha,Alluvial,Pulses,26,7.3,31.3,180.2,75.1,15.6,08-07-2024,04-10-2024,88,0.82
IND00323,Gujarat,Alluvial,Pulses,22.8,7.5,27.4,187.1,81.3,18.8,02-05-2024,07-10-2024,158,0.64
IND00324,Rajasthan,Alluvial,Rice,32.8,6.9,24.4,117.8,40.8,36.1,07-05-2024,29-09-2024,145,0.81
IND00325,Gujarat,Alluvial,Rice,34.1,7.3,34,120.3,66,0,24-12-2024,21-04-2025,118,0.58
IND00326,Madhya Pradesh,Red,Groundnut,16.5,6.4,34.2,283.4,77.2,4.5,07-09-2024,29-01-2025,144,0.55
IND00327,Gujarat,Black,Wheat,31.2,7.3,22.1,185.3,76.1,0,20-10-2024,06-02-2025,109,0.37
IND00328,West Bengal,Laterite,Groundnut,32.5,7.2,20.8,25.5,49.9,26.6,11-03-2024,30-07-2024,141,0.68
IND00329,Andhra Pradesh,Red,Groundnut,42,7.1,28.6,79.9,51.2,3.9,09-06-2024,12-09-2024,95,0.77
IND00330,Bihar,Alluvial,Pulses,22.6,7.7,30.5,60.6,63.4,13.5,01-06-2024,30-08-2024,90,0.86
IND00331,Telangana,Red,Pulses,20.3,7.6,24.5,34.8,71.3,44.3,02-05-2024,03-10-2024,154,0.83
IND00332,Maharashtra,Red,Maize,42.2,6.2,32.3,92.5,70.2,18.7,10-03-2024,29-06-2024,111,0.63
IND00333,Bihar,Alluvial,Rice,18.3,7.5,37,260.4,49.9,1.8,18-06-2024,06-11-2024,141,0.54
IND00334,Punjab,Alluvial,Maize,21.3,7.3,33.2,242.4,60.4,27.1,19-08-2024,29-11-2024,102,0.48
IND00335,Maharashtra,Laterite,Groundnut,24.2,7.1,37,47.4,72.1,36.5,20-10-2024,26-01-2025,98,0.9
IND00336,Telangana,Red,Pulses,30.6,7.4,22.7,65.8,52.4,32.7,03-08-2024,27-11-2024,116,0.54
IND00337,Kerala,Laterite,Rice,26.2,6.2,27.5,298.4,73.2,0,05-07-2024,06-11-2024,124,0.86
IND00338,Bihar,Alluvial,Maize,13.7,6.9,33.8,88.4,76.8,45.3,17-01-2024,15-04-2024,89,0.9
IND00339,West Bengal,Laterite,Rice,24.2,7.4,36.8,231.2,54,30.8,05-01-2024,28-04-2024,114,0.7
IND00340,Andhra Pradesh,Red,Pulses,19,6.6,39.5,184,74.2,16.8,04-02-2024,13-05-2024,99,0.65
IND00341,Uttar Pradesh,Alluvial,Wheat,42.7,6.6,28,230.3,42,18.8,04-07-2024,05-12-2024,154,0.4
IND00342,Rajasthan,Alluvial,Maize,22.2,6.9,25.3,222.7,42.6,8.7,16-06-2024,10-11-2024,147,0.48
IND00343,Rajasthan,Alluvial,Wheat,28.5,7.6,29.9,133.2,67.9,12.4,01-07-2024,30-10-2024,121,0.4
IND00344,Karnataka,Laterite,Groundnut,19.3,6.6,20.3,287.1,41.4,6.3,06-08-2024,21-12-2024,137,0.42
IND00345,Kerala,Laterite,Groundnut,36.6,6.3,32.4,227,83.7,11.4,20-11-2024,12-03-2025,112,0.75
IND00346,Rajasthan,Desert,Millet,25,7.3,24.7,97.5,70.4,7.5,12-08-2024,08-11-2024,88,0.44
IND00347,Telangana,Red,Maize,28,6.9,37.5,40.4,88.3,17.8,20-04-2024,31-07-2024,102,0.43
IND00348,Kerala,Laterite,Groundnut,28.4,7.5,31,216.4,85.8,5.4,09-01-2024,07-06-2024,150,0.46
IND00349,Karnataka,Black,Sugarcane,42.8,6.1,23.1,30.5,87,24.9,18-05-2024,25-08-2024,99,0.73
IND00350,Maharashtra,Black,Wheat,34.8,6.1,20.4,268.3,77.9,0,13-01-2024,12-06-2024,151,0.85
IND00351,Haryana,Alluvial,Pulses,24.6,6.6,18.4,60.9,72.3,23.1,10-05-2024,21-09-2024,134,0.5
IND00352,Bihar,Alluvial,Pulses,43,6.5,39.6,122.7,70,31.5,18-06-2024,10-10-2024,114,0.86
IND00353,Bihar,Alluvial,Wheat,17.8,6.8,27.4,182.4,49,8,09-04-2024,28-07-2024,110,0.54
IND00354,Odisha,Alluvial,Maize,30.9,6.4,27.7,103,83,38.9,08-11-2024,01-02-2025,85,0.72
IND00355,Karnataka,Black,Wheat,20.1,7.1,27.2,231.6,79.6,8.3,18-05-2024,27-08-2024,101,0.59
IND00356,Haryana,Alluvial,Pulses,30.5,7.6,25.4,244,45.8,0,02-03-2024,09-07-2024,129,0.68
IND00357,Madhya Pradesh,Black,Cotton,31.1,7.6,34.8,284.3,65.7,0,20-07-2024,13-10-2024,85,0.55
IND00358,Andhra Pradesh,Red,Pulses,30.4,7.7,27.7,130.8,59,29.4,15-10-2024,14-03-2025,150,0.78
IND00359,Karnataka,Black,Wheat,22.8,6.2,30,203,59.7,2,13-11-2024,09-03-2025,116,0.72
IND00360,Gujarat,Alluvial,Sugarcane,24.9,7.4,22.9,168.6,89.7,5.5,07-12-2024,17-04-2025,131,0.81
IND00361,Madhya Pradesh,Black,Wheat,43.4,7.3,31.8,148.8,77,6.4,08-11-2024,01-02-2025,85,0.61
IND00362,Karnataka,Red,Millet,33.2,7.6,38.7,220.2,59,0,07-11-2024,14-03-2025,127,0.59
IND00363,Odisha,Laterite,Groundnut,29.1,6,38.6,217.2,50.5,2.1,20-10-2024,28-02-2025,131,0.48
IND00364,Punjab,Alluvial,Rice,16.5,7.8,24,133.9,60.6,22.2,25-08-2024,20-01-2025,148,0.83
IND00365,Bihar,Alluvial,Pulses,17.9,6.3,39.2,89.5,73.1,44.5,02-01-2024,07-04-2024,96,0.66
IND00366,Bihar,Alluvial,Maize,40.9,7.5,20.1,210.9,87.5,0,09-07-2024,25-11-2024,139,0.68
IND00367,Karnataka,Black,Wheat,37.9,6.9,28.9,89,44.6,0,08-07-2024,05-12-2024,150,0.39
IND00368,Rajasthan,Alluvial,Wheat,35.4,6.8,38,168.9,65.4,0,17-08-2024,08-01-2025,144,0.74
IND00369,Punjab,Alluvial,Sugarcane,24.8,7.8,25.7,282.7,57.9,19.7,04-08-2024,27-12-2024,145,0.45
IND00370,Telangana,Red,Pulses,22.2,7.1,26.8,234,53.8,30.4,11-01-2024,29-04-2024,109,0.89
IND00371,Maharashtra,Laterite,Rice,35,7,25.3,265.5,65.9,0,17-09-2024,21-12-2024,95,0.58
IND00372,Odisha,Laterite,Rice,30.3,7.2,19,37.1,46.8,18.3,24-03-2024,17-08-2024,146,0.36
IND00373,Bihar,Alluvial,Wheat,16.4,7.7,30.1,90.8,53.8,8.4,06-02-2024,11-07-2024,156,0.66
IND00374,Bihar,Alluvial,Rice,12.6,6.4,24.8,293.4,73.6,27.6,12-09-2024,07-02-2025,148,0.74
IND00375,Andhra Pradesh,Red,Maize,32.8,6.8,19.3,296.5,58.7,0,03-02-2024,29-05-2024,116,0.53
IND00376,Uttar Pradesh,Alluvial,Rice,42,6.4,38.1,174.8,71,1.1,09-10-2024,27-02-2025,141,0.82
IND00377,Bihar,Alluvial,Pulses,25.3,7.2,36,116.4,79.2,14.3,01-11-2024,05-04-2025,155,0.83
IND00378,Rajasthan,Alluvial,Rice,43.3,7.5,34.2,65.5,66.3,6.1,16-10-2024,10-02-2025,117,0.75
IND00379,Uttar Pradesh,Alluvial,Sugarcane,20.9,7.7,18.3,298.7,60.6,3.2,09-05-2024,06-09-2024,120,0.5
IND00380,Kerala,Laterite,Groundnut,30.1,7.6,32.2,46.4,45.5,28.3,13-08-2024,06-11-2024,85,0.56
IND00381,Telangana,Black,Cotton,40.3,6.1,18.1,133.4,83.6,21.4,02-03-2024,02-06-2024,92,0.47
IND00382,Tamil Nadu,Laterite,Groundnut,24.1,7.3,27.1,165,44,27.5,16-06-2024,17-09-2024,93,0.85
IND00383,Telangana,Red,Groundnut,14.9,7.5,21.7,59.7,65.7,34.9,05-09-2024,11-12-2024,97,0.54
IND00384,Kerala,Laterite,Groundnut,16,7.6,30.4,128.3,53.5,38.6,19-05-2024,14-10-2024,148,0.48
IND00385,Tamil Nadu,Black,Cotton,12.7,6.8,24.6,294,43.2,0,16-06-2024,03-10-2024,109,0.35
IND00386,Telangana,Black,Wheat,32,7.6,30.4,112.7,89.1,8.8,11-04-2024,09-08-2024,120,0.72
IND00387,Madhya Pradesh,Red,Maize,24.6,7.3,19.2,134.5,59.4,33.1,12-05-2024,08-08-2024,88,0.67
IND00388,Kerala,Laterite,Rice,38.9,6.3,32.2,119.4,85,19.6,14-05-2024,02-10-2024,141,0.63
IND00389,Andhra Pradesh,Red,Maize,34.4,7.2,32.1,37.4,57,23.7,13-10-2024,12-03-2025,150,0.38
IND00390,Haryana,Alluvial,Rice,30.1,7.5,26.9,85.9,61.4,26.6,05-03-2024,03-06-2024,90,0.68
IND00391,Andhra Pradesh,Red,Pulses,42.1,7.5,28.1,172.6,60.9,0,10-03-2024,07-07-2024,119,0.68
IND00392,Punjab,Alluvial,Maize,32.1,7.2,26.5,290.3,64.7,0,19-02-2024,23-07-2024,155,0.43
IND00393,Rajasthan,Alluvial,Maize,16.6,6.9,19.1,22.1,78.2,41.1,19-09-2024,17-02-2025,151,0.4
IND00394,Maharashtra,Red,Pulses,44,7.5,32.2,29.1,52.2,0.8,10-12-2024,11-03-2025,91,0.67
IND00395,Kerala,Laterite,Groundnut,20.3,6.3,38.4,210.1,47.4,15.7,25-10-2024,01-02-2025,99,0.71
IND00396,Punjab,Alluvial,Wheat,12.5,7.3,32.2,114.6,44.1,27.4,15-06-2024,20-09-2024,97,0.39
IND00397,Andhra Pradesh,Red,Groundnut,23.7,7.2,27.9,71.3,54.4,43.2,08-11-2024,31-03-2025,143,0.67
IND00398,Tamil Nadu,Red,Maize,44.3,7.7,35.7,191.4,68.3,0,22-07-2024,23-11-2024,124,0.49
IND00399,Odisha,Alluvial,Sugarcane,34.4,6.6,33,101.8,52.5,27,15-02-2024,01-06-2024,107,0.79
IND00400,Gujarat,Alluvial,Rice,15.4,6.1,27.9,264,86,0.9,22-05-2024,28-09-2024,129,0.88
IND00401,Karnataka,Red,Groundnut,29.7,7,22.3,104,80.1,32.4,22-10-2024,10-03-2025,139,0.86
IND00402,Punjab,Alluvial,Sugarcane,12.4,7,26.2,99.4,53.2,33.2,08-01-2024,16-06-2024,160,0.51
IND00403,Uttar Pradesh,Alluvial,Rice,16.1,6.6,31.7,287,80.5,6.8,13-08-2024,12-01-2025,152,0.57
IND00404,Kerala,Laterite,Rice,41.9,6.4,29.8,179.5,50.5,7.1,04-06-2024,11-11-2024,160,0.75
IND00405,Kerala,Laterite,Rice,15.7,7,30.5,142.4,55.9,12.5,20-05-2024,11-10-2024,144,0.86
IND00406,Gujarat,Alluvial,Rice,43.7,7.5,39.3,153.6,41.8,22.5,06-10-2024,21-02-2025,138,0.84
IND00407,Maharashtra,Black,Wheat,17.6,7.5,26.8,83.5,70.1,19.8,12-05-2024,03-10-2024,144,0.47
IND00408,Andhra Pradesh,Black,Cotton,42.3,7.4,35.5,32.1,87.1,26.9,21-05-2024,17-09-2024,119,0.81
IND00409,Rajasthan,Desert,Millet,18.8,6.2,24,132.4,43.9,40.5,23-01-2024,28-06-2024,157,0.66
IND00410,Karnataka,Red,Maize,15.1,6.5,26.1,176.6,44.8,10.1,14-12-2024,17-04-2025,124,0.5
IND00411,Karnataka,Black,Sugarcane,34,6.8,20.4,49.8,71.3,38.9,09-08-2024,08-12-2024,121,0.8
IND00412,Bihar,Alluvial,Wheat,27.9,7.4,33,103.8,43.8,20.4,20-03-2024,23-08-2024,156,0.83
IND00413,Maharashtra,Black,Sugarcane,39.5,6.5,26.2,173.2,47.7,0,02-01-2024,28-05-2024,147,0.61
IND00414,Gujarat,Alluvial,Wheat,21.3,7.8,21,129.9,73.3,38.3,18-12-2024,02-04-2025,105,0.82
IND00415,Punjab,Alluvial,Rice,20.3,7.3,39.3,85.6,48.6,15.5,10-10-2024,02-03-2025,143,0.59
IND00416,Kerala,Laterite,Groundnut,12.3,7.2,18.9,126.3,52.8,30.1,04-11-2024,27-03-2025,143,0.8
IND00417,Telangana,Red,Millet,39.7,6.6,18.1,30.9,52.9,35.4,22-01-2024,26-05-2024,125,0.9
IND00418,West Bengal,Laterite,Groundnut,21.6,6.3,18.2,192,77.4,0,06-08-2024,06-12-2024,122,0.74
IND00419,Maharashtra,Black,Cotton,24.3,7,27.2,58.9,41.7,33.1,20-09-2024,25-02-2025,158,0.69
IND00420,Punjab,Alluvial,Rice,40.1,7.4,26,54,44.9,17.8,16-07-2024,10-10-2024,86,0.6
IND00421,Haryana,Alluvial,Wheat,26.6,6.6,38.7,249,66.7,15.4,12-01-2024,08-06-2024,148,0.52
IND00422,Telangana,Red,Millet,24.6,6.9,29.2,256.1,85.3,2.8,17-04-2024,31-08-2024,136,0.8
IND00423,Haryana,Alluvial,Maize,38.9,6.9,20.4,60.1,85.1,22.8,18-12-2024,16-03-2025,88,0.49
IND00424,Gujarat,Black,Sugarcane,18.3,6.1,32.2,222,77.5,15,13-04-2024,23-08-2024,132,0.74
IND00425,Odisha,Laterite,Groundnut,24.7,6.7,31.3,27.6,79,23.4,08-05-2024,20-09-2024,135,0.75
IND00426,Bihar,Alluvial,Sugarcane,29,6.7,18.9,85.7,54.2,5.1,19-10-2024,15-01-2025,88,0.61
IND00427,Andhra Pradesh,Black,Sugarcane,26.4,6.7,26.6,195.6,81.2,33.3,05-02-2024,06-07-2024,152,0.72
IND00428,Rajasthan,Alluvial,Maize,13.2,7.8,29,158.8,43.7,3.9,11-09-2024,10-02-2025,152,0.46
IND00429,Rajasthan,Desert,Millet,20,6.3,33.7,123.7,42.4,5.9,11-10-2024,02-03-2025,142,0.59
IND00430,Odisha,Laterite,Groundnut,42.5,6.4,22.4,189.2,47.9,0,20-04-2024,22-07-2024,93,0.76
IND00431,Maharashtra,Red,Millet,44.9,7.4,22.7,290.3,59.6,9.8,14-12-2024,20-03-2025,96,0.61
IND00432,Rajasthan,Desert,Millet,29.4,6.5,18.3,111.9,74.9,38.6,20-02-2024,24-07-2024,155,0.74
IND00433,Telangana,Red,Millet,40.8,7,23.5,42.6,76.3,30.1,19-10-2024,26-02-2025,130,0.56
IND00434,Gujarat,Black,Wheat,19,6.4,35.8,175.3,75.3,32.9,19-01-2024,23-05-2024,125,0.71
IND00435,Karnataka,Red,Groundnut,34.3,6.7,23.3,67.5,81.6,33.4,11-02-2024,11-05-2024,90,0.9
IND00436,Kerala,Laterite,Rice,44,7.7,26.5,108.4,49.6,19.3,14-12-2024,26-04-2025,133,0.54
IND00437,Maharashtra,Black,Cotton,14.4,6.4,29.2,161.2,45.9,32,11-06-2024,31-10-2024,142,0.6
IND00438,Gujarat,Alluvial,Maize,29.6,7,23.9,264.8,77.4,11.5,11-01-2024,07-04-2024,87,0.66
IND00439,Tamil Nadu,Black,Wheat,34.4,7.4,27.7,96.1,83.6,4.3,05-12-2024,31-03-2025,116,0.6
IND00440,Telangana,Red,Pulses,35.7,7.1,32.6,219.5,88.4,0,02-08-2024,24-11-2024,114,0.65
IND00441,West Bengal,Laterite,Groundnut,21.4,7.2,29.7,185.1,72.2,14.2,25-02-2024,30-07-2024,156,0.37
IND00442,Karnataka,Red,Millet,20.4,6.1,19.3,98.1,54.4,17,11-07-2024,09-11-2024,121,0.78
IND00443,Rajasthan,Desert,Millet,23.6,7.6,37.5,188,79.2,29.7,03-03-2024,04-08-2024,154,0.47
IND00444,Gujarat,Black,Sugarcane,26.5,7.6,27.8,204.4,78.2,33,10-12-2024,19-03-2025,99,0.7
IND00445,Uttar Pradesh,Alluvial,Pulses,22.8,7.6,28,265,84.9,12.9,19-01-2024,04-05-2024,106,0.54
IND00446,Punjab,Alluvial,Wheat,25.9,6.6,27.7,173.7,67.4,6.4,01-03-2024,12-07-2024,133,0.75
IND00447,Rajasthan,Alluvial,Wheat,18.6,6.4,31.9,195,86.9,3.1,06-11-2024,25-03-2025,139,0.73
IND00448,Telangana,Black,Wheat,20,7.1,34,103.7,48.6,26.5,08-03-2024,14-07-2024,128,0.51
IND00449,Karnataka,Red,Groundnut,33.8,6,21.3,257.4,54,15.4,19-12-2024,20-05-2025,152,0.68
IND00450,Rajasthan,Alluvial,Pulses,43,6.3,28,151.4,67.4,0,08-11-2024,31-03-2025,143,0.68
IND00451,Telangana,Red,Maize,15.3,7.1,20.5,122.8,48.9,33.1,19-11-2024,19-04-2025,151,0.39
IND00452,Telangana,Black,Sugarcane,13.8,6.8,25.2,63.6,87.3,13.5,15-06-2024,24-09-2024,101,0.88
IND00453,Punjab,Alluvial,Maize,39.4,6.2,21.8,265.8,87.7,9.3,17-08-2024,17-01-2025,153,0.83
IND00454,Rajasthan,Desert,Millet,23,6.5,33.7,157.1,60,18.4,04-01-2024,18-04-2024,105,0.77
IND00455,Madhya Pradesh,Red,Pulses,18.3,7.8,31.2,200.6,89.9,35.2,24-01-2024,25-04-2024,92,0.41
IND00456,Haryana,Alluvial,Maize,29,6.4,21.8,174.9,68.5,0,06-09-2024,06-01-2025,122,0.7
IND00457,Bihar,Alluvial,Pulses,25.2,6.8,22.3,153.5,43,33,11-05-2024,09-09-2024,121,0.88
IND00458,Rajasthan,Alluvial,Maize,19,7.5,35.8,95.1,70.9,40.2,08-07-2024,31-10-2024,115,0.62
IND00459,Gujarat,Black,Sugarcane,17.4,7,24.2,282,81.9,0,10-06-2024,18-10-2024,130,0.61
IND00460,Uttar Pradesh,Alluvial,Wheat,12.6,6.7,34.8,166.3,80.2,41,09-10-2024,03-01-2025,86,0.74
IND00461,Telangana,Black,Wheat,41.8,6.5,26.6,130.9,62.7,0,12-01-2024,31-05-2024,140,0.59
IND00462,Tamil Nadu,Black,Sugarcane,30.6,6.2,34.6,98.1,61.4,36.6,07-10-2024,10-03-2025,154,0.76
IND00463,West Bengal,Alluvial,Sugarcane,31.5,6,36.1,107.3,47.4,6.7,19-01-2024,04-06-2024,137,0.78
IND00464,Telangana,Red,Maize,22.1,7,32.1,292.9,45.9,9.7,17-10-2024,26-01-2025,101,0.66
IND00465,Haryana,Alluvial,Rice,27.4,6.3,37.3,228.3,40.9,0,22-01-2024,11-05-2024,110,0.55
IND00466,Andhra Pradesh,Black,Cotton,37.4,7.8,21.7,64.1,49.1,1.4,20-04-2024,23-08-2024,125,0.36
IND00467,Haryana,Alluvial,Pulses,14.3,6.1,34.1,234.4,78.9,0,11-08-2024,17-12-2024,128,0.49
IND00468,Tamil Nadu,Black,Wheat,33.7,7.5,37.8,247.8,84.4,2.4,05-02-2024,14-06-2024,130,0.51
IND00469,Punjab,Alluvial,Wheat,24.5,6.2,39.1,297.1,57.6,0,02-11-2024,07-03-2025,125,0.45
IND00470,Andhra Pradesh,Black,Sugarcane,18.9,7.2,34,279.7,51,18.9,11-02-2024,16-05-2024,95,0.55
IND00471,Tamil Nadu,Black,Wheat,29.4,6.7,26.6,167.5,43.1,0.6,21-03-2024,01-07-2024,102,0.69
IND00472,Karnataka,Laterite,Rice,36.4,6.2,26.1,256.2,57.1,17.6,15-02-2024,10-05-2024,85,0.64
IND00473,Rajasthan,Alluvial,Rice,20.4,6.1,19.7,114,59.3,20.8,06-07-2024,20-11-2024,137,0.5
IND00474,Maharashtra,Black,Sugarcane,27.8,7.7,30.2,160.2,48.5,28.5,03-02-2024,18-06-2024,136,0.46
IND00475,Andhra Pradesh,Black,Wheat,18.6,6.7,27.2,32.4,56.3,33.6,21-05-2024,31-08-2024,102,0.42
IND00476,Gujarat,Alluvial,Sugarcane,31,7.1,23.8,297.8,56.9,14.8,08-05-2024,11-10-2024,156,0.63
IND00477,Telangana,Black,Wheat,36.7,6.8,18.5,135.9,70.9,0,25-04-2024,17-08-2024,114,0.85
IND00478,Uttar Pradesh,Alluvial,Wheat,24.4,6.8,18.9,137.2,89.3,7.1,05-12-2024,09-04-2025,125,0.85
IND00479,Bihar,Alluvial,Maize,17.2,6.3,39.5,205.1,44.2,26.3,01-08-2024,06-12-2024,127,0.51
IND00480,Haryana,Alluvial,Wheat,18.5,7.5,32.5,108.4,61.4,21.5,12-10-2024,13-02-2025,124,0.54
IND00481,Punjab,Alluvial,Pulses,30.2,6.9,25.3,195.4,79.6,19,10-08-2024,09-12-2024,121,0.38
IND00482,Gujarat,Black,Sugarcane,14.4,7.7,35,101.7,47.3,14,23-12-2024,06-04-2025,104,0.85
IND00483,Karnataka,Red,Millet,18.7,7.1,35,263.4,43.4,27.5,01-10-2024,27-01-2025,118,0.67
IND00484,Maharashtra,Laterite,Groundnut,41,6.1,19.8,82.6,76.1,10.7,07-08-2024,07-11-2024,92,0.39
IND00485,Telangana,Red,Groundnut,39.4,6.4,35.9,81,78,15.1,12-10-2024,14-02-2025,125,0.47
IND00486,Uttar Pradesh,Alluvial,Wheat,21.4,7.1,20.2,112,65.2,39.4,23-10-2024,26-02-2025,126,0.88
IND00487,Punjab,Alluvial,Sugarcane,34.3,7.1,33.6,69.3,48.9,21.7,22-11-2024,20-04-2025,149,0.74
IND00488,Andhra Pradesh,Red,Groundnut,33.5,6.5,36.1,171.6,54.6,9.8,11-10-2024,19-02-2025,131,0.46
IND00489,Karnataka,Laterite,Groundnut,35.6,6.6,33.9,207.3,44.2,23.2,15-02-2024,18-05-2024,93,0.38
IND00490,Andhra Pradesh,Red,Pulses,22.6,7.2,29.2,135,74.2,21.1,14-10-2024,19-01-2025,97,0.81
IND00491,Rajasthan,Alluvial,Sugarcane,32.4,7.5,31.5,124.1,69.9,31.8,15-09-2024,28-01-2025,135,0.76
IND00492,Madhya Pradesh,Red,Pulses,20.7,7.7,35.9,59.1,73.5,42.6,14-05-2024,21-08-2024,99,0.48
IND00493,Kerala,Laterite,Groundnut,18,6.7,23.8,250.8,58.5,30.7,23-12-2024,29-04-2025,127,0.54
IND00494,Maharashtra,Black,Sugarcane,27.6,7.6,38.3,124.5,74.1,35.8,09-03-2024,16-06-2024,99,0.66
IND00495,Gujarat,Alluvial,Pulses,30.5,6.9,18.3,243.4,87.6,14.5,14-05-2024,29-09-2024,138,0.47
IND00496,Tamil Nadu,Laterite,Groundnut,38.7,7.6,38.3,200.9,66.8,2.2,21-12-2024,03-05-2025,133,0.53
IND00497,Telangana,Red,Maize,20.7,7.7,30.3,274.5,44.8,1.9,01-10-2024,15-02-2025,137,0.45
IND00498,Rajasthan,Desert,Millet,18.8,6.2,36.9,43.3,50.9,37.9,22-11-2024,15-02-2025,85,0.72
IND00499,Odisha,Laterite,Groundnut,21.7,6,35.6,209,77.8,4.1,22-02-2024,29-05-2024,97,0.87
IND00500,Bihar,Alluvial,Rice,12.9,6.3,37.1,180.3,60.6,35.4,13-02-2024,22-06-2024,130,0.89
IND00501,Haryana,Alluvial,Sugarcane,29.2,7,33.9,107.9,86.3,5.8,01-07-2024,05-11-2024,127,0.55
IND00502,Punjab,Alluvial,Sugarcane,28.3,7.4,32.3,104.8,65.6,28.8,14-06-2024,08-11-2024,147,0.89
IND00503,Maharashtra,Laterite,Rice,36.2,6.6,34.4,291.9,54.2,0.2,16-04-2024,08-09-2024,145,0.48
IND00504,Telangana,Red,Pulses,31.6,7.5,28.2,54.6,85.6,36.7,03-12-2024,10-04-2025,128,0.66
IND00505,Tamil Nadu,Red,Maize,35.8,6.6,20.9,206.4,44.5,10.6,15-03-2024,25-07-2024,132,0.43
IND00506,Odisha,Alluvial,Maize,38.8,7.7,38.9,40.9,49.5,14.3,08-10-2024,21-02-2025,136,0.9
IND00507,Kerala,Laterite,Rice,40.4,7.2,27.3,189.7,52.9,14.2,21-01-2024,21-05-2024,121,0.54
IND00508,Madhya Pradesh,Black,Wheat,12.4,7.1,26.8,234.8,43.7,20,20-08-2024,14-01-2025,147,0.71
IND00509,Uttar Pradesh,Alluvial,Sugarcane,33.1,6.7,23.9,101.2,44.4,20.7,03-06-2024,07-09-2024,96,0.78
IND00510,West Bengal,Laterite,Groundnut,41,6.9,22.6,132.5,45.3,13.7,25-12-2024,05-05-2025,131,0.58
IND00511,Kerala,Laterite,Groundnut,13.1,6.9,29.5,39,82.6,31.3,13-08-2024,13-11-2024,92,0.86
IND00512,Kerala,Laterite,Rice,39.4,6.5,28.8,119.6,47.9,1.6,20-02-2024,24-07-2024,155,0.36
IND00513,Karnataka,Laterite,Groundnut,19.7,7.2,34,230.5,83.7,13.2,17-10-2024,02-03-2025,136,0.85
IND00514,Madhya Pradesh,Red,Millet,34.1,7.7,22.8,244.9,61.1,0,08-04-2024,14-08-2024,128,0.7
IND00515,Maharashtra,Red,Pulses,33.7,7.7,27.9,279.1,84.4,13.3,07-05-2024,21-08-2024,106,0.58
IND00516,Bihar,Alluvial,Pulses,36.7,7.2,30.2,35.5,47.8,2.7,17-09-2024,22-02-2025,158,0.38
IND00517,Maharashtra,Black,Wheat,38.8,7.3,34.4,296.4,54.8,11.6,11-11-2024,18-03-2025,127,0.76
IND00518,Madhya Pradesh,Red,Maize,28.7,6.6,36.8,75.6,60.5,15.4,15-01-2024,12-05-2024,118,0.7
IND00519,Bihar,Alluvial,Wheat,30.8,6.3,28.2,120.3,77.8,5.4,14-05-2024,03-09-2024,112,0.52
IND00520,Karnataka,Black,Wheat,28.1,6.1,30.2,296.1,63.2,16,21-05-2024,28-10-2024,160,0.51
IND00521,Madhya Pradesh,Black,Wheat,14.3,6.9,29.6,122.6,47.5,32.7,19-08-2024,04-12-2024,107,0.75
IND00522,Rajasthan,Desert,Millet,16.5,6.4,30.2,255,61.7,4.6,05-08-2024,02-12-2024,119,0.75
IND00523,Odisha,Alluvial,Wheat,12.7,7.8,33,291.2,64.2,21,25-02-2024,20-06-2024,116,0.55
IND00524,Maharashtra,Laterite,Rice,24.4,7.2,22.1,147.1,64.6,16.8,09-03-2024,21-06-2024,104,0.64
IND00525,Telangana,Black,Cotton,23.1,6.8,22.6,196.1,60.7,3.8,09-05-2024,20-09-2024,134,0.85
IND00526,Kerala,Laterite,Rice,33.5,7.1,19.9,131.8,88.8,22.2,05-08-2024,11-11-2024,98,0.38
IND00527,Madhya Pradesh,Red,Groundnut,36.4,6.4,39.8,22.7,74.5,18.8,24-04-2024,25-07-2024,92,0.76
IND00528,Rajasthan,Desert,Millet,21.5,7.3,25.7,26.7,76.8,23.8,04-07-2024,07-11-2024,126,0.36
IND00529,Gujarat,Alluvial,Maize,40.7,6.5,26.5,156.4,51.7,25.2,04-12-2024,29-03-2025,115,0.74
IND00530,Haryana,Alluvial,Maize,39.1,6,38.4,202.2,81.5,6.6,15-06-2024,20-11-2024,158,0.55
IND00531,Uttar Pradesh,Alluvial,Pulses,12.7,7.1,29.5,30.4,52.2,27.7,16-11-2024,01-04-2025,136,0.75
IND00532,Tamil Nadu,Black,Wheat,39.9,7.5,25.9,136.9,74.4,14.3,05-03-2024,30-06-2024,117,0.63
IND00533,Maharashtra,Black,Cotton,32.7,7.4,24.9,44.8,66.1,10.3,06-05-2024,07-08-2024,93,0.6
IND00534,Andhra Pradesh,Black,Cotton,38.3,7.7,39.2,117.4,64.9,28.3,10-12-2024,29-03-2025,109,0.81
IND00535,Odisha,Alluvial,Sugarcane,21.6,7.7,35,126.5,56.7,27,18-04-2024,16-09-2024,151,0.49
IND00536,Odisha,Alluvial,Maize,44.9,7.3,18.2,186.2,85.7,14.6,25-06-2024,14-10-2024,111,0.82
IND00537,Tamil Nadu,Laterite,Groundnut,43.2,7.5,21.3,42.2,87.2,0.9,06-08-2024,21-11-2024,107,0.9
IND00538,Andhra Pradesh,Red,Groundnut,39.6,7.3,20.9,83.5,81.1,0,05-08-2024,13-12-2024,130,0.5
IND00539,Odisha,Alluvial,Wheat,29.9,6,29,295.1,41,20.6,20-08-2024,30-12-2024,132,0.38
IND00540,Andhra Pradesh,Red,Maize,41.7,7.7,30.2,68.9,89,6,16-07-2024,14-12-2024,151,0.74
IND00541,Punjab,Alluvial,Rice,34.7,6,26.3,277.3,86.9,8.8,19-10-2024,14-02-2025,118,0.78
IND00542,Gujarat,Black,Wheat,22,7.1,19.1,291.1,72.5,0,16-12-2024,30-03-2025,104,0.69
IND00543,Madhya Pradesh,Red,Maize,27.6,6.8,31,176,40.5,0,15-03-2024,13-07-2024,120,0.36
IND00544,Punjab,Alluvial,Sugarcane,19,7,36,168.4,60.2,24.6,12-12-2024,19-04-2025,128,0.39
IND00545,Maharashtra,Laterite,Groundnut,13.3,7,27.7,246.3,71.6,8.3,08-02-2024,27-05-2024,109,0.54
IND00546,Andhra Pradesh,Red,Pulses,21,6.1,19,243.5,45.4,7.8,07-11-2024,06-02-2025,91,0.39
IND00547,Karnataka,Red,Maize,27.5,6.6,31,196.5,52.7,7,19-05-2024,19-10-2024,153,0.47
IND00548,Uttar Pradesh,Alluvial,Pulses,30.9,6.5,19.1,230.6,62.5,0,05-08-2024,17-11-2024,104,0.36
IND00549,Maharashtra,Red,Millet,14.2,7,38.8,162.6,50.9,16.7,04-04-2024,09-09-2024,158,0.61
IND00550,Tamil Nadu,Red,Groundnut,21.9,6.3,24,222,69.4,2.5,10-11-2024,17-04-2025,158,0.83
IND00551,Andhra Pradesh,Black,Sugarcane,31,7.3,18.8,238.7,80.4,2.6,25-10-2024,07-02-2025,105,0.6
IND00552,Uttar Pradesh,Alluvial,Wheat,20.9,7,31,252.6,47.7,0,23-06-2024,18-09-2024,87,0.89
IND00553,Haryana,Alluvial,Pulses,30.8,7.2,21,86.8,85.3,14.2,04-06-2024,09-11-2024,158,0.6
IND00554,Punjab,Alluvial,Sugarcane,40,7,20.2,156.6,81.2,5.3,06-08-2024,08-11-2024,94,0.6
IND00555,Uttar Pradesh,Alluvial,Sugarcane,28.9,7.4,23.5,93.1,47.1,32.9,06-06-2024,18-09-2024,104,0.88
IND00556,Uttar Pradesh,Alluvial,Pulses,13.2,7.3,34.7,298.4,55,27.1,12-12-2024,12-04-2025,121,0.7
IND00557,Andhra Pradesh,Red,Groundnut,26.4,7.7,32,31.2,81.1,43.6,24-07-2024,07-12-2024,136,0.87
IND00558,Rajasthan,Desert,Millet,23.3,6.6,30.9,138.5,50.8,13,21-04-2024,17-07-2024,87,0.65
IND00559,Gujarat,Black,Wheat,34,7.1,31.2,37.3,47.8,33.4,15-04-2024,17-07-2024,93,0.68
IND00560,Andhra Pradesh,Black,Sugarcane,18.6,6.3,39,262.1,45.2,0,13-12-2024,15-04-2025,123,0.84
IND00561,Rajasthan,Desert,Millet,31.8,6.3,27.2,182.4,50,0,21-04-2024,19-09-2024,151,0.76
IND00562,Gujarat,Alluvial,Pulses,13.8,7.2,33.6,43,73.6,28.6,22-02-2024,29-06-2024,128,0.43
IND00563,Madhya Pradesh,Red,Pulses,19.6,6.2,27.6,37.6,60.6,11.2,05-10-2024,01-02-2025,119,0.56
IND00564,Punjab,Alluvial,Wheat,38.6,7.1,29.2,181.7,84.3,4.8,05-04-2024,04-08-2024,121,0.71
IND00565,Andhra Pradesh,Red,Maize,12.9,7,20.6,146.5,72,14.3,23-12-2024,24-04-2025,122,0.68
IND00566,Odisha,Laterite,Rice,17.9,6.4,29.5,296.7,79.9,28.8,20-02-2024,25-05-2024,95,0.38
IND00567,Gujarat,Alluvial,Sugarcane,44.2,6.9,33.1,88.5,85.3,21,11-07-2024,22-10-2024,103,0.88
IND00568,Maharashtra,Red,Maize,44.6,6.7,23.5,30.1,73.1,31.8,03-12-2024,28-04-2025,146,0.45
IND00569,Kerala,Laterite,Rice,15.2,6.1,18.7,296.1,69.5,20.5,21-03-2024,09-08-2024,141,0.74
IND00570,West Bengal,Alluvial,Maize,29.8,6.2,33.9,45.7,40.2,44,03-05-2024,12-08-2024,101,0.57
IND00571,Tamil Nadu,Black,Wheat,43.8,6.1,33.2,138.1,52.8,25,06-11-2024,08-04-2025,153,0.57
IND00572,Rajasthan,Alluvial,Pulses,23.3,7.1,19.5,204.7,62.9,0.5,19-12-2024,13-04-2025,115,0.48
IND00573,West Bengal,Alluvial,Rice,19.3,6.6,34.7,46.4,64.2,33.8,20-12-2024,20-03-2025,90,0.83
IND00574,Maharashtra,Red,Pulses,42,6.6,23,206.3,61.6,7.7,03-09-2024,03-01-2025,122,0.74
IND00575,Telangana,Red,Groundnut,34.2,6.9,37,32.5,78.9,23.1,04-09-2024,30-12-2024,117,0.89
IND00576,Tamil Nadu,Red,Groundnut,26.2,7.7,19.5,129.8,63.8,22.1,21-10-2024,03-03-2025,133,0.39
IND00577,Uttar Pradesh,Alluvial,Rice,40.5,7.5,18.9,266.1,86.9,0,14-03-2024,08-08-2024,147,0.51
IND00578,Odisha,Laterite,Groundnut,16.1,6.6,26.7,125.8,60.1,35,21-06-2024,20-11-2024,152,0.55
IND00579,Rajasthan,Desert,Millet,31.8,7.3,38.2,214.8,85,22.3,05-05-2024,04-10-2024,152,0.39
IND00580,Maharashtra,Laterite,Rice,23.5,6.4,23.9,199.8,67.4,0,19-06-2024,19-11-2024,153,0.68
IND00581,Gujarat,Alluvial,Wheat,38.6,6.9,21.1,254.2,63.1,0,18-01-2024,14-06-2024,148,0.45
IND00582,Madhya Pradesh,Red,Millet,28.6,6.9,35.9,87.4,54.5,7.7,05-12-2024,25-04-2025,141,0.87
IND00583,Uttar Pradesh,Alluvial,Pulses,44.2,6.3,20.5,193.4,70.1,0,02-07-2024,01-10-2024,91,0.78
IND00584,Andhra Pradesh,Red,Pulses,39.2,6.2,38.9,172.7,51.7,6.9,16-11-2024,10-02-2025,86,0.54
IND00585,West Bengal,Alluvial,Sugarcane,37.7,6.2,20.9,230.3,77.8,10.1,07-10-2024,21-01-2025,106,0.61
IND00586,Madhya Pradesh,Red,Millet,25.1,6.8,25.1,53.2,83.6,12,20-11-2024,22-04-2025,153,0.81
IND00587,Odisha,Laterite,Groundnut,13.6,6.4,21.3,182.7,69.5,34.7,20-08-2024,15-01-2025,148,0.58
IND00588,West Bengal,Alluvial,Pulses,27.6,7.3,20.1,58.8,88.9,13.9,13-05-2024,17-08-2024,96,0.42
IND00589,Haryana,Alluvial,Pulses,13.6,7.6,39.7,102.5,44.6,16.7,07-02-2024,13-05-2024,96,0.87
IND00590,Bihar,Alluvial,Maize,36.2,7.6,24.7,108.8,69.3,12.1,10-06-2024,04-09-2024,86,0.59
IND00591,Bihar,Alluvial,Wheat,33.1,7.2,27.6,256.9,65.6,2.4,02-09-2024,05-02-2025,156,0.68
IND00592,Karnataka,Black,Wheat,18.7,7.3,28.4,247.1,48.9,20.1,06-09-2024,10-12-2024,95,0.51
IND00593,Madhya Pradesh,Black,Sugarcane,22.3,6.9,36.4,80,78.3,33.7,09-07-2024,29-11-2024,143,0.57
IND00594,Rajasthan,Desert,Millet,12.8,6.1,24.8,29.8,47.3,46.7,21-07-2024,10-11-2024,112,0.59
IND00595,Madhya Pradesh,Red,Pulses,16.9,7.6,36.7,28.5,54.6,28.7,13-12-2024,13-05-2025,151,0.77
IND00596,Punjab,Alluvial,Pulses,32.4,6.4,38.1,143,77.6,4.9,04-01-2024,20-05-2024,137,0.4
IND00597,Rajasthan,Alluvial,Rice,29,6.4,32.3,277.3,40.7,11.1,03-12-2024,10-04-2025,128,0.6
IND00598,Gujarat,Black,Wheat,21.6,7.3,35.4,107.3,45.5,30.6,12-05-2024,27-08-2024,107,0.53
IND00599,Tamil Nadu,Red,Millet,14,6.4,37.2,249.3,59.8,18.7,10-01-2024,06-05-2024,117,0.5
IND00600,Telangana,Black,Wheat,16.1,6.5,38.2,32.1,87.9,47.1,18-09-2024,14-12-2024,87,0.57
IND00601,Maharashtra,Black,Cotton,24.8,6.8,39.8,97.3,66.4,34.2,04-02-2024,25-06-2024,142,0.39
IND00602,Madhya Pradesh,Black,Sugarcane,19.2,7.3,32.4,76.3,89.7,31.5,10-02-2024,13-07-2024,154,0.41
IND00603,Rajasthan,Alluvial,Pulses,20.9,6.1,28.2,154.2,43,13.2,08-09-2024,08-12-2024,91,0.67
IND00604,Odisha,Laterite,Groundnut,14.1,7.3,27.8,191.4,57.7,24.7,03-05-2024,08-08-2024,97,0.47
IND00605,Karnataka,Laterite,Groundnut,34.9,6.5,31.6,85,77.7,8.2,11-08-2024,21-11-2024,102,0.49
IND00606,Karnataka,Black,Cotton,37.3,7,19.3,28.5,69.7,4.2,13-04-2024,02-08-2024,111,0.53
IND00607,Haryana,Alluvial,Sugarcane,33.1,6.2,29.9,222.6,64.9,28.9,11-04-2024,12-08-2024,123,0.76
IND00608,Kerala,Laterite,Groundnut,42.6,7.1,20.2,216.4,79.9,22.6,15-07-2024,18-11-2024,126,0.35
IND00609,Gujarat,Alluvial,Rice,21.5,6.8,33.8,210.7,41.5,28.3,19-03-2024,18-06-2024,91,0.47
IND00610,Telangana,Black,Sugarcane,42.3,6.8,36.8,134.9,70.4,0.6,21-06-2024,21-09-2024,92,0.88
IND00611,Andhra Pradesh,Black,Cotton,28,6.9,29.3,90.5,62.4,26.8,07-09-2024,10-12-2024,94,0.61
IND00612,Telangana,Red,Maize,38.1,6.8,19.9,250,73.7,0,01-12-2024,20-04-2025,140,0.8
IND00613,Bihar,Alluvial,Maize,29.9,6.6,34.9,168,51.6,0,23-05-2024,01-10-2024,131,0.85
IND00614,Madhya Pradesh,Black,Sugarcane,34.5,7.3,32.7,20.1,41.7,16.6,07-10-2024,25-02-2025,141,0.5
IND00615,Uttar Pradesh,Alluvial,Rice,23.1,6.2,36.5,144,82.8,7.9,02-07-2024,23-10-2024,113,0.63
IND00616,Haryana,Alluvial,Maize,32.1,6.9,21.2,196.1,61.6,0,02-05-2024,08-10-2024,159,0.9
IND00617,Gujarat,Black,Cotton,30.8,6.3,27.5,214.7,53,17.5,18-01-2024,01-06-2024,135,0.85
IND00618,Punjab,Alluvial,Pulses,25.4,6.5,24.3,94.7,83.5,6,02-08-2024,12-11-2024,102,0.48
IND00619,Uttar Pradesh,Alluvial,Wheat,38.9,6.9,26.5,101.9,66.9,11.4,24-03-2024,18-07-2024,116,0.36
IND00620,Rajasthan,Desert,Millet,20.3,6.7,25.5,239.1,76.7,18.5,15-11-2024,08-02-2025,85,0.75
IND00621,Andhra Pradesh,Black,Cotton,18.7,7.5,38,56.8,62.3,23.6,17-06-2024,14-10-2024,119,0.42
IND00622,Andhra Pradesh,Black,Sugarcane,19.3,7.6,18.7,62.6,84.2,27.8,11-02-2024,13-06-2024,123,0.36
IND00623,Telangana,Black,Wheat,15.1,7.5,19.3,225.6,75.3,3.2,12-01-2024,04-06-2024,144,0.53
IND00624,Punjab,Alluvial,Rice,35.2,6.1,36.4,79.5,52,15.8,24-01-2024,17-05-2024,114,0.58
IND00625,Odisha,Laterite,Rice,44.7,6.7,28.6,216.7,68.1,8.1,11-07-2024,16-11-2024,128,0.6
IND00626,Kerala,Laterite,Rice,42.8,7.3,23.9,77.8,45.7,0,03-11-2024,03-04-2025,151,0.43
IND00627,Kerala,Laterite,Groundnut,12.2,6,39.6,21.9,75.3,52.9,04-03-2024,19-06-2024,107,0.72
IND00628,Kerala,Laterite,Groundnut,19.1,7.2,22.2,230.5,77.3,33.7,19-12-2024,24-04-2025,126,0.5
IND00629,Madhya Pradesh,Black,Sugarcane,33.2,6.9,31.8,293.6,73.2,19.4,13-04-2024,22-08-2024,131,0.4
IND00630,Madhya Pradesh,Red,Pulses,25.9,6.8,20.4,91.4,55.7,37.9,17-04-2024,21-09-2024,157,0.68
IND00631,Telangana,Red,Maize,14.8,6.3,22.4,35.5,74.7,19.2,09-01-2024,11-05-2024,123,0.38
IND00632,Punjab,Alluvial,Wheat,42.1,6.1,32.8,76,67.2,0.7,09-06-2024,02-10-2024,115,0.69
IND00633,Haryana,Alluvial,Wheat,30.2,7.8,25.5,36.3,58.6,20,25-11-2024,03-03-2025,98,0.83
IND00634,Telangana,Black,Cotton,20.7,7.5,34.1,148.1,55.5,14.8,20-11-2024,25-02-2025,97,0.67
IND00635,Punjab,Alluvial,Wheat,29.1,6,27.5,46.3,54.3,7.6,19-01-2024,24-05-2024,126,0.44
IND00636,Uttar Pradesh,Alluvial,Pulses,42.9,7.4,22,228.9,60,19.1,14-08-2024,04-01-2025,143,0.87
IND00637,West Bengal,Alluvial,Pulses,13.2,7,31.2,89.7,47.6,20.3,18-11-2024,16-02-2025,90,0.58
IND00638,West Bengal,Alluvial,Rice,37.9,7,23.2,138.9,73.7,23.4,15-09-2024,08-01-2025,115,0.43
IND00639,Madhya Pradesh,Black,Sugarcane,27.1,6.4,27.7,207.2,53.9,0,09-10-2024,06-03-2025,148,0.4
IND00640,Rajasthan,Alluvial,Maize,20.2,7.2,39.9,192,62.4,26.2,12-09-2024,12-01-2025,122,0.36
IND00641,Rajasthan,Alluvial,Sugarcane,39.3,7.7,25.5,298,74.1,0,01-09-2024,03-01-2025,124,0.51
IND00642,Telangana,Black,Sugarcane,14.1,7.1,37.5,91.6,64.5,40,25-07-2024,20-12-2024,148,0.8
IND00643,West Bengal,Laterite,Groundnut,39.6,7.6,37.1,170.7,79.7,24.7,06-09-2024,14-01-2025,130,0.45
IND00644,Kerala,Laterite,Groundnut,38.5,7.2,18.6,241.9,78,20.2,15-10-2024,09-02-2025,117,0.37
IND00645,Odisha,Alluvial,Sugarcane,19.6,6.8,27.2,184.3,86.8,10.5,15-11-2024,20-03-2025,125,0.49
IND00646,Punjab,Alluvial,Pulses,39.4,6.5,38.4,235.4,71.8,0.7,18-06-2024,28-10-2024,132,0.72
IND00647,Odisha,Laterite,Rice,36.6,6.1,30.8,211.6,69.5,0,15-06-2024,17-11-2024,155,0.54
IND00648,Rajasthan,Alluvial,Sugarcane,44.1,6.2,22.8,251.7,40.2,0,03-12-2024,11-03-2025,98,0.42
IND00649,Punjab,Alluvial,Sugarcane,36.4,6.9,38.7,205.6,71.7,23.6,23-12-2024,23-04-2025,121,0.83
IND00650,Odisha,Laterite,Rice,44,6.6,37.6,39.8,44.7,14.3,05-03-2024,12-06-2024,99,0.55
IND00651,Maharashtra,Black,Wheat,33.9,6.7,18.9,110.3,50.2,24.9,25-07-2024,15-11-2024,113,0.38
IND00652,Karnataka,Laterite,Groundnut,18.7,6.6,20.8,29.9,80,17.5,05-02-2024,07-05-2024,92,0.41
IND00653,Gujarat,Black,Wheat,14.3,7.3,27.5,137.3,65.2,27.9,20-09-2024,27-01-2025,129,0.44
IND00654,Punjab,Alluvial,Pulses,41.2,7.2,35.4,141,49,0,14-02-2024,11-06-2024,118,0.44
IND00655,Telangana,Red,Pulses,28.6,7,36.1,261.1,70.1,26.7,10-10-2024,19-02-2025,132,0.44
IND00656,Telangana,Red,Pulses,17.7,6.1,33.9,215.8,48.7,22.6,22-08-2024,19-12-2024,119,0.41
IND00657,Karnataka,Black,Wheat,39.4,7.4,18.4,211.7,89.5,0,18-12-2024,05-05-2025,138,0.9
IND00658,Maharashtra,Red,Groundnut,40.2,6.7,18.9,28.5,42.2,2.4,19-08-2024,22-12-2024,125,0.48
IND00659,West Bengal,Laterite,Groundnut,12.1,6.8,20.7,56.4,40.1,38.3,25-04-2024,29-09-2024,157,0.81
IND00660,Uttar Pradesh,Alluvial,Pulses,20.8,7.1,24.9,265.4,74.5,0,11-03-2024,11-07-2024,122,0.39
IND00661,Karnataka,Black,Sugarcane,12.6,7.1,26.6,208.9,84,26.7,20-09-2024,25-12-2024,96,0.37
IND00662,Telangana,Black,Wheat,23.8,6.5,34.6,289.5,58.5,12.5,18-02-2024,15-05-2024,87,0.51
IND00663,Telangana,Red,Pulses,33.2,7,22,88.8,49.1,5.1,19-02-2024,01-07-2024,133,0.87
IND00664,Kerala,Laterite,Rice,24.8,6.9,25.1,156.8,85.4,21.6,06-04-2024,31-07-2024,116,0.62
IND00665,Telangana,Red,Millet,44.1,7.3,19.8,147.5,50.4,9.1,16-11-2024,13-03-2025,117,0.89
IND00666,Rajasthan,Alluvial,Pulses,25.6,7.7,20,103.5,63.2,26,06-09-2024,01-02-2025,148,0.79
IND00667,Uttar Pradesh,Alluvial,Pulses,26.9,6.8,39.2,107.6,70.5,25.8,06-07-2024,05-10-2024,91,0.78
IND00668,Gujarat,Alluvial,Rice,31.5,6.1,24.9,85.2,77.7,27.5,08-10-2024,08-02-2025,123,0.54
IND00669,Haryana,Alluvial,Wheat,27.2,6.8,38.3,101.3,48.9,28.4,17-07-2024,11-10-2024,86,0.69
IND00670,Maharashtra,Laterite,Groundnut,23.3,7.5,20.1,200.2,61.4,32.7,18-08-2024,15-11-2024,89,0.7
IND00671,Punjab,Alluvial,Sugarcane,38.3,7.7,19.5,48.2,59.3,9.4,12-02-2024,11-06-2024,120,0.76
IND00672,Odisha,Laterite,Groundnut,35.6,7.3,34.3,187.1,60.1,14.7,04-03-2024,10-08-2024,159,0.56
IND00673,Andhra Pradesh,Red,Maize,37.1,6.8,22.6,145.5,55.2,26.9,19-04-2024,02-09-2024,136,0.41
IND00674,Maharashtra,Red,Pulses,36.5,6.6,38,151.1,62.4,0,03-06-2024,24-10-2024,143,0.73
IND00675,Telangana,Red,Pulses,18.2,7.7,28.8,251.6,82.4,6.3,24-08-2024,27-11-2024,95,0.77
IND00676,Madhya Pradesh,Black,Cotton,36.4,7.6,29,62.8,74.3,38.8,04-09-2024,08-01-2025,126,0.8
IND00677,Gujarat,Black,Wheat,34.9,6.5,20.8,66.5,45.5,34.5,11-06-2024,10-10-2024,121,0.41
IND00678,Madhya Pradesh,Black,Cotton,15.2,6.8,30.8,276.9,83.5,16.4,14-01-2024,14-06-2024,152,0.55
IND00679,Madhya Pradesh,Black,Wheat,23,6.3,27.9,212.1,55.1,30,09-07-2024,16-10-2024,99,0.84
IND00680,Karnataka,Laterite,Groundnut,22.8,6.6,18.2,159.1,48,21.5,19-11-2024,12-04-2025,144,0.52
IND00681,Bihar,Alluvial,Pulses,27.4,6.6,24.7,84.3,64.6,20.6,03-03-2024,05-06-2024,94,0.63
IND00682,Andhra Pradesh,Red,Pulses,34.6,6.5,26.9,74,66.5,23.8,11-07-2024,20-11-2024,132,0.46
IND00683,Gujarat,Alluvial,Rice,36.7,7.2,31.9,264.3,64.1,0,02-07-2024,01-12-2024,152,0.66
IND00684,Telangana,Black,Cotton,43.1,7.1,27.6,276,56.5,1.9,23-11-2024,22-03-2025,119,0.42
IND00685,Tamil Nadu,Laterite,Groundnut,20.5,7,24.2,186.3,72.6,9.1,05-03-2024,11-07-2024,128,0.65
IND00686,Karnataka,Laterite,Groundnut,26.4,6.6,18.6,30.4,62.1,16.2,06-05-2024,16-08-2024,102,0.8
IND00687,Maharashtra,Laterite,Rice,24.3,6.9,27.3,118.8,64,9.7,20-06-2024,11-11-2024,144,0.75
IND00688,Andhra Pradesh,Black,Sugarcane,41,6.3,28.5,141.8,45.3,3.1,07-06-2024,03-09-2024,88,0.74
IND00689,Tamil Nadu,Black,Cotton,38.5,7.5,18.7,296.1,53.1,0,15-07-2024,16-12-2024,154,0.9
IND00690,Bihar,Alluvial,Rice,38.5,6.9,37.6,35.1,78.8,36.9,14-04-2024,01-08-2024,109,0.8
IND00691,Karnataka,Red,Pulses,39.6,7.3,31.9,297.2,71.3,16.1,21-05-2024,23-10-2024,155,0.44
IND00692,Andhra Pradesh,Black,Wheat,17.7,7.6,26.5,296.7,70.8,5,09-04-2024,16-09-2024,160,0.64
IND00693,West Bengal,Laterite,Rice,14.9,7.2,36.7,31.2,74.3,13.9,07-06-2024,13-09-2024,98,0.89
IND00694,Gujarat,Black,Sugarcane,41.2,7.4,24.4,235.3,68.4,7.6,20-12-2024,23-05-2025,154,0.57
IND00695,Punjab,Alluvial,Maize,35,6.8,21,160,63.7,21.5,03-12-2024,02-05-2025,150,0.44
IND00696,Tamil Nadu,Red,Millet,28.2,6.4,36.8,192,49.3,1.3,11-11-2024,16-04-2025,156,0.74
IND00697,Uttar Pradesh,Alluvial,Rice,41.3,6.8,29.6,39,63.7,16.4,01-03-2024,23-06-2024,114,0.68
IND00698,Bihar,Alluvial,Rice,16.5,7.5,33.6,37.2,45,24.5,05-02-2024,18-06-2024,134,0.36
IND00699,Kerala,Laterite,Groundnut,43.7,6.7,34.5,47.3,42,15.7,05-12-2024,08-05-2025,154,0.42
IND00700,West Bengal,Alluvial,Maize,42.2,7.1,19.9,142.2,70.8,0.8,01-09-2024,24-01-2025,145,0.77
IND00701,Telangana,Black,Cotton,25,7.1,31.5,224.8,83.4,15.1,09-08-2024,11-01-2025,155,0.63
IND00702,Telangana,Red,Millet,23.3,7.5,32.7,39.9,69.8,15.2,15-02-2024,24-05-2024,99,0.64
IND00703,Haryana,Alluvial,Maize,28.3,6.3,18.8,268.2,65.8,5.4,15-12-2024,02-05-2025,138,0.48
IND00704,West Bengal,Laterite,Groundnut,14.4,6.9,37.3,141.6,74.7,37.7,18-07-2024,29-10-2024,103,0.62
IND00705,West Bengal,Laterite,Rice,16.7,7.6,29.3,64.3,72.2,40.5,19-09-2024,30-01-2025,133,0.85
IND00706,Kerala,Laterite,Rice,35,6.4,36.1,45,68.1,8.2,16-03-2024,22-07-2024,128,0.74
IND00707,Bihar,Alluvial,Pulses,35.5,7.6,37.5,76.4,65.5,17.7,15-04-2024,01-09-2024,139,0.65
IND00708,Telangana,Red,Millet,34.1,7.4,30.9,152.3,79.2,17.5,11-09-2024,19-01-2025,130,0.7
IND00709,Uttar Pradesh,Alluvial,Sugarcane,41.3,6.6,39.3,63.3,78.3,2,02-03-2024,26-05-2024,85,0.89
IND00710,Maharashtra,Red,Pulses,34.1,6.8,35.4,143.4,46,5,24-06-2024,22-11-2024,151,0.42
IND00711,Andhra Pradesh,Black,Cotton,24.4,6.7,31.3,249.2,60,17.3,14-11-2024,15-02-2025,93,0.77
IND00712,Karnataka,Red,Pulses,35.7,7.3,27.8,106.7,63.5,27.7,08-08-2024,16-12-2024,130,0.71
IND00713,Telangana,Black,Cotton,31,6.6,35.5,214.6,77.1,12.3,23-03-2024,20-06-2024,89,0.45
IND00714,Telangana,Black,Wheat,26.8,7,39.2,115.7,41.4,13.9,11-06-2024,08-09-2024,89,0.45
IND00715,Bihar,Alluvial,Wheat,27.4,7.4,27.9,122.1,66.2,2.5,06-01-2024,09-06-2024,155,0.84
IND00716,Maharashtra,Red,Groundnut,24.5,6.3,26.6,117.5,53.5,28.5,24-08-2024,06-12-2024,104,0.78
IND00717,Punjab,Alluvial,Pulses,27,6.2,35.6,121.5,47.6,34.1,19-08-2024,22-11-2024,95,0.7
IND00718,Karnataka,Laterite,Rice,35.5,6.1,30,242,88.7,2.5,22-05-2024,26-10-2024,157,0.53
IND00719,Haryana,Alluvial,Pulses,27.8,7,31.4,281.9,50.7,23.1,19-11-2024,28-02-2025,101,0.74
IND00720,Telangana,Red,Groundnut,34,6.5,40,36.8,72.3,22.9,24-07-2024,19-11-2024,118,0.39
IND00721,West Bengal,Laterite,Rice,25.8,6.6,24.2,132.2,62.6,17.6,20-07-2024,07-12-2024,140,0.43
IND00722,Punjab,Alluvial,Sugarcane,27.5,7.7,40,243.8,87.2,22.7,11-11-2024,24-03-2025,133,0.73
IND00723,Karnataka,Laterite,Groundnut,26,6.6,32.8,163.4,76,32.5,17-10-2024,24-03-2025,158,0.6
IND00724,Punjab,Alluvial,Maize,44.5,6.9,34.5,194.8,58.4,24.4,15-07-2024,19-10-2024,96,0.75
IND00725,Kerala,Laterite,Groundnut,32.4,6.2,19.7,193.1,65.2,14.5,11-06-2024,22-10-2024,133,0.39
IND00726,Bihar,Alluvial,Maize,12.9,6.1,18.4,156.8,69.7,30.2,24-07-2024,03-11-2024,102,0.87
IND00727,Punjab,Alluvial,Maize,22.3,6.4,26.6,27,78.3,27.5,01-05-2024,01-08-2024,92,0.48
IND00728,Madhya Pradesh,Red,Pulses,16.3,7.7,28.8,135.9,47.8,37.9,03-06-2024,15-10-2024,134,0.8
IND00729,Bihar,Alluvial,Pulses,19.7,6.2,35.7,197.1,69.9,26.7,06-07-2024,21-10-2024,107,0.56
IND00730,Bihar,Alluvial,Rice,23.6,6.1,32.2,265.6,52.1,28.2,07-05-2024,09-08-2024,94,0.8
IND00731,Haryana,Alluvial,Rice,13.2,7,25.7,283.7,49.6,1.6,24-01-2024,18-04-2024,85,0.6
IND00732,Karnataka,Black,Sugarcane,43.1,7.2,24.7,33.7,40.6,39.7,18-09-2024,07-01-2025,111,0.47
IND00733,Kerala,Laterite,Groundnut,27.9,7.1,37.1,271.7,44,8.6,02-10-2024,26-12-2024,85,0.58
IND00734,Haryana,Alluvial,Wheat,26.8,6.9,21.9,252.9,63.7,4.7,13-07-2024,09-11-2024,119,0.77
IND00735,Bihar,Alluvial,Sugarcane,15.2,6.4,38.8,266.8,66.1,25.3,14-10-2024,15-03-2025,152,0.73
IND00736,Tamil Nadu,Red,Groundnut,21,6,34.4,37,88,45.4,07-03-2024,03-07-2024,118,0.79
IND00737,Odisha,Laterite,Rice,19.6,6.7,26,139.1,70.1,34,21-11-2024,22-03-2025,121,0.79
IND00738,Andhra Pradesh,Black,Sugarcane,18.1,7.8,36.9,140.4,89.9,15.4,25-07-2024,07-11-2024,105,0.39
IND00739,Haryana,Alluvial,Rice,23.8,6.1,37.5,194,69.3,33.6,07-03-2024,24-07-2024,139,0.36
IND00740,Tamil Nadu,Red,Groundnut,20.8,6.2,31.8,291.3,49,24.8,19-07-2024,29-11-2024,133,0.5
IND00741,Telangana,Black,Cotton,33.4,7.1,33.6,258.3,89,18.2,08-11-2024,19-03-2025,131,0.53
IND00742,Rajasthan,Desert,Millet,20.3,6.6,27.3,218.2,60.9,17.2,17-03-2024,09-07-2024,114,0.81
IND00743,West Bengal,Alluvial,Maize,30,7.3,18,209,41.2,15.4,01-08-2024,26-11-2024,117,0.66
IND00744,Madhya Pradesh,Red,Millet,34.8,7.4,23.7,62.4,50.9,22.2,21-01-2024,07-06-2024,138,0.9
IND00745,Madhya Pradesh,Red,Groundnut,37.5,6.7,20.6,227.2,49.7,0,07-04-2024,16-08-2024,131,0.55
IND00746,Punjab,Alluvial,Maize,42.4,6.9,27.3,132.5,80.5,4.8,17-04-2024,17-07-2024,91,0.57
IND00747,Haryana,Alluvial,Pulses,15.4,6.9,27.7,138.3,48.5,26.2,20-01-2024,22-06-2024,154,0.4
IND00748,Andhra Pradesh,Red,Maize,24.2,6.2,23.3,51.3,52.3,34,14-08-2024,09-12-2024,117,0.47
IND00749,Uttar Pradesh,Alluvial,Sugarcane,17.5,6.5,29.6,127.7,67.7,9.7,24-06-2024,27-10-2024,125,0.71
IND00750,Bihar,Alluvial,Pulses,21.5,6.7,22.6,156.4,56.5,2.2,15-06-2024,04-10-2024,111,0.54
IND00751,Haryana,Alluvial,Maize,27.8,6.5,32.2,144.4,44.2,28.3,16-09-2024,16-01-2025,122,0.73
IND00752,Gujarat,Alluvial,Rice,14.5,7.7,20.3,30.9,89,42.5,12-10-2024,19-01-2025,99,0.51
IND00753,Bihar,Alluvial,Pulses,16.3,7.8,38.6,231.5,88.1,26.2,10-08-2024,18-12-2024,130,0.79
IND00754,Gujarat,Alluvial,Sugarcane,32.5,6.7,31.7,128.7,55.5,20.6,04-06-2024,21-09-2024,109,0.43
IND00755,Rajasthan,Desert,Millet,35.4,6.3,37.4,56.8,42.8,25.5,02-07-2024,09-11-2024,130,0.45
IND00756,Tamil Nadu,Red,Maize,14.1,7.5,20,33.3,87.7,50.9,25-03-2024,12-07-2024,109,0.78
IND00757,Maharashtra,Red,Maize,39.4,6.6,35.6,20.5,45.1,30.3,22-08-2024,30-11-2024,100,0.79
IND00758,Madhya Pradesh,Red,Pulses,16.7,7.5,32.7,69,61.6,40.3,04-01-2024,21-05-2024,138,0.41
IND00759,Odisha,Laterite,Rice,15.8,7.4,25.3,170,59.5,7.7,01-06-2024,25-08-2024,85,0.85
IND00760,Bihar,Alluvial,Pulses,18.4,6.1,21.7,223.9,61.8,20.7,04-06-2024,10-10-2024,128,0.88
IND00761,Maharashtra,Laterite,Groundnut,27.9,7.2,26.2,203.9,53.8,0,03-06-2024,27-08-2024,85,0.8
IND00762,Odisha,Laterite,Rice,20.9,7.8,37.5,178.2,71,26.5,16-08-2024,15-12-2024,121,0.62
IND00763,Maharashtra,Red,Groundnut,43.5,7.2,24.9,83.3,85.4,7.7,13-02-2024,13-06-2024,121,0.56
IND00764,Odisha,Laterite,Rice,17.2,7.8,18.6,57.8,80.5,26.8,19-08-2024,22-12-2024,125,0.49
IND00765,Maharashtra,Laterite,Groundnut,36.6,6.4,28,123.1,49.2,4.8,08-11-2024,12-03-2025,124,0.41
IND00766,Tamil Nadu,Laterite,Groundnut,36.8,7.8,36.8,61.7,86.2,4.1,22-09-2024,20-01-2025,120,0.62
IND00767,Kerala,Laterite,Rice,36.6,6.8,25.8,201.4,77.8,1.1,03-10-2024,02-03-2025,150,0.88
IND00768,Karnataka,Laterite,Groundnut,18.9,6.8,30.5,146.6,41.4,4,05-08-2024,04-01-2025,152,0.36
IND00769,Kerala,Laterite,Rice,28.1,7.1,22.4,97.8,79.5,12.1,09-09-2024,29-12-2024,111,0.62
IND00770,Andhra Pradesh,Black,Wheat,22.7,7.6,26.7,292.5,64.3,4,22-02-2024,11-06-2024,110,0.58
IND00771,Uttar Pradesh,Alluvial,Rice,18.6,6.5,27.2,264.2,81.3,21.5,24-09-2024,12-02-2025,141,0.53
IND00772,Punjab,Alluvial,Wheat,31.6,7.7,25.1,22.1,61.4,39.7,12-11-2024,06-03-2025,114,0.38
IND00773,Karnataka,Laterite,Groundnut,19.1,6.9,28.1,95.3,82.4,40.7,06-04-2024,07-07-2024,92,0.6
IND00774,Maharashtra,Black,Sugarcane,36.7,6.5,36.9,56.6,74.7,2.1,09-06-2024,17-09-2024,100,0.76
IND00775,Andhra Pradesh,Red,Millet,31.4,6.6,39.2,165.2,71.7,25.1,22-01-2024,01-06-2024,131,0.74
IND00776,Gujarat,Alluvial,Rice,25,7,28.9,253.3,81.7,1.8,20-07-2024,09-11-2024,112,0.75
IND00777,Maharashtra,Red,Millet,23.3,6.2,39.8,236.6,47.5,28.8,19-05-2024,15-09-2024,119,0.83
IND00778,Tamil Nadu,Red,Millet,44.6,6.3,33,156.3,62.4,15.7,09-09-2024,11-01-2025,124,0.8
IND00779,Maharashtra,Black,Cotton,28,6.2,27.4,96.8,49.2,9,14-09-2024,19-02-2025,158,0.86
IND00780,Bihar,Alluvial,Rice,23.2,6.5,18.6,92.6,72,7.1,17-09-2024,14-01-2025,119,0.45
IND00781,Uttar Pradesh,Alluvial,Rice,31.7,6.5,35.6,267,88.1,0,09-04-2024,13-08-2024,126,0.64
IND00782,West Bengal,Alluvial,Wheat,35.4,7.7,32.3,40.1,76.5,19.4,09-08-2024,22-11-2024,105,0.79
IND00783,Punjab,Alluvial,Pulses,25.2,6.3,26.9,285.6,74,0,10-11-2024,08-02-2025,90,0.76
IND00784,Kerala,Laterite,Rice,23.4,7.6,20.4,237.7,76.6,20.9,17-07-2024,17-11-2024,123,0.46
IND00785,Madhya Pradesh,Red,Millet,26.3,7.3,25.9,111.9,79.9,30.4,22-05-2024,20-09-2024,121,0.38
IND00786,Karnataka,Laterite,Rice,31.3,7.6,33.1,105.8,72.2,12.3,20-09-2024,04-01-2025,106,0.58
IND00787,Kerala,Laterite,Groundnut,28.6,7.4,22.6,247.4,45,4.5,15-01-2024,30-05-2024,136,0.56
IND00788,Rajasthan,Desert,Millet,22.1,6.6,36.9,24.9,81.5,13.6,08-07-2024,20-11-2024,135,0.4
IND00789,Gujarat,Black,Wheat,18.4,7.5,24.5,81.1,48,42.4,21-04-2024,23-09-2024,155,0.63
IND00790,Punjab,Alluvial,Pulses,29,7.3,23,214.8,58.9,26.8,07-05-2024,24-09-2024,140,0.58
IND00791,Punjab,Alluvial,Maize,39.6,7,23.4,131.7,68.2,0,04-06-2024,09-11-2024,158,0.41
IND00792,Gujarat,Alluvial,Wheat,19.2,6.8,22.4,89.1,42.6,12.2,14-06-2024,07-11-2024,146,0.77
IND00793,Punjab,Alluvial,Pulses,39,7,28.9,290.6,70.7,0,24-05-2024,01-10-2024,130,0.78
IND00794,Uttar Pradesh,Alluvial,Pulses,18.8,7.1,31.2,98.2,67.2,7.4,03-07-2024,14-11-2024,134,0.73
IND00795,West Bengal,Alluvial,Wheat,40.8,6.1,27.6,283.8,81.9,11.3,01-10-2024,23-02-2025,145,0.65
IND00796,Punjab,Alluvial,Pulses,35.2,7.1,22.1,94.5,68.6,10.5,01-01-2024,23-04-2024,113,0.76
IND00797,Madhya Pradesh,Red,Millet,22.5,6.3,24.6,92.5,75,11.1,03-12-2024,09-05-2025,157,0.6
IND00798,Bihar,Alluvial,Wheat,41.3,7.3,23.3,55,53.1,23.1,01-11-2024,08-02-2025,99,0.67
IND00799,Telangana,Black,Sugarcane,26.6,7.4,19.7,214.5,83,3.5,12-03-2024,27-07-2024,137,0.63
IND00800,Rajasthan,Desert,Millet,43.6,6.2,28.5,189.4,46.3,17.8,20-08-2024,18-01-2025,151,0.54
IND00801,Bihar,Alluvial,Sugarcane,37.5,6.7,40,255.1,50.3,16.6,17-10-2024,17-02-2025,123,0.59
IND00802,Telangana,Red,Maize,24.7,7.6,23.7,173.5,56.7,0,06-01-2024,17-04-2024,102,0.6
IND00803,Uttar Pradesh,Alluvial,Rice,13.7,6.6,36.3,294.8,54.7,30.8,14-12-2024,25-03-2025,101,0.36
IND00804,Uttar Pradesh,Alluvial,Sugarcane,30.3,6.5,22.8,118.2,79.8,30.3,09-10-2024,10-01-2025,93,0.36
IND00805,Andhra Pradesh,Red,Millet,16,7.2,32.9,240.9,58.4,31.1,15-05-2024,24-08-2024,101,0.78
IND00806,Uttar Pradesh,Alluvial,Sugarcane,21.7,6.7,30.7,63.4,64.2,43.1,02-07-2024,08-12-2024,159,0.51
IND00807,Uttar Pradesh,Alluvial,Sugarcane,43.9,6.6,23.1,171.2,53.5,0,17-12-2024,14-04-2025,118,0.82
IND00808,Madhya Pradesh,Red,Groundnut,29.8,6.7,33.8,167.5,49.8,0,21-09-2024,01-01-2025,102,0.83
IND00809,Madhya Pradesh,Red,Groundnut,29.8,6.2,25.4,42.7,70.3,20.5,10-01-2024,01-06-2024,143,0.76
IND00810,Maharashtra,Black,Cotton,26,7.5,35.5,37.8,74.4,7.2,10-06-2024,06-10-2024,118,0.72
IND00811,Madhya Pradesh,Black,Wheat,37.3,6.9,28,72.5,53.8,14,19-12-2024,07-04-2025,109,0.87
IND00812,Telangana,Red,Groundnut,20.8,6.3,28.3,80.8,85.6,38.2,19-01-2024,18-05-2024,120,0.61
IND00813,Karnataka,Laterite,Rice,39,6.8,32.4,156.6,73.8,30.5,12-02-2024,17-06-2024,126,0.66
IND00814,Maharashtra,Laterite,Groundnut,39.1,6.2,33.7,236.3,54.9,0,21-10-2024,21-03-2025,151,0.69
IND00815,Tamil Nadu,Laterite,Rice,16.2,6.6,26.2,256.5,69.8,4.9,25-08-2024,15-01-2025,143,0.89
IND00816,Odisha,Laterite,Groundnut,35,7.2,24.7,257.4,74.9,0,18-09-2024,24-02-2025,159,0.42
IND00817,Karnataka,Black,Cotton,31.4,6.4,30.8,290.2,61.1,17.3,21-12-2024,25-04-2025,125,0.43
IND00818,Madhya Pradesh,Red,Millet,23,7.5,26.4,109.5,79.8,18,01-02-2024,02-05-2024,91,0.72
IND00819,Madhya Pradesh,Red,Maize,12.7,7.7,36.8,26,58.6,24.9,12-06-2024,19-11-2024,160,0.77
IND00820,West Bengal,Alluvial,Rice,34.9,6.9,36,210.5,71.6,0,03-05-2024,07-09-2024,127,0.82
IND00821,Bihar,Alluvial,Maize,26.3,6.6,29.4,270.3,69.6,1.9,02-09-2024,22-01-2025,142,0.45
IND00822,Maharashtra,Laterite,Groundnut,19.7,7,36,86.8,82.7,32.9,12-08-2024,08-12-2024,118,0.37
IND00823,Telangana,Black,Wheat,13.9,7.8,22.2,281.7,76.8,0,22-10-2024,23-02-2025,124,0.67
IND00824,Telangana,Red,Groundnut,38.7,7.7,36,130.5,78.3,14.3,16-04-2024,03-08-2024,109,0.4
IND00825,Gujarat,Black,Sugarcane,13.3,7.2,22.4,225.8,59.9,7.4,22-06-2024,01-10-2024,101,0.45
IND00826,Karnataka,Black,Cotton,20.5,6.2,36.2,117.1,60.4,18.5,23-03-2024,30-06-2024,99,0.72
IND00827,Haryana,Alluvial,Maize,13.1,7.7,36.4,268.6,66.8,17.6,25-08-2024,22-01-2025,150,0.77
IND00828,West Bengal,Laterite,Rice,16.2,7.2,38,124.4,59.6,14.1,10-06-2024,10-09-2024,92,0.66
IND00829,Maharashtra,Laterite,Rice,41,7.3,33.2,167.3,65.3,20.5,15-07-2024,07-11-2024,115,0.85
IND00830,Haryana,Alluvial,Pulses,21.6,6.1,19.1,252,44.1,9.8,05-03-2024,03-06-2024,90,0.51
IND00831,Telangana,Black,Cotton,34.7,6.1,24.2,151.5,87.1,31.5,10-05-2024,08-08-2024,90,0.46
IND00832,Madhya Pradesh,Red,Groundnut,43.8,6.3,38.1,51,57.1,36.1,08-06-2024,30-09-2024,114,0.49
IND00833,Gujarat,Alluvial,Sugarcane,27.3,7.5,36.6,255.3,85.4,14.4,11-02-2024,08-06-2024,118,0.61
IND00834,Rajasthan,Alluvial,Sugarcane,15.3,6.6,28.2,104.2,54.9,22.8,02-03-2024,30-07-2024,150,0.57
IND00835,Maharashtra,Laterite,Groundnut,38.7,6.3,27.5,100.8,76.6,33,21-11-2024,17-02-2025,88,0.62
IND00836,West Bengal,Laterite,Rice,16.7,7.3,26.3,174.7,68.2,36.4,24-10-2024,19-01-2025,87,0.68
IND00837,Maharashtra,Red,Millet,25.3,7.3,23.5,112.2,82.4,40.9,13-04-2024,17-07-2024,95,0.59
IND00838,Madhya Pradesh,Red,Millet,14.7,7.4,37,204,49,0,03-04-2024,06-07-2024,94,0.4
IND00839,Bihar,Alluvial,Rice,43.7,6.4,39.2,167.4,45.6,28,08-09-2024,04-12-2024,87,0.58
IND00840,Odisha,Laterite,Groundnut,21.2,6.5,28.6,54.4,41.2,41.8,01-04-2024,07-09-2024,159,0.58
IND00841,Karnataka,Laterite,Rice,36.9,7.7,21.7,177.4,84,0,11-04-2024,12-07-2024,92,0.61
IND00842,Punjab,Alluvial,Wheat,27.2,6.2,27.9,164.2,64.2,13.9,13-03-2024,21-06-2024,100,0.7
IND00843,Bihar,Alluvial,Maize,38.9,7.1,22.3,190.4,40.7,26.3,05-06-2024,09-09-2024,96,0.49
IND00844,Haryana,Alluvial,Wheat,25.3,6.6,39.4,250.8,60.7,0,06-06-2024,01-11-2024,148,0.58
IND00845,Tamil Nadu,Black,Wheat,27,6.2,28.9,168.4,60.7,7.9,25-02-2024,20-06-2024,116,0.84
IND00846,Uttar Pradesh,Alluvial,Sugarcane,30.1,6.9,28.3,103.4,72.6,18,01-03-2024,01-07-2024,122,0.81
IND00847,Gujarat,Black,Cotton,26,7.7,33.8,26.1,61.7,15.6,23-05-2024,09-10-2024,139,0.49
IND00848,Kerala,Laterite,Groundnut,29.6,6.1,32.8,226.7,76.8,18.8,17-09-2024,10-01-2025,115,0.87
IND00849,Telangana,Red,Maize,44.9,6.4,23.3,26.4,72.2,12.8,18-03-2024,10-07-2024,114,0.69
IND00850,Madhya Pradesh,Red,Millet,13,6.7,37.9,47.4,49.8,42.7,20-01-2024,03-05-2024,104,0.79
IND00851,Maharashtra,Black,Sugarcane,33.8,7.6,35.6,265.4,58.9,0,18-04-2024,24-08-2024,128,0.52
IND00852,Tamil Nadu,Black,Cotton,24.5,7.3,29.2,39.2,83.7,26.6,18-05-2024,13-08-2024,87,0.68
IND00853,Madhya Pradesh,Red,Millet,28.5,7.6,22.7,37.3,48.7,32.8,12-10-2024,20-03-2025,159,0.51
IND00854,Madhya Pradesh,Red,Maize,30.7,6.4,21.3,49.5,70.2,42.5,24-08-2024,28-01-2025,157,0.62
IND00855,Tamil Nadu,Red,Groundnut,41.8,6.8,20.6,112,57.6,0.2,22-02-2024,24-05-2024,92,0.84
IND00856,Andhra Pradesh,Black,Sugarcane,40.4,6.9,27.5,113.3,85.8,17.4,13-06-2024,15-09-2024,94,0.71
IND00857,Karnataka,Black,Wheat,28.1,6.3,19.3,118.6,46.8,15.1,08-10-2024,31-01-2025,115,0.64
IND00858,West Bengal,Alluvial,Sugarcane,40.7,6.8,30.7,238.5,53.7,0,12-03-2024,21-06-2024,101,0.85
IND00859,West Bengal,Laterite,Groundnut,23.8,6.7,37.4,89.4,47.2,19.4,19-12-2024,02-05-2025,134,0.79
IND00860,Andhra Pradesh,Black,Sugarcane,32.1,7.1,21.3,178,89.7,14.2,04-04-2024,27-07-2024,114,0.86
IND00861,Haryana,Alluvial,Rice,14.5,7.8,29.3,255.9,66.6,0,06-10-2024,07-02-2025,124,0.65
IND00862,Andhra Pradesh,Black,Wheat,16.4,6.6,32.3,158,42.1,24.6,19-02-2024,21-06-2024,123,0.43
IND00863,Rajasthan,Desert,Millet,27.4,6.7,19.2,66.3,66.5,37.5,04-09-2024,10-02-2025,159,0.68
IND00864,Punjab,Alluvial,Wheat,42.6,6.4,37.7,62,64.8,23.6,14-01-2024,01-05-2024,108,0.54
IND00865,Odisha,Alluvial,Rice,31.7,6.3,28.7,253.2,72.5,21.7,07-12-2024,01-05-2025,145,0.77
IND00866,Uttar Pradesh,Alluvial,Rice,41.3,6.7,30.9,244,56.6,23.4,04-01-2024,12-05-2024,129,0.75
IND00867,Punjab,Alluvial,Pulses,42,6.4,24.6,210.7,55.8,8.1,24-04-2024,02-09-2024,131,0.64
IND00868,Kerala,Laterite,Groundnut,43.9,6.7,22.6,204.6,86.6,0.4,10-12-2024,12-04-2025,123,0.44
IND00869,Karnataka,Black,Cotton,26.9,6.6,33.7,286.5,67.7,19.9,19-07-2024,05-12-2024,139,0.39
IND00870,Odisha,Laterite,Rice,35.6,6.1,29.1,109.5,47,18.1,07-01-2024,07-05-2024,121,0.8
IND00871,Gujarat,Black,Cotton,40.2,6.6,18.7,93.2,68.3,0,19-06-2024,15-09-2024,88,0.65
IND00872,Maharashtra,Black,Wheat,42,7.2,28,233.8,86,0,03-12-2024,09-04-2025,127,0.55
IND00873,Odisha,Laterite,Rice,20.1,6.3,19,231.5,85.5,31.1,13-06-2024,12-10-2024,121,0.39
IND00874,Tamil Nadu,Laterite,Rice,24.1,6.8,18.6,85,80,6.7,07-07-2024,04-11-2024,120,0.87
IND00875,Gujarat,Black,Cotton,28,6.2,29.8,261.1,51.8,0,09-05-2024,07-09-2024,121,0.65
IND00876,Telangana,Black,Sugarcane,44.5,7.5,26.6,186.1,75.8,14.7,13-01-2024,07-05-2024,115,0.61
IND00877,Haryana,Alluvial,Wheat,31.8,6.5,27,120.7,71.6,13.1,25-08-2024,25-12-2024,122,0.84
IND00878,Madhya Pradesh,Red,Millet,25.4,7.7,22.1,270,47.6,0,07-08-2024,17-12-2024,132,0.5
IND00879,Haryana,Alluvial,Wheat,35.4,7.2,25.6,147.5,70,25.4,06-03-2024,31-07-2024,147,0.47
IND00880,Bihar,Alluvial,Maize,38,6.6,28.2,216.8,69,22.4,04-03-2024,18-07-2024,136,0.86
IND00881,Haryana,Alluvial,Maize,38.8,7.6,24,205.1,70.6,24.1,05-07-2024,05-12-2024,153,0.88
IND00882,Bihar,Alluvial,Wheat,26.9,7.5,26.4,275.4,43,0,15-07-2024,04-11-2024,112,0.62
IND00883,Madhya Pradesh,Black,Cotton,19.8,6.9,20.5,206.9,83.5,26.5,15-08-2024,29-12-2024,136,0.82
IND00884,Maharashtra,Laterite,Groundnut,17.6,7.5,30,38.1,75.7,27.1,25-11-2024,25-04-2025,151,0.89
IND00885,Tamil Nadu,Laterite,Groundnut,31.4,7.4,19.7,265.8,73.9,25.2,23-01-2024,11-06-2024,140,0.48
IND00886,Karnataka,Black,Sugarcane,13.6,7,23,145.5,55.9,9.8,04-03-2024,27-07-2024,145,0.63
IND00887,Gujarat,Black,Cotton,44,7.8,28.7,109.9,74.9,18.8,16-08-2024,18-11-2024,94,0.82
IND00888,Karnataka,Laterite,Rice,40.3,7.4,31.6,241.9,89.2,0,03-02-2024,02-06-2024,120,0.67
IND00889,Andhra Pradesh,Red,Maize,28.7,7.2,36.6,196.4,58.4,4.5,17-02-2024,20-06-2024,124,0.76
IND00890,Telangana,Red,Maize,40,7.6,21.4,152.7,76.3,1.8,25-07-2024,09-11-2024,107,0.58
IND00891,Uttar Pradesh,Alluvial,Sugarcane,40.1,6.8,28.6,127.2,42.3,31.9,19-05-2024,19-10-2024,153,0.84
IND00892,Maharashtra,Laterite,Groundnut,39.7,6.4,27.3,70.7,87.2,1.8,20-12-2024,30-03-2025,100,0.81
IND00893,West Bengal,Laterite,Rice,32.1,7,38.9,69.4,80.5,31,22-06-2024,19-11-2024,150,0.89
IND00894,Rajasthan,Desert,Millet,23.3,6.2,35.8,155,41,23.9,16-06-2024,26-10-2024,132,0.47
IND00895,Andhra Pradesh,Red,Maize,13.4,7.8,30.6,200.6,62.5,0,18-11-2024,31-03-2025,133,0.53
IND00896,Odisha,Alluvial,Wheat,32.7,6.8,37.1,180.1,46.7,18.8,04-09-2024,07-02-2025,156,0.79
IND00897,Andhra Pradesh,Black,Cotton,25,6.2,39.6,61.7,69.1,37.9,16-05-2024,01-10-2024,138,0.57
IND00898,Karnataka,Black,Wheat,35.5,7,33.8,106.3,77.3,8.9,06-02-2024,12-07-2024,157,0.41
IND00899,Odisha,Laterite,Groundnut,30.7,6.6,18.3,29.5,65.2,16.6,24-07-2024,17-11-2024,116,0.5
IND00900,Rajasthan,Desert,Millet,25.2,6.6,38.7,253.1,44.4,15,24-04-2024,26-07-2024,93,0.6
IND00901,Andhra Pradesh,Black,Cotton,36.1,7.2,39.9,157.9,79.7,0,17-12-2024,24-05-2025,158,0.35
IND00902,Telangana,Black,Sugarcane,28.6,6.1,38.8,271.5,45.7,3.8,03-05-2024,12-08-2024,101,0.55
IND00903,Maharashtra,Red,Pulses,12.7,6.4,39.3,103.7,80.4,9.2,02-01-2024,01-05-2024,120,0.79
IND00904,Madhya Pradesh,Black,Sugarcane,16.8,6.5,27.1,225.7,79.5,1.5,07-11-2024,03-03-2025,116,0.52
IND00905,Gujarat,Alluvial,Sugarcane,12.5,7.7,23.5,78,81.5,47.6,18-07-2024,27-10-2024,101,0.44
IND00906,Odisha,Alluvial,Wheat,42.8,7.8,19.8,77.6,58.8,20.5,10-12-2024,21-03-2025,101,0.86
IND00907,Tamil Nadu,Black,Wheat,39.7,7.1,33.8,272.6,84.4,3,07-12-2024,14-03-2025,97,0.82
IND00908,Bihar,Alluvial,Maize,15.7,7,19.6,55.2,51.2,30.3,07-08-2024,13-11-2024,98,0.62
IND00909,Gujarat,Alluvial,Rice,40.5,6.8,39.7,20.6,87.1,14.4,11-01-2024,18-04-2024,98,0.78
IND00910,Kerala,Laterite,Rice,38.7,6.5,21.9,117.3,57.3,12,06-09-2024,06-01-2025,122,0.65
IND00911,Maharashtra,Black,Sugarcane,20.6,6.6,30.5,269.5,51.2,15.4,11-02-2024,28-05-2024,107,0.75
IND00912,Odisha,Alluvial,Rice,18,7.3,33.4,249.1,88,0,10-09-2024,13-02-2025,156,0.6
IND00913,Odisha,Alluvial,Maize,15.7,7.1,30.8,258.2,81.2,26.6,08-07-2024,09-10-2024,93,0.66
IND00914,Odisha,Alluvial,Maize,39,7.2,24.8,46.9,62.2,8.1,17-01-2024,11-06-2024,146,0.67
IND00915,Tamil Nadu,Black,Wheat,21.8,6.1,22.7,250.6,64.5,14.4,12-05-2024,13-10-2024,154,0.69
IND00916,Andhra Pradesh,Black,Cotton,34.3,6.2,24.4,227.2,89.1,15.7,22-02-2024,30-07-2024,159,0.44
IND00917,Bihar,Alluvial,Wheat,21.6,7.3,22.5,50.2,79.6,19.2,07-05-2024,08-10-2024,154,0.77
IND00918,West Bengal,Alluvial,Rice,30.3,6.4,29.9,107.8,74.5,6.3,20-01-2024,23-06-2024,155,0.61
IND00919,Odisha,Laterite,Rice,39.9,6.1,24.5,150.7,46.7,26.2,19-02-2024,05-06-2024,107,0.57
IND00920,Telangana,Black,Wheat,33.2,6.4,31.6,221.8,54.2,0,05-12-2024,27-04-2025,143,0.79
IND00921,Haryana,Alluvial,Sugarcane,34.1,6.9,37.5,232.1,67.9,18.1,11-12-2024,13-05-2025,153,0.76
IND00922,Bihar,Alluvial,Maize,34,6.5,21.2,284.8,45.9,14.4,02-01-2024,19-05-2024,138,0.47
IND00923,Haryana,Alluvial,Wheat,42.7,6.7,23.6,30.3,72.3,31.6,10-08-2024,04-01-2025,147,0.72
IND00924,Maharashtra,Black,Wheat,25.8,7.6,23.9,186.3,41.2,17.6,06-02-2024,30-06-2024,145,0.5
IND00925,Kerala,Laterite,Rice,21.7,7,18.3,276.5,68.4,25.7,22-11-2024,02-04-2025,131,0.74
IND00926,Odisha,Laterite,Groundnut,25.6,6.7,31.9,205.4,72.4,7.9,01-09-2024,22-12-2024,112,0.37
IND00927,Punjab,Alluvial,Rice,38.6,6.6,26.1,236.1,51.8,0,11-09-2024,15-12-2024,95,0.83
IND00928,Uttar Pradesh,Alluvial,Sugarcane,22.7,6.6,22.3,174.2,45.9,16.2,13-06-2024,09-10-2024,118,0.75
IND00929,Gujarat,Alluvial,Wheat,35.3,7.5,28.9,220.7,75.2,0,09-10-2024,05-01-2025,88,0.69
IND00930,Tamil Nadu,Red,Pulses,31.6,7.6,37.1,193.1,84.3,31.6,13-11-2024,28-02-2025,107,0.56
IND00931,Andhra Pradesh,Black,Wheat,25.7,7.4,29.6,137.9,52.6,23.8,20-06-2024,16-11-2024,149,0.76
IND00932,Tamil Nadu,Laterite,Rice,39.7,6.5,30.8,218.9,69,0,25-04-2024,27-09-2024,155,0.71
IND00933,Punjab,Alluvial,Pulses,31.1,6.1,24.8,81.8,41,28.4,25-06-2024,10-11-2024,138,0.61
IND00934,Tamil Nadu,Red,Millet,44,7.5,34.5,104.4,71.2,22.5,20-06-2024,10-11-2024,143,0.9
IND00935,Bihar,Alluvial,Pulses,31.2,7,26.1,185.3,52.5,0,21-04-2024,13-09-2024,145,0.67
IND00936,Gujarat,Black,Sugarcane,34.7,6.9,34.4,74.9,61.1,38.7,03-10-2024,29-12-2024,87,0.83
IND00937,Gujarat,Alluvial,Pulses,39.5,7.4,33,218.6,50,0,08-08-2024,12-01-2025,157,0.38
IND00938,Odisha,Alluvial,Wheat,25.2,7.6,25,239.1,82.6,8,03-05-2024,02-09-2024,122,0.83
IND00939,Punjab,Alluvial,Maize,38.3,6.2,30.6,229.6,43.9,3.6,14-08-2024,21-11-2024,99,0.48
IND00940,Telangana,Black,Sugarcane,43.3,6.3,30.9,155.7,84.3,10.8,20-02-2024,04-07-2024,135,0.71
IND00941,Kerala,Laterite,Rice,24.8,7.5,19.4,40.7,50,32.7,05-01-2024,29-04-2024,115,0.72
IND00942,Odisha,Laterite,Rice,22.6,7,18.8,231.8,54.6,18.7,08-06-2024,10-10-2024,124,0.37
IND00943,Kerala,Laterite,Rice,25,6.4,21.7,69.8,64.1,10.1,18-10-2024,22-02-2025,127,0.51
IND00944,Rajasthan,Alluvial,Wheat,42.1,7.5,38,163.9,66.1,17.6,06-07-2024,27-10-2024,113,0.89
IND00945,Odisha,Laterite,Groundnut,44.3,6.1,26.5,180.6,75.1,6.5,23-08-2024,09-12-2024,108,0.49
IND00946,Gujarat,Alluvial,Wheat,34.8,7.6,19.3,277.3,65.8,18.5,24-11-2024,20-02-2025,88,0.44
IND00947,Uttar Pradesh,Alluvial,Sugarcane,21.4,7,29.6,287.5,75.2,19.6,04-11-2024,13-03-2025,129,0.65
IND00948,Odisha,Laterite,Rice,38.4,6.9,19,228.1,83.9,0,02-05-2024,04-09-2024,125,0.58
IND00949,Punjab,Alluvial,Pulses,26.4,6.8,35.2,27.2,43.5,35.3,12-11-2024,26-02-2025,106,0.69
IND00950,Maharashtra,Red,Pulses,16.9,7.7,22.9,68.7,68.9,26.2,21-04-2024,26-08-2024,127,0.46
IND00951,Madhya Pradesh,Black,Wheat,30.6,6,38.9,90.6,55.6,30.1,18-02-2024,13-06-2024,116,0.4
IND00952,Karnataka,Red,Groundnut,13.3,6.7,30.5,126.9,77.1,10.8,05-06-2024,10-09-2024,97,0.49
IND00953,Karnataka,Black,Sugarcane,19.9,6.7,25.4,223.4,45.3,13.8,23-11-2024,02-05-2025,160,0.45
IND00954,Andhra Pradesh,Red,Maize,16.8,7.7,35.7,163.4,74.1,3.3,19-06-2024,06-11-2024,140,0.61
IND00955,Madhya Pradesh,Black,Wheat,43.2,7,29.7,24.5,42,8.1,25-03-2024,20-07-2024,117,0.71
IND00956,Punjab,Alluvial,Sugarcane,35.5,6.8,39.4,203.1,45.6,13,17-06-2024,18-10-2024,123,0.38
IND00957,Gujarat,Black,Sugarcane,15.6,6.3,19.8,76.1,46.7,45,16-06-2024,03-11-2024,140,0.77
IND00958,Maharashtra,Red,Millet,16.1,7.5,25.7,298.3,52.9,21.9,25-09-2024,31-12-2024,97,0.58
IND00959,Andhra Pradesh,Red,Groundnut,44.8,7.6,26.7,259.5,69.6,0,12-02-2024,06-06-2024,115,0.85
IND00960,Gujarat,Black,Cotton,17.9,7.4,39.3,294.4,63,0,06-11-2024,06-04-2025,151,0.78
IND00961,Punjab,Alluvial,Sugarcane,43.1,6.7,25.2,51.3,68.2,29.7,08-06-2024,24-10-2024,138,0.57
IND00962,Tamil Nadu,Laterite,Groundnut,20.4,7.5,38.9,147.7,56.1,25.9,03-12-2024,20-03-2025,107,0.53
IND00963,Kerala,Laterite,Rice,38.4,6.9,20.8,253.9,69.9,1.7,12-09-2024,27-01-2025,137,0.58
IND00964,Punjab,Alluvial,Pulses,15.5,6.2,34.5,125.5,63,4.1,04-03-2024,20-06-2024,108,0.8
IND00965,Bihar,Alluvial,Rice,37.1,6.9,33.4,271.2,51.3,8,09-03-2024,14-06-2024,97,0.47
IND00966,Tamil Nadu,Red,Pulses,17.2,6.4,36,186.2,81.8,35.8,15-07-2024,15-12-2024,153,0.87
IND00967,Uttar Pradesh,Alluvial,Sugarcane,20.6,6.6,23,60,89,33.9,19-05-2024,23-08-2024,96,0.6
IND00968,Bihar,Alluvial,Maize,14.4,7.3,28.7,197.5,63,3.9,04-08-2024,03-01-2025,152,0.41
IND00969,Uttar Pradesh,Alluvial,Wheat,27.7,6.2,24.8,117.7,67,29.3,25-04-2024,01-09-2024,129,0.35
IND00970,West Bengal,Alluvial,Pulses,35.6,7.8,22.1,101.2,76.4,3.7,11-04-2024,04-08-2024,115,0.59
IND00971,Gujarat,Black,Wheat,35.7,7.3,39.2,119.5,72.6,28.7,17-12-2024,21-05-2025,155,0.68
IND00972,West Bengal,Alluvial,Pulses,40.3,7.8,26.2,212.8,82,0,24-02-2024,26-07-2024,153,0.38
IND00973,Odisha,Alluvial,Pulses,23.9,6.2,38.5,278.7,67.9,0,06-07-2024,06-10-2024,92,0.38
IND00974,Kerala,Laterite,Rice,28.3,6.8,34.9,164.3,69.4,4.7,02-09-2024,12-12-2024,101,0.88
IND00975,Haryana,Alluvial,Rice,31.1,6.6,18.2,73.7,44.1,10.9,09-01-2024,16-06-2024,159,0.89
IND00976,Haryana,Alluvial,Rice,30.7,7.3,21.8,83.3,75.5,10.8,16-09-2024,22-01-2025,128,0.68
IND00977,Kerala,Laterite,Groundnut,19.5,7,23.8,223.4,79.2,31.4,22-10-2024,13-02-2025,114,0.72
IND00978,Maharashtra,Black,Wheat,35.6,7,28.7,21.2,61.6,40.6,15-10-2024,23-03-2025,159,0.47
IND00979,Rajasthan,Alluvial,Maize,24.2,7.6,20.7,108.1,70.4,8.4,11-04-2024,09-08-2024,120,0.39
IND00980,Maharashtra,Red,Pulses,33,7.6,37.9,203.3,86.2,0,15-05-2024,23-09-2024,131,0.54
IND00981,Uttar Pradesh,Alluvial,Rice,28.6,7.2,28.4,287.8,57.2,17.3,05-04-2024,07-09-2024,155,0.66
IND00982,Punjab,Alluvial,Pulses,35.9,7.7,29.7,253.5,82.5,0,13-05-2024,10-08-2024,89,0.45
IND00983,Kerala,Laterite,Groundnut,15.2,7.4,36.9,284.2,48.3,30,23-04-2024,19-08-2024,118,0.42
IND00984,Telangana,Red,Maize,16.6,6.9,39.9,281.8,78.6,4.5,02-12-2024,16-03-2025,104,0.89
IND00985,Kerala,Laterite,Rice,33.9,6.7,36.2,105.6,78.6,18.3,20-01-2024,03-06-2024,135,0.89
IND00986,Odisha,Alluvial,Rice,16.6,7.3,39.4,191.2,56.1,37.4,13-02-2024,18-07-2024,156,0.47
IND00987,Andhra Pradesh,Red,Pulses,20.1,6,25.6,82.1,55.6,27.1,10-01-2024,30-04-2024,111,0.62
IND00988,Haryana,Alluvial,Rice,27.2,7.5,25.2,88.3,87,24.1,24-10-2024,07-02-2025,106,0.61
IND00989,Telangana,Black,Wheat,43.3,7.7,23.1,158,54.9,0,20-03-2024,29-06-2024,101,0.41
IND00990,Haryana,Alluvial,Maize,35.5,6.8,24.4,146.6,75.7,3,25-08-2024,11-12-2024,108,0.64
IND00991,West Bengal,Laterite,Groundnut,21.6,6.3,35.1,267.1,40.6,8.9,10-09-2024,09-02-2025,152,0.75
IND00992,Gujarat,Black,Cotton,21.6,6.1,39.2,291,55.3,17.2,04-05-2024,04-09-2024,123,0.78
IND00993,Tamil Nadu,Red,Groundnut,38.4,6.4,33.5,140.9,83.1,0,01-02-2024,15-05-2024,104,0.61
IND00994,Gujarat,Black,Cotton,15.9,6,28.7,67.5,64.5,47.6,15-11-2024,04-04-2025,140,0.43
IND00995,Kerala,Laterite,Rice,27.8,6.9,21.5,223.4,67.3,7.1,12-04-2024,12-09-2024,153,0.85
IND00996,Gujarat,Alluvial,Wheat,17.4,7.8,28.9,207.1,83,33.9,02-01-2024,26-05-2024,145,0.88
IND00997,Telangana,Black,Wheat,44.4,7.4,37.8,51.5,88.1,29.9,23-08-2024,25-11-2024,94,0.74
IND00998,Bihar,Alluvial,Wheat,24.6,6.1,25.5,133.8,46.6,32.4,22-06-2024,03-10-2024,103,0.37
IND00999,Karnataka,Red,Groundnut,41.8,7.5,26.9,61.6,55.5,23.5,11-08-2024,11-12-2024,122,0.51
IND01000,Uttar Pradesh,Alluvial,Rice,13.8,6.8,30.9,149.7,64.3,22.7,25-12-2024,27-03-2025,92,0.86
IND01001,Rajasthan,Alluvial,Pulses,31.4,6.6,24.4,275.6,74.8,0,03-08-2024,05-01-2025,155,0.79
IND01002,Punjab,Alluvial,Rice,31.3,6.8,18.1,173.6,67.4,0,14-06-2024,04-10-2024,112,0.39
IND01003,Rajasthan,Alluvial,Wheat,41.4,6.4,35.8,159.4,61.1,0,02-07-2024,06-12-2024,157,0.64
IND01004,Karnataka,Red,Pulses,36.9,7.5,33.1,92.8,79,34.4,14-11-2024,23-02-2025,101,0.7
IND01005,Punjab,Alluvial,Rice,41.7,7.7,39.5,195.1,76.4,0,01-03-2024,11-06-2024,102,0.79
IND01006,Uttar Pradesh,Alluvial,Wheat,44,7.4,38.3,197.5,42.5,0,03-06-2024,29-08-2024,87,0.47
IND01007,West Bengal,Alluvial,Maize,36.3,7.3,26.3,208.4,75.4,0,04-10-2024,02-01-2025,90,0.76
IND01008,Gujarat,Black,Sugarcane,34.2,7.2,23.7,108,85.9,3,08-06-2024,23-10-2024,137,0.7
IND01009,Karnataka,Black,Cotton,40,6.7,23.5,46.9,69.4,18.3,19-10-2024,02-03-2025,134,0.67
IND01010,Haryana,Alluvial,Rice,42.5,6.2,33.9,264.8,67.7,14.9,25-04-2024,13-09-2024,141,0.76
IND01011,Maharashtra,Black,Sugarcane,43.7,6.5,31.5,228.2,50.8,9.5,17-12-2024,11-04-2025,115,0.77
IND01012,Maharashtra,Red,Millet,33.5,6.6,35.2,187.2,44.2,12.5,16-03-2024,01-08-2024,138,0.78
IND01013,Rajasthan,Alluvial,Sugarcane,28.7,6.1,30.5,270.8,79.4,0,07-02-2024,10-07-2024,154,0.39
IND01014,Odisha,Laterite,Groundnut,41.8,6.7,33.6,204.2,86.8,15.7,11-04-2024,11-07-2024,91,0.84
IND01015,Karnataka,Black,Wheat,31.4,6.4,20.1,34.3,57.6,10.4,06-09-2024,16-01-2025,132,0.84
IND01016,Madhya Pradesh,Black,Cotton,22,6.8,29.2,271.5,86.2,0,08-08-2024,25-11-2024,109,0.45
IND01017,Odisha,Alluvial,Wheat,30.2,6.4,18.1,71.3,80.5,7.8,23-11-2024,04-03-2025,101,0.89
IND01018,Punjab,Alluvial,Wheat,38.8,7.2,30.8,127.5,48.5,6.2,21-09-2024,18-02-2025,150,0.52
IND01019,Punjab,Alluvial,Wheat,37.6,6.5,35.5,112.3,73.2,20.5,04-10-2024,10-03-2025,157,0.88
IND01020,Uttar Pradesh,Alluvial,Wheat,33.8,6.1,35.7,291.7,68,0,02-05-2024,30-07-2024,89,0.53
IND01021,Punjab,Alluvial,Pulses,24.7,6.5,32.7,299.1,56.3,7.1,06-02-2024,26-05-2024,110,0.66
IND01022,Uttar Pradesh,Alluvial,Sugarcane,36.3,6.5,25.9,149.3,89.4,32,24-11-2024,17-04-2025,144,0.64
IND01023,Odisha,Laterite,Groundnut,21.3,7.2,28.8,263.4,44.8,0,05-12-2024,15-03-2025,100,0.49
IND01024,Rajasthan,Desert,Millet,39.2,7.1,21.3,190.8,66.2,25.7,09-12-2024,20-04-2025,132,0.89
IND01025,West Bengal,Laterite,Groundnut,40.4,7.3,30.7,269.9,82.4,0,23-10-2024,30-03-2025,158,0.76
IND01026,Bihar,Alluvial,Pulses,34.3,7.2,24.7,253.9,57.6,22,09-03-2024,30-06-2024,113,0.49
IND01027,Tamil Nadu,Red,Maize,26.3,6.7,29.5,164.6,72.7,11.3,04-10-2024,17-02-2025,136,0.56
IND01028,Uttar Pradesh,Alluvial,Sugarcane,44,7.2,24.8,263,64.1,5.5,18-10-2024,30-01-2025,104,0.71
IND01029,West Bengal,Laterite,Groundnut,27.3,7.4,25.3,92.9,66.6,27.4,04-12-2024,11-03-2025,97,0.62
IND01030,Punjab,Alluvial,Wheat,32.3,7.4,37.2,169.3,65.9,6.5,03-09-2024,04-01-2025,123,0.6
IND01031,Karnataka,Red,Millet,34.6,7.6,30.3,288.7,44.2,1.8,13-01-2024,13-04-2024,91,0.5
IND01032,Gujarat,Black,Wheat,38.4,6.1,21,293.3,48.2,7.8,08-09-2024,31-12-2024,114,0.85
IND01033,Punjab,Alluvial,Wheat,40,6.2,30,80.3,63.7,2.1,22-10-2024,04-02-2025,105,0.6
IND01034,Tamil Nadu,Red,Pulses,19.4,6.3,31.4,56.7,74.3,42,21-08-2024,25-01-2025,157,0.71
IND01035,Haryana,Alluvial,Maize,36,6.6,33,24.3,46.8,40.4,06-12-2024,02-05-2025,147,0.59
IND01036,Odisha,Alluvial,Sugarcane,34.5,6.9,34.5,195.9,51.3,1.2,23-06-2024,30-10-2024,129,0.86
IND01037,Tamil Nadu,Red,Millet,23.5,7.7,26.4,273.7,68.7,0,04-05-2024,26-09-2024,145,0.75
IND01038,Punjab,Alluvial,Wheat,31.3,6.4,33.2,187.2,84.6,3.9,14-09-2024,02-02-2025,141,0.84
IND01039,West Bengal,Alluvial,Pulses,37.5,6.9,35.3,294.2,85.1,15.3,22-04-2024,11-08-2024,111,0.72
IND01040,Odisha,Laterite,Groundnut,27.8,7.6,39.8,107.3,44.8,2.2,07-11-2024,27-02-2025,112,0.71
IND01041,Rajasthan,Desert,Millet,22.6,7.7,22.3,79.9,88.6,9,11-09-2024,02-02-2025,144,0.85
IND01042,Andhra Pradesh,Black,Sugarcane,28.5,7.1,34.4,236.3,88.5,7.3,11-10-2024,02-02-2025,114,0.45
IND01043,Madhya Pradesh,Red,Groundnut,40.6,7.1,22.6,110.2,65.5,19.5,10-07-2024,12-12-2024,155,0.71
IND01044,Haryana,Alluvial,Sugarcane,25.9,7.1,29.1,224.5,80.9,5.6,18-07-2024,23-10-2024,97,0.7
IND01045,Telangana,Red,Maize,17.6,6.5,26.5,121.5,70.1,23.4,20-01-2024,09-05-2024,110,0.77
IND01046,Rajasthan,Desert,Millet,26,7.5,30.2,70.1,89,15.6,06-01-2024,01-05-2024,116,0.81
IND01047,Kerala,Laterite,Rice,22.8,7.8,33.5,261.3,54.9,1.9,04-02-2024,09-05-2024,95,0.65
IND01048,Uttar Pradesh,Alluvial,Rice,13.7,7,25.3,268.9,50.3,0,08-12-2024,29-04-2025,142,0.4
IND01049,Madhya Pradesh,Black,Cotton,18.3,6.3,33.3,218.7,47.6,0,16-03-2024,12-07-2024,118,0.68
IND01050,Rajasthan,Desert,Millet,16,6.8,28,237.9,44,21.1,23-09-2024,02-02-2025,132,0.65
IND01051,Kerala,Laterite,Rice,35.1,6.7,36.4,107.5,76.5,20.8,23-07-2024,07-11-2024,107,0.48
IND01052,Tamil Nadu,Black,Cotton,33.1,7.2,21.8,54.6,85,38.7,21-01-2024,27-04-2024,97,0.5
IND01053,Haryana,Alluvial,Pulses,26,7.3,27,266.7,65.6,10,01-12-2024,27-03-2025,116,0.62
IND01054,Haryana,Alluvial,Sugarcane,21.1,6.1,37,59.3,85.8,37.3,01-07-2024,06-10-2024,97,0.53
IND01055,Madhya Pradesh,Black,Cotton,38,6.8,18.8,150.6,74.5,10.4,11-05-2024,26-09-2024,138,0.86
IND01056,Tamil Nadu,Black,Cotton,32.2,7.3,29.2,264.2,48.1,15.6,10-09-2024,22-01-2025,134,0.59
IND01057,West Bengal,Laterite,Rice,14.9,6.7,21.8,69.7,67.9,12.9,25-04-2024,15-09-2024,143,0.85
IND01058,Uttar Pradesh,Alluvial,Wheat,19.3,7,27.4,226.9,51.1,0,01-01-2024,14-04-2024,104,0.39
IND01059,West Bengal,Laterite,Rice,33,6.5,28.1,243,60.5,1.2,02-04-2024,18-08-2024,138,0.63
IND01060,Kerala,Laterite,Rice,26.8,7.3,23.7,65.2,61.7,29.5,21-09-2024,18-12-2024,88,0.76
IND01061,West Bengal,Alluvial,Wheat,40.3,6.6,21.6,297.7,51.6,0,25-10-2024,28-03-2025,154,0.53
IND01062,Bihar,Alluvial,Sugarcane,25,6.7,31.9,225.7,76,0,14-06-2024,07-11-2024,146,0.85
IND01063,Tamil Nadu,Red,Pulses,42,7.3,32.9,45.7,50.6,15.7,12-06-2024,10-10-2024,120,0.86
IND01064,Gujarat,Alluvial,Maize,33.5,6.1,32.3,245.9,50.5,20.6,22-02-2024,28-07-2024,157,0.42
IND01065,Kerala,Laterite,Groundnut,25.5,6.7,36.4,280.6,40.5,25.2,22-08-2024,03-12-2024,103,0.75
IND01066,Odisha,Laterite,Groundnut,23.8,7,25.1,142.7,71.6,30.5,20-12-2024,27-03-2025,97,0.47
IND01067,Tamil Nadu,Red,Pulses,31.6,6.5,18.4,99.7,58.8,14.6,07-04-2024,15-08-2024,130,0.62
IND01068,Karnataka,Laterite,Rice,23.4,6.1,36.8,252.1,43.5,0,14-09-2024,04-02-2025,143,0.79
IND01069,Kerala,Laterite,Groundnut,44.4,6.2,31.7,126,82.5,1.5,21-08-2024,10-01-2025,142,0.38
IND01070,Odisha,Alluvial,Pulses,33.2,7.2,23.2,141,57.7,17.4,06-12-2024,07-04-2025,122,0.7
IND01071,Telangana,Red,Millet,43.8,7.5,38.8,273.3,59.7,6.6,05-08-2024,25-11-2024,112,0.77
IND01072,Bihar,Alluvial,Rice,18.6,6.5,32.6,292.8,48.1,20.7,02-11-2024,03-02-2025,93,0.65
IND01073,Tamil Nadu,Laterite,Groundnut,37.9,7.3,33.3,42.6,87.7,17.9,15-05-2024,18-10-2024,156,0.72
IND01074,Odisha,Laterite,Groundnut,25.3,6.5,35.5,73.4,88.7,21.3,23-09-2024,18-12-2024,86,0.74
IND01075,West Bengal,Laterite,Groundnut,37.3,7.5,33.3,142.6,43.8,31.1,17-09-2024,29-12-2024,103,0.47
IND01076,Haryana,Alluvial,Maize,36.9,6.2,32.9,281.3,75,2.8,17-11-2024,28-03-2025,131,0.88
IND01077,Haryana,Alluvial,Sugarcane,14.5,6.6,28.8,124.1,40.8,5.9,12-05-2024,12-08-2024,92,0.59
IND01078,Rajasthan,Alluvial,Wheat,32.7,7.3,24.2,236.9,81.8,10.8,02-01-2024,28-04-2024,117,0.47
IND01079,Telangana,Black,Sugarcane,43.1,6.1,32.2,289.6,42.6,0,22-02-2024,19-07-2024,148,0.62
IND01080,Punjab,Alluvial,Sugarcane,21.7,7.8,33.1,99.7,56.1,19.1,18-10-2024,13-01-2025,87,0.88
IND01081,Bihar,Alluvial,Rice,33.7,7.1,18.2,57.5,53.6,8.6,09-02-2024,26-06-2024,138,0.4
IND01082,Odisha,Alluvial,Rice,22.4,6.4,26.5,148.4,72.1,37.5,16-10-2024,16-01-2025,92,0.55
IND01083,Bihar,Alluvial,Sugarcane,39.2,6.9,35.3,140.1,41.2,0,24-12-2024,08-05-2025,135,0.59
IND01084,Andhra Pradesh,Black,Wheat,44.5,7.5,24.8,47.7,88.4,30.5,17-08-2024,14-01-2025,150,0.71
IND01085,Haryana,Alluvial,Wheat,14.1,6.5,32.8,101.3,50.5,15.8,12-08-2024,02-01-2025,143,0.63
IND01086,Maharashtra,Laterite,Groundnut,18.4,7.7,36.4,192.5,48,7.5,01-02-2024,14-06-2024,134,0.5
IND01087,Rajasthan,Alluvial,Rice,21.5,6.5,31.5,255.4,67.8,4.4,14-04-2024,24-08-2024,132,0.86
IND01088,Tamil Nadu,Black,Wheat,26.3,6.8,36.1,241.6,88.9,0,24-11-2024,20-02-2025,88,0.47
IND01089,West Bengal,Alluvial,Pulses,22.7,7,18.7,254.8,80.3,20,15-09-2024,05-02-2025,143,0.43
IND01090,Gujarat,Black,Sugarcane,13.7,6.8,32.1,105.6,87.8,43.5,09-05-2024,10-09-2024,124,0.83
IND01091,Madhya Pradesh,Black,Cotton,28.5,6.1,34.6,47.2,59.1,38.1,20-03-2024,20-08-2024,153,0.59
IND01092,Uttar Pradesh,Alluvial,Pulses,16.6,6.7,23.8,88.2,51.2,9.6,07-09-2024,09-12-2024,93,0.79
IND01093,Madhya Pradesh,Black,Sugarcane,41.7,7.2,31,75.3,58.8,30,25-09-2024,08-02-2025,136,0.65
IND01094,Gujarat,Black,Wheat,35,6.2,36.9,40.6,73.9,35.9,05-05-2024,11-10-2024,159,0.76
IND01095,Madhya Pradesh,Black,Wheat,33.5,6.1,18.9,31.4,65.7,16.8,01-08-2024,07-12-2024,128,0.49
IND01096,Madhya Pradesh,Red,Pulses,38.6,7.4,33.2,38.7,68.7,3.4,06-01-2024,07-06-2024,153,0.41
IND01097,Gujarat,Black,Wheat,19.2,6.3,36.7,215.6,74,25,12-08-2024,06-01-2025,147,0.47
IND01098,Odisha,Alluvial,Rice,43.2,6.2,38.2,56.7,67.4,13.2,15-01-2024,11-06-2024,148,0.55
IND01099,Bihar,Alluvial,Wheat,18.8,6.6,28.3,179,75,17.1,01-12-2024,13-03-2025,102,0.61
IND01100,Maharashtra,Black,Sugarcane,14.6,6.1,21.1,96.2,62.7,14.2,12-02-2024,24-06-2024,133,0.37
IND01101,Odisha,Alluvial,Pulses,30.1,7.1,18.6,66.7,85.9,3.9,21-09-2024,01-01-2025,102,0.42
IND01102,Rajasthan,Alluvial,Wheat,41.3,6.1,37.8,99.1,42.1,7.8,18-10-2024,11-02-2025,116,0.78
IND01103,Bihar,Alluvial,Rice,24.6,7.8,31.3,275.4,46.1,0,16-09-2024,12-02-2025,149,0.82
IND01104,Tamil Nadu,Red,Millet,30.5,7.2,20.5,152,46.3,12.1,09-12-2024,18-05-2025,160,0.78
IND01105,Karnataka,Black,Cotton,36.1,7.4,28.9,109.1,84.7,2.6,15-05-2024,01-10-2024,139,0.47
IND01106,Maharashtra,Red,Millet,28.7,6.4,20.3,198.2,84,0,20-03-2024,20-06-2024,92,0.39
IND01107,Rajasthan,Alluvial,Rice,18.4,7.3,25.9,178.4,84.6,16.5,22-10-2024,24-03-2025,153,0.82
IND01108,Telangana,Red,Pulses,39.3,7.5,27,258.9,53.9,0,18-10-2024,02-03-2025,135,0.75
IND01109,Odisha,Laterite,Groundnut,32.3,7.3,29.9,263.1,84.2,16.6,17-05-2024,24-10-2024,160,0.59
IND01110,Tamil Nadu,Laterite,Groundnut,35.7,7.8,39.4,201.7,84.3,27,25-05-2024,25-08-2024,92,0.65
IND01111,Haryana,Alluvial,Maize,32.4,6.6,28.1,97,59.3,0.9,12-05-2024,06-09-2024,117,0.52
IND01112,Punjab,Alluvial,Sugarcane,28,7.4,23.8,94,61.8,11.3,22-08-2024,10-01-2025,141,0.61
IND01113,Haryana,Alluvial,Maize,33.5,7.4,27.9,163.1,65.4,9.1,16-09-2024,03-01-2025,109,0.69
IND01114,Kerala,Laterite,Rice,42.7,6.3,27.1,98.3,87.7,2.3,06-07-2024,12-11-2024,129,0.87
IND01115,Uttar Pradesh,Alluvial,Rice,31.6,7.7,38.8,72.1,87,35.4,25-07-2024,23-11-2024,121,0.49
IND01116,Rajasthan,Desert,Millet,18.9,7.5,38.2,174.1,88.7,20.9,05-09-2024,18-01-2025,135,0.56
IND01117,Gujarat,Black,Sugarcane,30.4,7,20.4,30.2,55.6,37.5,03-02-2024,13-06-2024,131,0.71
IND01118,Haryana,Alluvial,Rice,17.3,6.5,36.1,173,67.4,17.2,23-03-2024,14-08-2024,144,0.87
IND01119,Gujarat,Black,Sugarcane,32.1,6.2,39.8,158,44.3,17.4,07-03-2024,12-08-2024,158,0.47
IND01120,Maharashtra,Red,Millet,37,6.3,29.8,241.1,54,18.1,13-02-2024,21-05-2024,98,0.5
IND01121,Karnataka,Laterite,Groundnut,23.9,7,20.5,273,40.2,0,02-12-2024,18-04-2025,137,0.73
IND01122,Bihar,Alluvial,Rice,30.2,7.1,27.5,42.8,59.7,7,18-02-2024,06-07-2024,139,0.79
IND01123,Madhya Pradesh,Black,Cotton,18.6,6.1,33.2,174.9,79.2,37.2,08-06-2024,01-11-2024,146,0.86
IND01124,Bihar,Alluvial,Sugarcane,35.9,6.1,25.7,267.4,58.6,7.5,17-09-2024,16-01-2025,121,0.6
IND01125,Haryana,Alluvial,Pulses,24.6,7,31.8,58.7,73,24.5,18-12-2024,29-03-2025,101,0.88
IND01126,Andhra Pradesh,Red,Millet,35.3,7.4,38.2,266.9,55.3,2,02-02-2024,19-06-2024,138,0.36
IND01127,Rajasthan,Alluvial,Pulses,14.5,7.6,27.5,61.2,62.5,43.6,01-12-2024,11-03-2025,100,0.61
IND01128,Gujarat,Alluvial,Sugarcane,36.1,7.3,19.1,140.8,77.1,8.3,07-12-2024,30-04-2025,144,0.55
IND01129,Haryana,Alluvial,Sugarcane,18,7.4,27.9,258.9,57.7,16.2,09-06-2024,08-11-2024,152,0.42
IND01130,Gujarat,Black,Sugarcane,30.2,6.9,19.1,209.3,46.2,26.5,15-10-2024,20-03-2025,156,0.79
IND01131,Maharashtra,Black,Cotton,24.5,6.9,39.8,276.9,58.3,18.3,11-02-2024,13-05-2024,92,0.46
IND01132,Telangana,Red,Maize,36.9,7.2,25.6,118.6,48.4,0,24-03-2024,03-08-2024,132,0.56
IND01133,Rajasthan,Alluvial,Wheat,19.6,6.9,36.7,125.1,52.9,29.7,13-07-2024,03-11-2024,113,0.56
IND01134,Kerala,Laterite,Groundnut,41.5,6.7,24.7,78.4,78.6,1.3,25-11-2024,27-03-2025,122,0.58
IND01135,Andhra Pradesh,Black,Sugarcane,28,6.7,39.1,266.3,77.9,3.2,25-08-2024,25-11-2024,92,0.87
IND01136,Gujarat,Black,Cotton,25.1,7.5,21.4,123.1,54.5,10.1,08-05-2024,05-08-2024,89,0.58
IND01137,Gujarat,Black,Cotton,20.5,6.3,36.5,217.7,88.1,0,20-11-2024,27-02-2025,99,0.69
IND01138,Karnataka,Laterite,Rice,40.9,7.7,25.4,131.7,68.1,21.8,03-06-2024,03-11-2024,153,0.7
IND01139,Kerala,Laterite,Rice,36.5,7.3,27.4,79.5,67.6,37.8,21-01-2024,19-05-2024,119,0.77
IND01140,Bihar,Alluvial,Maize,15.3,6.6,18.1,122.8,65.3,38.8,24-01-2024,11-06-2024,139,0.59
IND01141,Gujarat,Alluvial,Pulses,39.7,7.2,19.4,50.5,56,2.1,22-03-2024,05-07-2024,105,0.89
IND01142,Uttar Pradesh,Alluvial,Sugarcane,25.9,6.6,26.7,259.4,81.8,21.5,09-08-2024,24-12-2024,137,0.81
IND01143,Bihar,Alluvial,Rice,30.9,7.1,35.3,293.7,41.3,13.7,03-08-2024,09-11-2024,98,0.69
IND01144,Telangana,Black,Sugarcane,44,6.9,30.3,158.2,49.5,18.8,02-09-2024,22-01-2025,142,0.9
IND01145,Andhra Pradesh,Red,Groundnut,20.4,7.4,27.5,50.2,54,29.3,05-12-2024,13-05-2025,159,0.86
IND01146,Maharashtra,Black,Sugarcane,33,7.6,21.6,34.3,40.3,9.8,23-10-2024,11-02-2025,111,0.49
IND01147,Kerala,Laterite,Groundnut,28.2,6.5,21.6,164.8,50.3,27.2,08-07-2024,06-11-2024,121,0.71
IND01148,Odisha,Laterite,Rice,26.6,7.3,20.3,52,59.6,6.1,21-01-2024,15-04-2024,85,0.73
IND01149,Rajasthan,Desert,Millet,36.7,6.3,27.2,208.9,69.8,5.8,10-03-2024,04-08-2024,147,0.41
IND01150,Uttar Pradesh,Alluvial,Rice,22.9,7.6,18.1,283.9,64.4,10.5,16-05-2024,11-09-2024,118,0.87
IND01151,Uttar Pradesh,Alluvial,Pulses,16.8,7,28.2,273.9,47.8,19.7,07-04-2024,17-07-2024,101,0.52
IND01152,Madhya Pradesh,Red,Maize,19.4,6.8,21.2,77.4,71.5,14.5,03-04-2024,23-07-2024,111,0.58
IND01153,Punjab,Alluvial,Rice,29.4,6.8,20.3,48.8,60.3,36.1,05-01-2024,19-05-2024,135,0.43
IND01154,Uttar Pradesh,Alluvial,Pulses,13.7,7.7,31.1,201.7,60.7,0,09-02-2024,05-05-2024,86,0.5
IND01155,West Bengal,Alluvial,Pulses,35.8,6.9,21.1,205.5,52,0,07-04-2024,01-07-2024,85,0.63
IND01156,Maharashtra,Black,Cotton,30.4,7.2,36,120.3,43.8,0,14-08-2024,07-12-2024,115,0.47
IND01157,Gujarat,Black,Cotton,18.5,6.2,19.8,112.1,63.9,34.4,13-10-2024,23-01-2025,102,0.48
IND01158,Andhra Pradesh,Black,Sugarcane,16.9,6.3,29.7,285.8,63.1,0,19-06-2024,22-09-2024,95,0.84
IND01159,Haryana,Alluvial,Pulses,29.1,6,28.1,248.9,82.6,0,15-09-2024,14-12-2024,90,0.58
IND01160,Telangana,Red,Pulses,33.2,6.1,19.4,63.1,67.5,16.2,21-10-2024,16-02-2025,118,0.69
IND01161,Haryana,Alluvial,Maize,20.6,7.3,21,134.9,72.2,17.1,21-01-2024,30-05-2024,130,0.41
IND01162,Maharashtra,Black,Sugarcane,19.2,7.4,32.3,169.7,46,18.1,19-07-2024,04-11-2024,108,0.63
IND01163,Kerala,Laterite,Rice,41.4,7.3,31.5,39.6,86.5,14.1,14-12-2024,06-04-2025,113,0.75
IND01164,Maharashtra,Red,Maize,28.1,7.1,28.5,167.3,43.6,24.1,15-08-2024,09-11-2024,86,0.59
IND01165,Telangana,Black,Sugarcane,23.2,6.8,26.9,88.5,54.7,29.9,24-10-2024,25-03-2025,152,0.84
IND01166,Andhra Pradesh,Black,Wheat,14.6,6.3,32.1,151.4,52,19.2,06-06-2024,19-10-2024,135,0.83
IND01167,Maharashtra,Black,Wheat,25.3,7.3,32.6,45,53.4,16.8,19-06-2024,02-10-2024,105,0.69
IND01168,Maharashtra,Black,Cotton,25.4,6.4,25.2,291.5,77.3,22.9,16-09-2024,18-01-2025,124,0.85
IND01169,Madhya Pradesh,Red,Pulses,37,7.2,38.1,91.8,51.7,25.9,13-03-2024,12-07-2024,121,0.72
IND01170,Haryana,Alluvial,Wheat,45,6.4,31.8,203.8,66.9,0,04-04-2024,03-07-2024,90,0.71
IND01171,Uttar Pradesh,Alluvial,Rice,22.9,7,19,104.2,63.6,14.8,01-02-2024,31-05-2024,120,0.73
IND01172,West Bengal,Alluvial,Wheat,28.6,7,19.1,266.9,74,6.2,23-06-2024,05-11-2024,135,0.7
IND01173,Telangana,Black,Cotton,30.9,7.8,18.4,141.6,53.4,26.8,20-11-2024,18-02-2025,90,0.88
IND01174,Gujarat,Alluvial,Pulses,40.7,6.6,36.7,79.6,78.7,0,24-12-2024,09-05-2025,136,0.68
IND01175,Karnataka,Laterite,Groundnut,15.1,6.7,31.2,186.7,76.4,21.6,23-12-2024,29-04-2025,127,0.52
IND01176,Haryana,Alluvial,Pulses,19.6,6.5,37.1,176.8,56.4,27.8,01-12-2024,05-05-2025,155,0.9
IND01177,Andhra Pradesh,Black,Cotton,30.1,6.1,24.4,154.3,83.9,26.3,22-02-2024,24-06-2024,123,0.67
IND01178,Odisha,Laterite,Rice,44.5,7.6,38.7,106.3,46.3,20.8,14-01-2024,05-06-2024,143,0.43
IND01179,Odisha,Laterite,Rice,38.4,6.8,25.3,227,82.8,21,13-09-2024,25-12-2024,103,0.54
IND01180,Madhya Pradesh,Red,Groundnut,14.2,6.9,26.6,99.7,89,43,13-04-2024,24-07-2024,102,0.51
IND01181,Tamil Nadu,Red,Millet,12.5,6.7,35.7,122.5,76.5,43.6,12-12-2024,28-03-2025,106,0.69
IND01182,Haryana,Alluvial,Pulses,18.3,7.3,26.4,163.4,66.6,25.8,06-10-2024,06-01-2025,92,0.57
IND01183,Gujarat,Alluvial,Rice,32.7,6.7,29.9,236.8,42.5,12.4,21-09-2024,01-02-2025,133,0.64
IND01184,Kerala,Laterite,Groundnut,16.4,7.8,28.1,45,78.5,16.4,13-08-2024,10-01-2025,150,0.7
IND01185,Uttar Pradesh,Alluvial,Pulses,16.4,7.1,25.7,90.6,65.9,27.4,03-04-2024,09-07-2024,97,0.72
IND01186,Punjab,Alluvial,Pulses,28.4,6.3,38.5,139.7,87.3,11.9,17-02-2024,09-06-2024,113,0.53
IND01187,Bihar,Alluvial,Rice,24.5,7.4,37.4,245.9,84.6,0,06-03-2024,03-06-2024,89,0.78
IND01188,Bihar,Alluvial,Pulses,40.9,7.4,23.2,287.2,74.2,0,01-04-2024,20-07-2024,110,0.65
IND01189,Haryana,Alluvial,Wheat,30.9,6.4,19,193.4,80.2,1.2,22-12-2024,19-05-2025,148,0.59
IND01190,Punjab,Alluvial,Pulses,26.5,6,37.2,94.7,68.6,37.6,11-05-2024,13-08-2024,94,0.37
IND01191,Maharashtra,Laterite,Groundnut,40.7,7.4,38.6,99,78.9,0.7,07-08-2024,30-11-2024,115,0.87
IND01192,Rajasthan,Alluvial,Maize,20.8,7,32.7,159.4,49.2,25.3,07-01-2024,01-05-2024,115,0.58
IND01193,Telangana,Black,Wheat,34.5,7.8,35,280.1,62.1,0,16-08-2024,27-12-2024,133,0.86
IND01194,Maharashtra,Red,Groundnut,39.7,6.4,39.6,75.7,47.3,8.5,14-11-2024,30-03-2025,136,0.53
IND01195,Karnataka,Laterite,Groundnut,36.4,6.6,22.5,87.4,69.5,25,04-06-2024,05-10-2024,123,0.74
IND01196,Gujarat,Alluvial,Wheat,15.6,6.3,27.7,248,82.3,8.8,12-03-2024,17-07-2024,127,0.83
IND01197,Andhra Pradesh,Black,Sugarcane,44.1,6.5,30.4,161,50.7,0,20-11-2024,15-03-2025,115,0.77
IND01198,Karnataka,Black,Wheat,18.9,7.8,26.7,231.1,56.3,6.4,16-10-2024,21-02-2025,128,0.51
IND01199,Odisha,Alluvial,Rice,19,6.2,24.2,174.8,44.5,24.8,19-08-2024,17-11-2024,90,0.39
IND01200,Telangana,Red,Pulses,15.8,6.2,30.1,72.5,81.9,33,15-03-2024,26-07-2024,133,0.45
IND01201,Andhra Pradesh,Red,Millet,16.4,7.8,25.4,271.9,64.8,1.9,15-09-2024,19-01-2025,126,0.65
IND01202,Andhra Pradesh,Black,Sugarcane,28.6,6.7,18.2,107.7,85.3,7.2,19-04-2024,08-09-2024,142,0.86
IND01203,Rajasthan,Alluvial,Sugarcane,32.8,7.6,19.5,290.8,42.6,22,19-08-2024,26-11-2024,99,0.58
IND01204,Gujarat,Black,Sugarcane,20.3,7.5,37.6,222.8,74.9,22.5,19-06-2024,12-10-2024,115,0.49
IND01205,Kerala,Laterite,Rice,40.4,7.1,36.5,197.8,58.8,10.7,16-08-2024,13-11-2024,89,0.56
IND01206,Gujarat,Black,Sugarcane,40.2,6.5,30.1,163.5,87,0,11-02-2024,04-07-2024,144,0.73
IND01207,Kerala,Laterite,Rice,41,6.6,27.3,28.3,78.8,28.7,08-06-2024,08-09-2024,92,0.45
IND01208,Haryana,Alluvial,Wheat,28,6.6,28.1,120.3,79.4,22.2,16-07-2024,22-12-2024,159,0.71
IND01209,Maharashtra,Red,Millet,29.1,6.1,31.9,47.4,85.2,32.9,06-10-2024,07-02-2025,124,0.41
IND01210,Punjab,Alluvial,Pulses,40.2,7.1,35.6,77.1,52.8,29.5,20-08-2024,17-11-2024,89,0.65
IND01211,Madhya Pradesh,Red,Millet,27.7,7.2,21.9,50.5,46.4,28,21-08-2024,02-12-2024,103,0.41
IND01212,Maharashtra,Black,Sugarcane,21.3,6.4,25.8,146.9,40.4,5.8,14-08-2024,26-11-2024,104,0.57
IND01213,Andhra Pradesh,Red,Groundnut,28.4,6.6,32.5,227.7,72.4,3.7,19-03-2024,13-06-2024,86,0.62
IND01214,Rajasthan,Desert,Millet,35.2,7,18.8,30.3,40.4,11.5,11-04-2024,06-09-2024,148,0.68
IND01215,Bihar,Alluvial,Maize,32.4,7.8,22.9,255.2,46.6,17.2,08-01-2024,27-04-2024,110,0.76
IND01216,Rajasthan,Alluvial,Rice,24.4,6.8,40,294.5,47.7,13.9,16-07-2024,14-11-2024,121,0.43
IND01217,Maharashtra,Red,Groundnut,35.3,7.7,31,30.6,55.9,32.7,12-07-2024,09-11-2024,120,0.83
IND01218,Odisha,Alluvial,Rice,40.4,6.8,19.9,146.6,60.6,23.9,01-12-2024,18-03-2025,107,0.87
IND01219,Karnataka,Laterite,Groundnut,43.4,7.6,24.7,191,72,19,02-10-2024,27-01-2025,117,0.38
IND01220,Tamil Nadu,Red,Groundnut,25.1,7.8,33.6,143.2,73.7,9.1,22-06-2024,17-09-2024,87,0.7
IND01221,West Bengal,Laterite,Rice,16.1,7.2,24.1,174.9,79.7,1.9,12-09-2024,08-02-2025,149,0.89
IND01222,Telangana,Black,Wheat,27.6,6.5,27.1,175.8,66.8,30.8,19-10-2024,23-02-2025,127,0.77
IND01223,Rajasthan,Desert,Millet,18.3,6.4,28.6,75.6,71.1,40.2,17-03-2024,12-06-2024,87,0.68
IND01224,Tamil Nadu,Laterite,Rice,12.2,6.7,33.8,105.8,66.7,15.7,23-03-2024,24-07-2024,123,0.71
IND01225,Haryana,Alluvial,Sugarcane,30.5,7.4,33.1,204.8,61.7,5.4,15-02-2024,10-06-2024,116,0.46
IND01226,Madhya Pradesh,Red,Groundnut,23.2,6.1,36.3,115.3,77.1,21.5,19-04-2024,30-07-2024,102,0.37
IND01227,Odisha,Laterite,Groundnut,34.8,7.5,32.8,146.8,86.1,5.7,02-10-2024,26-01-2025,116,0.78
IND01228,Uttar Pradesh,Alluvial,Sugarcane,34.7,6.3,33,218.7,67.6,16.8,08-09-2024,29-12-2024,112,0.71
IND01229,Rajasthan,Desert,Millet,14.1,7.8,30.9,201.3,79.7,1.7,14-06-2024,01-10-2024,109,0.75
IND01230,Telangana,Red,Millet,20.2,6.5,35.3,21.2,88.1,29.6,06-04-2024,15-08-2024,131,0.48
IND01231,Rajasthan,Alluvial,Rice,44.7,6.4,36.5,292.7,81.5,4.7,11-05-2024,23-09-2024,135,0.83
IND01232,Maharashtra,Laterite,Rice,36.5,6.8,22.5,38.6,43.6,5.5,14-07-2024,13-10-2024,91,0.88
IND01233,Andhra Pradesh,Black,Sugarcane,29.7,6.6,39.5,232.8,78.6,10.8,25-09-2024,19-02-2025,147,0.81
IND01234,Andhra Pradesh,Black,Sugarcane,25.4,6.7,26.4,159.9,65.9,34.9,11-04-2024,08-08-2024,119,0.74
IND01235,Kerala,Laterite,Groundnut,42.4,7.1,38.8,256.6,42,19.5,10-09-2024,30-12-2024,111,0.8
IND01236,Maharashtra,Red,Millet,42.1,6.8,28.4,65.6,73.9,18.1,14-02-2024,14-07-2024,151,0.75
IND01237,Haryana,Alluvial,Pulses,34.2,6.1,33,222.2,58,0,09-12-2024,09-04-2025,121,0.62
IND01238,Uttar Pradesh,Alluvial,Maize,36.6,7.7,36.9,118.2,52.8,26.3,07-04-2024,03-09-2024,149,0.69
IND01239,Kerala,Laterite,Rice,44.9,6.9,34.1,193,50.5,0,12-10-2024,19-02-2025,130,0.44
IND01240,Punjab,Alluvial,Wheat,31.3,6.3,36.4,156.9,82.3,24.6,18-06-2024,25-09-2024,99,0.76
IND01241,Kerala,Laterite,Groundnut,24.3,7.3,32.2,21.9,64.6,38.6,25-10-2024,09-02-2025,107,0.46
IND01242,Gujarat,Black,Sugarcane,16.6,7.7,24.8,163.3,60.1,0.6,01-11-2024,04-03-2025,123,0.66
IND01243,Andhra Pradesh,Red,Maize,26.5,6.6,22.5,24.3,40.6,15.5,10-08-2024,13-12-2024,125,0.8
IND01244,Telangana,Black,Cotton,15.1,7.1,23.5,294.9,70,29.1,23-11-2024,13-04-2025,141,0.54
IND01245,Tamil Nadu,Laterite,Rice,25.9,6.1,30.4,158.9,66.6,26.6,09-05-2024,25-08-2024,108,0.56
IND01246,Tamil Nadu,Red,Groundnut,14.8,6.6,39.7,274,57.1,0,04-07-2024,07-12-2024,156,0.49
IND01247,Kerala,Laterite,Groundnut,24,7.2,18.1,64.4,89.4,34.9,05-02-2024,10-05-2024,95,0.84
IND01248,Karnataka,Red,Millet,41.5,6.9,19.7,201,88.8,0,08-07-2024,03-12-2024,148,0.88
IND01249,Kerala,Laterite,Rice,38.8,6.7,33.5,208.9,51.9,23.7,06-09-2024,16-01-2025,132,0.72
IND01250,Haryana,Alluvial,Sugarcane,28.1,7.7,38.7,29.5,74.6,12.2,10-05-2024,13-10-2024,156,0.6
IND01251,Kerala,Laterite,Groundnut,23.7,7.4,24.6,96.8,44.1,5.9,04-08-2024,30-12-2024,148,0.41
IND01252,Punjab,Alluvial,Rice,20.6,6.5,29.5,217.3,70.6,0.7,03-10-2024,11-02-2025,131,0.74
IND01253,Maharashtra,Black,Sugarcane,15.1,6.9,29.8,82.3,80.1,42.3,20-10-2024,17-03-2025,148,0.7
IND01254,Tamil Nadu,Laterite,Groundnut,25.6,6.4,31.3,76.1,71.6,43.4,10-11-2024,27-02-2025,109,0.49
IND01255,Kerala,Laterite,Groundnut,23.6,7.8,36.3,77.8,59.6,18.8,25-11-2024,21-03-2025,116,0.39
IND01256,Haryana,Alluvial,Wheat,12.3,6.9,36.3,210,73.7,37.1,21-12-2024,29-04-2025,129,0.5
IND01257,Gujarat,Black,Cotton,28.1,6.1,34.4,71,42.1,12.6,23-11-2024,11-03-2025,108,0.63
IND01258,Gujarat,Alluvial,Maize,30.7,7.4,22.7,37.6,56.1,40.5,08-02-2024,09-05-2024,91,0.75
IND01259,Kerala,Laterite,Rice,42.8,7.6,21.4,231.3,75.3,0,24-03-2024,07-08-2024,136,0.67
IND01260,Uttar Pradesh,Alluvial,Pulses,25.8,7.4,28.7,32.1,50,20.7,10-06-2024,07-10-2024,119,0.9
IND01261,Tamil Nadu,Black,Cotton,12.4,7,31.6,163.7,87.8,33.5,16-03-2024,09-06-2024,85,0.5
IND01262,Haryana,Alluvial,Rice,16.1,7.5,23.9,247.1,84.4,31.9,14-08-2024,16-12-2024,124,0.52
IND01263,Karnataka,Laterite,Rice,42.5,7.3,27,283.8,73.3,12.7,04-12-2024,21-03-2025,107,0.55
IND01264,Gujarat,Alluvial,Rice,40.9,6.1,32.8,145.1,43.4,15,11-04-2024,29-07-2024,109,0.41
IND01265,Telangana,Red,Groundnut,39.4,6.6,39.4,33.4,71.8,10.8,16-10-2024,26-02-2025,133,0.4
IND01266,Bihar,Alluvial,Maize,43.8,7,34.3,140.2,89.2,0,15-06-2024,04-11-2024,142,0.35
IND01267,Bihar,Alluvial,Maize,42.9,7.2,33.9,201.3,66.2,13.9,21-01-2024,18-04-2024,88,0.85
IND01268,Rajasthan,Desert,Millet,24.5,7.3,32.2,278.6,49.5,23.7,07-07-2024,12-10-2024,97,0.82
IND01269,Kerala,Laterite,Groundnut,37.8,6.5,29.7,170.2,43.6,1.4,01-08-2024,27-11-2024,118,0.44
IND01270,Bihar,Alluvial,Pulses,35.8,7,29.4,84.2,64.9,9,13-04-2024,11-08-2024,120,0.54
IND01271,Rajasthan,Alluvial,Pulses,32.8,6.1,32.6,260.1,52.8,0,05-02-2024,23-05-2024,108,0.51
IND01272,Madhya Pradesh,Black,Wheat,25.3,7,27.8,172.8,40.4,31.6,09-07-2024,12-10-2024,95,0.47
IND01273,Karnataka,Laterite,Rice,36.4,7.3,31.8,83.9,80.5,14,21-01-2024,22-04-2024,92,0.66
IND01274,Kerala,Laterite,Rice,23.6,7.5,37.6,44.9,84.8,24.8,12-07-2024,16-10-2024,96,0.68
IND01275,Maharashtra,Laterite,Groundnut,28.9,7.5,33.6,163.2,58.2,31.2,12-04-2024,26-08-2024,136,0.84
IND01276,Punjab,Alluvial,Rice,34.5,6.1,19.7,160.3,47.5,16.8,17-02-2024,15-05-2024,88,0.89
IND01277,Punjab,Alluvial,Wheat,34.1,7.2,22.4,193,69.1,29.7,15-11-2024,11-03-2025,116,0.66
IND01278,Karnataka,Black,Wheat,33.6,7.8,29.4,201.4,70,19.4,11-11-2024,30-03-2025,139,0.51
IND01279,Maharashtra,Red,Groundnut,30.2,7,19.4,168.2,68,2.8,04-04-2024,29-08-2024,147,0.51
IND01280,Karnataka,Black,Wheat,38.4,6.1,22.4,144.1,53.1,4.7,08-06-2024,16-09-2024,100,0.89
IND01281,Tamil Nadu,Red,Millet,12.2,7.2,24,184.6,52.5,33.5,18-06-2024,03-11-2024,138,0.85
IND01282,Odisha,Alluvial,Maize,35.4,7.4,24.4,234,45.9,0,25-12-2024,20-05-2025,146,0.86
IND01283,Rajasthan,Alluvial,Wheat,22.5,6.9,28.9,168.9,47,33.2,22-12-2024,30-05-2025,159,0.42
IND01284,Gujarat,Alluvial,Sugarcane,17,6.1,29.5,134.2,51.2,7.8,17-03-2024,25-07-2024,130,0.53
IND01285,Tamil Nadu,Red,Millet,23.6,7.2,19.6,139.4,78.2,36.8,03-07-2024,21-10-2024,110,0.49
IND01286,West Bengal,Laterite,Rice,19.5,7.1,37.4,161.9,62.4,16,15-01-2024,24-05-2024,130,0.52
IND01287,Uttar Pradesh,Alluvial,Maize,27,6.7,33.4,250.1,41.6,0,01-12-2024,30-04-2025,150,0.37
IND01288,Telangana,Red,Maize,15.2,7.1,24,32.5,86.8,26.4,07-03-2024,14-06-2024,99,0.74
IND01289,Bihar,Alluvial,Rice,41.5,7.1,27.9,146,83.7,15,05-09-2024,29-11-2024,85,0.61
IND01290,Rajasthan,Desert,Millet,21.6,6.2,31.5,58.1,54.7,11.3,17-01-2024,14-05-2024,118,0.87
IND01291,Tamil Nadu,Black,Sugarcane,39.6,6,24.9,237.2,74.1,9.3,05-04-2024,02-07-2024,88,0.76
IND01292,Punjab,Alluvial,Wheat,41.7,6.3,20.8,271.3,69.6,14.2,18-09-2024,08-02-2025,143,0.43
IND01293,Karnataka,Red,Maize,45,6.9,30.5,107.1,42.5,0,04-01-2024,10-05-2024,127,0.72
IND01294,Gujarat,Black,Cotton,30.6,7.2,22.8,63.4,88.4,3.8,18-08-2024,20-01-2025,155,0.62
IND01295,Tamil Nadu,Red,Groundnut,29.9,7.4,23.7,172,80.7,0,19-02-2024,19-06-2024,121,0.5
IND01296,West Bengal,Alluvial,Pulses,15.6,7,27,158.9,54.1,15,06-03-2024,21-07-2024,137,0.59
IND01297,Madhya Pradesh,Red,Groundnut,37.8,7.3,23.2,42.9,55.8,19.8,17-08-2024,02-01-2025,138,0.49
IND01298,Telangana,Red,Millet,14,6.7,18.4,262.9,66.7,5.3,25-01-2024,21-05-2024,117,0.82
IND01299,West Bengal,Alluvial,Sugarcane,30.2,7.8,22.8,255.7,42.5,11.7,06-01-2024,24-04-2024,109,0.54
IND01300,Punjab,Alluvial,Wheat,32.5,7.6,34.7,136.2,75.5,34.5,03-12-2024,02-05-2025,150,0.49
IND01301,Tamil Nadu,Red,Millet,40.8,6.7,27.2,103.1,40.3,22.7,25-04-2024,17-08-2024,114,0.68
IND01302,Tamil Nadu,Red,Groundnut,32,6.7,20.1,233.4,42.2,21.4,22-10-2024,12-03-2025,141,0.74
IND01303,Gujarat,Alluvial,Sugarcane,41.8,6.6,18.4,293.6,78.1,0,19-12-2024,01-05-2025,133,0.87
IND01304,Telangana,Black,Sugarcane,38.2,7.5,19.4,211.2,73.9,13,16-02-2024,08-06-2024,113,0.68
IND01305,Rajasthan,Alluvial,Rice,33.1,6.3,34.5,127.8,79.2,1.9,01-11-2024,17-03-2025,136,0.63
IND01306,Uttar Pradesh,Alluvial,Pulses,13.1,6.5,32.9,167.3,69.2,8.1,16-11-2024,14-04-2025,149,0.56
IND01307,Tamil Nadu,Black,Wheat,20.8,6.9,38.2,191.9,46.2,20.1,24-11-2024,02-05-2025,159,0.61
IND01308,Andhra Pradesh,Black,Cotton,12.9,6,18.1,240.3,66.9,20.4,07-03-2024,06-06-2024,91,0.78
IND01309,Karnataka,Laterite,Rice,21.9,6.6,34.7,57.9,50.2,39.3,01-03-2024,04-08-2024,156,0.37
IND01310,Andhra Pradesh,Red,Pulses,13.7,6.1,37,69.1,89.6,41.6,14-12-2024,18-03-2025,94,0.65
IND01311,Madhya Pradesh,Black,Sugarcane,35.5,7.7,22.9,69.8,73.3,16.9,09-10-2024,01-03-2025,143,0.77
IND01312,Maharashtra,Black,Sugarcane,26.1,6.3,25.5,94.4,53.7,8.3,05-04-2024,13-07-2024,99,0.52
IND01313,Rajasthan,Alluvial,Maize,42.1,7.1,26.8,222.2,43.2,0,19-04-2024,11-08-2024,114,0.82
IND01314,Rajasthan,Desert,Millet,29.6,6.4,36.1,104.7,77.9,19.9,11-12-2024,22-03-2025,101,0.47
IND01315,Maharashtra,Red,Pulses,37.2,6.1,21,145.5,51,18.7,04-07-2024,04-12-2024,153,0.61
IND01316,Maharashtra,Red,Millet,31.8,7.7,30.9,42.9,88.9,40.9,07-07-2024,06-10-2024,91,0.54
IND01317,Telangana,Black,Wheat,37.9,7.4,26.7,39.6,57.5,29.6,11-05-2024,20-08-2024,101,0.88
IND01318,Madhya Pradesh,Red,Millet,35.1,6.7,33.4,62.3,66,40.1,06-01-2024,09-04-2024,94,0.46
IND01319,Uttar Pradesh,Alluvial,Sugarcane,15.6,6.7,37.8,30.3,40.3,13.7,09-04-2024,18-07-2024,100,0.45
IND01320,Madhya Pradesh,Black,Sugarcane,20.1,6.6,24.2,119.5,76.3,24.2,03-05-2024,29-07-2024,87,0.63
IND01321,Karnataka,Black,Sugarcane,24.3,6.8,37.5,217.1,44.8,0,03-06-2024,26-09-2024,115,0.51
IND01322,Haryana,Alluvial,Sugarcane,21,7.7,25.6,272.1,86.5,16.3,24-11-2024,06-03-2025,102,0.61
IND01323,Bihar,Alluvial,Rice,36.5,6.2,33.8,143,62.8,12.3,14-03-2024,24-06-2024,102,0.36
IND01324,Punjab,Alluvial,Pulses,38.5,6.2,33.4,108,54.1,23.6,16-05-2024,26-08-2024,102,0.69
IND01325,Haryana,Alluvial,Rice,18.2,7.5,30.6,65.5,48.8,33.5,19-02-2024,04-07-2024,136,0.35
IND01326,Gujarat,Alluvial,Sugarcane,35.9,7.2,36.4,159.4,69.3,15.8,06-12-2024,12-03-2025,96,0.4
IND01327,Kerala,Laterite,Groundnut,44.2,6.5,23.3,272.9,64.4,0,18-10-2024,02-03-2025,135,0.89
IND01328,Bihar,Alluvial,Wheat,19.5,6.8,39,267.9,78.7,0,20-12-2024,10-05-2025,141,0.58
IND01329,Punjab,Alluvial,Wheat,32.8,7.3,25.5,103.8,72.3,35,08-04-2024,09-08-2024,123,0.84
IND01330,Andhra Pradesh,Red,Millet,21.4,7.4,31.6,244.9,46.8,14.3,11-06-2024,19-09-2024,100,0.63
IND01331,Tamil Nadu,Laterite,Groundnut,27.9,6.1,27.2,60.4,84.8,40.8,05-12-2024,12-03-2025,97,0.64
IND01332,Bihar,Alluvial,Sugarcane,18.1,7.5,28.6,257.7,76.4,31.1,12-05-2024,31-08-2024,111,0.57
IND01333,Telangana,Black,Cotton,35.7,7.3,18.6,278.4,89.6,0,07-08-2024,04-12-2024,119,0.66
IND01334,Odisha,Laterite,Groundnut,17,6.5,24.4,116.2,52.8,7.2,20-01-2024,02-05-2024,103,0.81
IND01335,Andhra Pradesh,Red,Maize,40.5,7.4,27.1,203.2,63.9,11.7,19-06-2024,17-09-2024,90,0.79
IND01336,Uttar Pradesh,Alluvial,Pulses,39.2,7.3,19.1,269.9,54.3,0,01-07-2024,26-10-2024,117,0.88
IND01337,Tamil Nadu,Black,Sugarcane,28.3,7.7,19.1,148.8,73.8,28.5,16-03-2024,21-07-2024,127,0.58
IND01338,Bihar,Alluvial,Maize,28.3,7,29.4,268.4,79,19.8,25-05-2024,09-10-2024,137,0.64
IND01339,Maharashtra,Laterite,Groundnut,32.9,6.2,26.5,58.9,83.8,23.1,08-01-2024,18-05-2024,131,0.65
IND01340,West Bengal,Alluvial,Rice,26.3,6.9,29.3,161.6,47.6,5.3,13-10-2024,14-02-2025,124,0.83
IND01341,Andhra Pradesh,Red,Pulses,41.2,6.9,18.2,20.7,71.2,11.9,10-10-2024,07-02-2025,120,0.48
IND01342,Kerala,Laterite,Groundnut,19.5,6.7,21.1,231.3,49.3,18.6,25-08-2024,11-01-2025,139,0.43
IND01343,Kerala,Laterite,Rice,36,7.1,27,256.2,80.4,0,10-01-2024,23-05-2024,134,0.81
IND01344,Gujarat,Alluvial,Pulses,28.8,6.9,29.6,133.7,80.8,12.2,18-08-2024,15-12-2024,119,0.8
IND01345,Tamil Nadu,Red,Pulses,36.3,7.7,38.4,255,86.1,5.7,13-06-2024,20-09-2024,99,0.59
IND01346,Odisha,Laterite,Groundnut,33,7.1,23.7,250.8,62.4,10.7,02-08-2024,07-11-2024,97,0.86
IND01347,Uttar Pradesh,Alluvial,Wheat,31.3,6,26.8,24.9,57,31.1,01-06-2024,11-09-2024,102,0.52
IND01348,Gujarat,Alluvial,Maize,37.7,6.7,39.3,83,75.7,33.4,06-01-2024,05-04-2024,90,0.68
IND01349,Gujarat,Black,Sugarcane,21.2,6.3,22.7,157.5,79,7.1,15-03-2024,08-08-2024,146,0.41
IND01350,Telangana,Red,Millet,41.4,6.4,22.2,236.4,40.5,0,14-04-2024,06-09-2024,145,0.87
IND01351,Andhra Pradesh,Black,Sugarcane,12.3,7,33.9,88.9,71.1,43.7,04-08-2024,31-10-2024,88,0.75
IND01352,Karnataka,Red,Millet,44.6,7.5,19,161.4,42.5,20.9,25-09-2024,22-01-2025,119,0.85
IND01353,Kerala,Laterite,Groundnut,33.7,7.1,32.6,36.9,81.1,11.1,20-04-2024,10-08-2024,112,0.63
IND01354,Andhra Pradesh,Red,Millet,38,6.2,27.6,296.5,60.4,14.1,08-06-2024,08-11-2024,153,0.88
IND01355,Rajasthan,Alluvial,Sugarcane,18.5,6.1,33.2,101.6,86.6,17.6,02-04-2024,01-09-2024,152,0.54
IND01356,Karnataka,Red,Maize,25.4,6,36.2,236.1,51.8,15.9,22-11-2024,24-02-2025,94,0.42
IND01357,Punjab,Alluvial,Pulses,16.3,6.4,32.4,75,65.9,44.7,07-01-2024,17-04-2024,101,0.64
IND01358,Punjab,Alluvial,Wheat,24.2,7.8,26.3,38.7,75.2,29.1,24-07-2024,27-11-2024,126,0.41
IND01359,Haryana,Alluvial,Sugarcane,26.5,6.8,31.5,244,44.3,9.9,08-06-2024,13-10-2024,127,0.37
IND01360,Andhra Pradesh,Black,Cotton,22,7.6,21.1,71.5,85.9,26.3,22-10-2024,14-03-2025,143,0.62
IND01361,Maharashtra,Laterite,Rice,44.5,7.6,33.6,129.4,87.5,6.5,15-01-2024,21-06-2024,158,0.85
IND01362,Rajasthan,Desert,Millet,34.1,6.6,39.1,299.5,76.9,18.9,09-05-2024,23-09-2024,137,0.79
IND01363,Madhya Pradesh,Red,Pulses,44,7.1,23.7,232.3,81.7,19.8,10-10-2024,10-01-2025,92,0.55
IND01364,Gujarat,Black,Wheat,15.1,6.1,20.2,173.8,48.5,3.8,18-02-2024,19-07-2024,152,0.74
IND01365,Madhya Pradesh,Red,Maize,41.4,6.6,26.1,247.3,68.2,6.9,25-05-2024,25-10-2024,153,0.61
IND01366,Punjab,Alluvial,Rice,39.4,6.6,33.1,141.2,56.8,29.7,15-02-2024,19-07-2024,155,0.43
IND01367,Tamil Nadu,Laterite,Groundnut,43.5,6.1,29.8,296.5,76.1,13.8,04-02-2024,07-07-2024,154,0.45
IND01368,Karnataka,Red,Millet,35.3,7.7,39.9,88.5,63.7,38.7,13-03-2024,08-07-2024,117,0.36
IND01369,Kerala,Laterite,Rice,24.2,7.5,20,30.9,67.8,30.4,19-09-2024,12-01-2025,115,0.51
IND01370,Rajasthan,Desert,Millet,26.3,7.2,38,122.2,42.5,1.4,04-11-2024,26-03-2025,142,0.61
IND01371,West Bengal,Laterite,Rice,31,6.5,35.5,36.5,74.2,43.4,09-10-2024,27-02-2025,141,0.59
IND01372,Uttar Pradesh,Alluvial,Maize,25,6.6,39.7,121.6,72.4,29.1,11-01-2024,20-05-2024,130,0.73
IND01373,Karnataka,Black,Sugarcane,37.5,6.8,29.2,77.1,63.4,31.9,07-06-2024,27-10-2024,142,0.9
IND01374,Kerala,Laterite,Rice,22.7,7,23.4,31.6,82.9,28.1,12-12-2024,04-04-2025,113,0.5
IND01375,Karnataka,Red,Groundnut,17.2,7.4,35.6,252.1,66.9,17.6,20-03-2024,27-08-2024,160,0.5
IND01376,Odisha,Laterite,Rice,32,7.5,37.6,286,72.2,2.3,23-12-2024,11-05-2025,139,0.59
IND01377,Telangana,Black,Sugarcane,30.7,6.3,24.5,31.1,78.4,22.9,02-07-2024,05-11-2024,126,0.61
IND01378,Kerala,Laterite,Groundnut,41.4,6,37.1,46,68,35.2,13-05-2024,07-09-2024,117,0.39
IND01379,Rajasthan,Desert,Millet,12.2,7.4,29.1,168.3,89.5,24.5,02-06-2024,03-10-2024,123,0.78
IND01380,Bihar,Alluvial,Wheat,38.5,6.6,36.1,172.2,51.6,5.7,14-03-2024,10-08-2024,149,0.45
IND01381,Haryana,Alluvial,Sugarcane,37.8,6.6,34.6,264.5,82.2,0,23-01-2024,21-06-2024,150,0.44
IND01382,Rajasthan,Desert,Millet,28.5,7.5,39.9,292.1,66.2,0,13-12-2024,26-03-2025,103,0.89
IND01383,Gujarat,Black,Sugarcane,29.4,7.7,34.1,128.7,51.9,3.4,14-08-2024,20-11-2024,98,0.81
IND01384,Kerala,Laterite,Rice,36.3,7.6,26,105.9,64.8,28.8,06-05-2024,01-09-2024,118,0.64
IND01385,Maharashtra,Laterite,Rice,35.3,6.6,36.1,129.8,73.1,0.1,18-09-2024,04-01-2025,108,0.75
IND01386,Bihar,Alluvial,Pulses,17.1,7.2,27.7,74.9,71.7,42.2,19-09-2024,07-02-2025,141,0.9
IND01387,Gujarat,Alluvial,Pulses,42.2,6.2,21.3,65.4,40.9,25.7,12-06-2024,01-10-2024,111,0.67
IND01388,Maharashtra,Laterite,Rice,38,7.5,38.4,102.8,86.1,21.9,03-05-2024,13-08-2024,102,0.75
IND01389,West Bengal,Alluvial,Maize,17.8,7,35.1,183.1,40.5,27.4,01-12-2024,18-03-2025,107,0.62
IND01390,Telangana,Black,Sugarcane,31.6,7.4,22.6,125,61,25.7,20-06-2024,16-10-2024,118,0.81
IND01391,Odisha,Alluvial,Wheat,35.7,7.2,18.6,63.4,57.2,33.2,06-12-2024,18-03-2025,102,0.56
IND01392,Rajasthan,Alluvial,Sugarcane,42.6,7.3,37.9,190,87.6,18.4,23-03-2024,14-07-2024,113,0.81
IND01393,Tamil Nadu,Black,Cotton,22.8,6.7,34.7,251.8,67.5,27.3,04-07-2024,25-11-2024,144,0.83
IND01394,Uttar Pradesh,Alluvial,Wheat,32.2,6.4,30.7,152.5,58,29.2,23-08-2024,16-12-2024,115,0.86
IND01395,Haryana,Alluvial,Rice,29.4,6.6,36.6,136.9,84.1,0,16-11-2024,20-04-2025,155,0.57
IND01396,Telangana,Red,Groundnut,27,6.1,22.7,234.4,81.4,0,01-12-2024,07-03-2025,96,0.54
IND01397,Andhra Pradesh,Red,Groundnut,28.4,6.4,28.2,222.5,85.3,4.6,15-02-2024,24-06-2024,130,0.42
IND01398,Maharashtra,Black,Wheat,41.6,6.5,27.6,239.6,53.4,11,22-01-2024,25-04-2024,94,0.87
IND01399,Bihar,Alluvial,Sugarcane,30,7.3,20.5,292.1,65.4,2.3,01-01-2024,14-04-2024,104,0.48
IND01400,Uttar Pradesh,Alluvial,Pulses,13.8,6.8,39.7,54.6,61.8,28.5,20-12-2024,31-03-2025,101,0.66
IND01401,Karnataka,Black,Sugarcane,22.8,6.6,35.7,276.1,54.1,0,06-07-2024,09-10-2024,95,0.83
IND01402,Haryana,Alluvial,Rice,30.8,7.7,32.5,47.7,69.3,25.7,17-05-2024,12-10-2024,148,0.54
IND01403,Haryana,Alluvial,Pulses,31.2,6.6,34.9,221.2,75.1,0,08-10-2024,24-01-2025,108,0.38
IND01404,Gujarat,Alluvial,Pulses,14,6.3,38.4,167.2,54.3,39,16-09-2024,06-02-2025,143,0.74
IND01405,Kerala,Laterite,Groundnut,18.9,6.8,33.2,84.4,76.8,15,15-01-2024,05-06-2024,142,0.74
IND01406,Rajasthan,Desert,Millet,12.6,6.6,24.3,182.3,61.1,16,06-11-2024,16-03-2025,130,0.47
IND01407,Telangana,Black,Sugarcane,15.2,6.6,21,102.3,72,26.8,01-06-2024,02-11-2024,154,0.65
IND01408,Rajasthan,Alluvial,Sugarcane,38.9,7,38.3,236.2,58.6,0,20-05-2024,09-10-2024,142,0.74
IND01409,Karnataka,Black,Sugarcane,23.4,6.3,33.5,38.6,67.5,44.7,22-04-2024,24-07-2024,93,0.65
IND01410,Odisha,Laterite,Rice,29.9,6.7,22.8,132.7,58.9,27.3,09-08-2024,21-11-2024,104,0.54
IND01411,Odisha,Laterite,Rice,31.5,7.3,23.5,63.7,67.3,34,05-07-2024,28-09-2024,85,0.88
IND01412,Rajasthan,Desert,Millet,24.5,6.5,34.5,152.5,57.1,29,16-11-2024,01-03-2025,105,0.81
IND01413,Rajasthan,Desert,Millet,23.5,6.1,33.5,91.1,79.8,26.6,20-08-2024,21-01-2025,154,0.87
IND01414,Maharashtra,Black,Wheat,44.3,7.6,22.8,166.9,52.2,18.9,22-07-2024,22-12-2024,153,0.51
IND01415,Telangana,Red,Maize,34,7.2,33.5,173.6,89.2,17.7,17-06-2024,19-09-2024,94,0.47
IND01416,Odisha,Alluvial,Sugarcane,21.8,7.2,30.1,154.7,42.5,31.5,09-11-2024,12-04-2025,154,0.38
IND01417,Andhra Pradesh,Black,Sugarcane,27.4,7.8,28.9,112.1,51.1,14,07-06-2024,11-09-2024,96,0.58
IND01418,Andhra Pradesh,Red,Pulses,39.1,6.7,27.6,153.6,50.4,24.3,09-08-2024,02-11-2024,85,0.59
IND01419,Uttar Pradesh,Alluvial,Maize,12.9,6,35.1,22.4,67.4,47,05-07-2024,07-10-2024,94,0.54
IND01420,Andhra Pradesh,Red,Maize,39.9,7.6,25.8,183.6,49.5,16,24-09-2024,20-02-2025,149,0.71
IND01421,Punjab,Alluvial,Rice,39.7,6.5,39.6,278.3,41.8,0,10-01-2024,30-05-2024,141,0.7
IND01422,Haryana,Alluvial,Maize,29.9,7.3,37.5,117.9,66.5,33.9,03-06-2024,28-08-2024,86,0.83
IND01423,Odisha,Laterite,Groundnut,12.4,6,38.6,298.6,45.7,0,03-11-2024,20-03-2025,137,0.47
IND01424,Bihar,Alluvial,Rice,18,7.3,28.3,81.3,82.9,44.3,17-04-2024,24-08-2024,129,0.74
IND01425,Bihar,Alluvial,Maize,16.5,7,36.7,107.4,58,30.7,22-07-2024,30-10-2024,100,0.46
IND01426,Gujarat,Alluvial,Wheat,33.9,7.6,29.4,209.6,53.8,8.7,15-06-2024,03-10-2024,110,0.47
IND01427,Odisha,Alluvial,Sugarcane,24.5,6.8,19.9,94,49.1,35.7,04-10-2024,27-02-2025,146,0.62
IND01428,Maharashtra,Laterite,Groundnut,12.5,6.1,38.5,165,76.8,11.8,02-07-2024,23-10-2024,113,0.37
IND01429,Gujarat,Alluvial,Maize,20.5,6.6,31.7,237.8,85.1,7.2,13-11-2024,24-03-2025,131,0.81
IND01430,Punjab,Alluvial,Sugarcane,34.3,6.5,27.9,203.3,82.6,5.3,06-03-2024,05-06-2024,91,0.65
IND01431,Odisha,Laterite,Groundnut,29.1,6.4,37,70.5,71.4,5.2,14-11-2024,28-02-2025,106,0.38
IND01432,Kerala,Laterite,Rice,24.5,7,39.8,276.6,71.5,0.6,16-09-2024,12-02-2025,149,0.68
IND01433,Gujarat,Black,Sugarcane,42.2,6.1,25.5,195.7,50.9,5.2,10-11-2024,03-03-2025,113,0.38
IND01434,Kerala,Laterite,Rice,20.9,6.3,27.2,296.1,67.8,0,15-07-2024,29-10-2024,106,0.65
IND01435,Telangana,Black,Wheat,12.2,7.8,26.4,219.5,50,29.6,16-07-2024,23-12-2024,160,0.78
IND01436,Karnataka,Red,Millet,36.1,6.2,18.9,209.6,47.6,16.7,04-11-2024,13-04-2025,160,0.61
IND01437,Tamil Nadu,Red,Millet,22.6,7.1,20.5,74.2,52.3,36,05-12-2024,03-04-2025,119,0.51
IND01438,Andhra Pradesh,Red,Maize,29.1,6.8,19.4,20.8,84.7,46.6,01-01-2024,13-04-2024,103,0.42
IND01439,Uttar Pradesh,Alluvial,Maize,17.4,7.6,32.9,264.8,61.4,0,16-10-2024,11-01-2025,87,0.62
IND01440,Telangana,Black,Sugarcane,37.5,6.3,18.5,29.2,89.6,18.6,06-04-2024,16-08-2024,132,0.75
IND01441,West Bengal,Laterite,Rice,23.6,7.4,25.8,203.3,59.7,6,18-04-2024,01-08-2024,105,0.59
IND01442,Andhra Pradesh,Red,Groundnut,24.5,6.7,20.5,40.6,64.6,36.6,17-10-2024,22-03-2025,156,0.37
IND01443,Bihar,Alluvial,Sugarcane,22.7,7.1,27.8,241.1,49.3,7.5,22-01-2024,23-05-2024,122,0.65
IND01444,Tamil Nadu,Red,Groundnut,13.8,6.2,29.7,265.8,54.7,3.3,03-03-2024,20-06-2024,109,0.57
IND01445,Gujarat,Black,Cotton,44.5,6.7,21,171.9,73.5,0,04-12-2024,02-05-2025,149,0.45
IND01446,Uttar Pradesh,Alluvial,Maize,38.9,6.5,28.2,56.9,76.2,13.9,14-08-2024,14-12-2024,122,0.79
IND01447,Kerala,Laterite,Rice,19.2,6.2,18.9,247.6,46.5,10.1,22-03-2024,13-07-2024,113,0.41
IND01448,Haryana,Alluvial,Pulses,25,7.4,19.7,73.4,49.7,42.8,22-04-2024,24-09-2024,155,0.63
IND01449,Bihar,Alluvial,Pulses,13.1,6.5,39.9,192,62.4,35.1,02-05-2024,08-09-2024,129,0.46
IND01450,Gujarat,Black,Cotton,37.6,6.1,37.2,46.9,40.7,2.9,15-05-2024,04-09-2024,112,0.74
IND01451,Punjab,Alluvial,Wheat,45,7.4,32.5,112.1,61.8,26.7,02-10-2024,29-12-2024,88,0.72
IND01452,Karnataka,Laterite,Groundnut,37.2,6.1,31.3,255.7,77.3,20.1,02-10-2024,10-02-2025,131,0.52
IND01453,Gujarat,Alluvial,Sugarcane,38.1,6.5,29.5,265,66.9,1.6,21-07-2024,15-11-2024,117,0.81
IND01454,Telangana,Red,Millet,28.7,6.5,23.4,198.1,77.4,0,01-08-2024,23-12-2024,144,0.88
IND01455,Maharashtra,Laterite,Rice,32.2,6.3,35.2,168.1,52.8,21.7,02-01-2024,10-05-2024,129,0.47
IND01456,Haryana,Alluvial,Maize,39.1,6.9,37.7,251.7,50.2,7.4,09-10-2024,08-02-2025,122,0.5
IND01457,West Bengal,Laterite,Groundnut,39.3,6.3,35.2,92.7,52,23.6,06-11-2024,17-02-2025,103,0.4
IND01458,Madhya Pradesh,Black,Cotton,17.2,6.2,19.9,68.7,50.3,38.5,01-08-2024,12-11-2024,103,0.44
IND01459,Madhya Pradesh,Black,Cotton,32.1,7.5,32.1,256.8,85.3,0,18-04-2024,19-08-2024,123,0.61
IND01460,Telangana,Red,Groundnut,18.7,6.1,32.8,144.5,51.5,27.5,13-01-2024,12-06-2024,151,0.41
IND01461,Haryana,Alluvial,Wheat,14.2,7.3,21,284.8,56.9,18.7,01-08-2024,07-12-2024,128,0.7
IND01462,Bihar,Alluvial,Maize,21.6,7.3,20.3,27,58,21.7,06-09-2024,15-12-2024,100,0.73
IND01463,Tamil Nadu,Laterite,Groundnut,20.7,6.7,31.6,262,73.9,0,24-11-2024,18-03-2025,114,0.48
IND01464,Tamil Nadu,Red,Maize,36.8,6.7,28.6,269.7,66.5,0,04-04-2024,10-08-2024,128,0.59
IND01465,Bihar,Alluvial,Pulses,18,7.4,39.4,114.3,69.1,41.6,15-08-2024,09-12-2024,116,0.83
IND01466,Karnataka,Red,Millet,17.2,7.8,18,270.7,88.1,17.7,11-07-2024,10-12-2024,152,0.86
IND01467,Haryana,Alluvial,Wheat,38.4,6.5,34.5,154.6,78.2,8.3,21-11-2024,21-04-2025,151,0.64
IND01468,Rajasthan,Desert,Millet,29.5,6.8,20.7,128.5,84.2,32.1,03-02-2024,17-06-2024,135,0.4
IND01469,Madhya Pradesh,Black,Cotton,24.1,6.8,21.3,216.4,78.5,16.9,11-05-2024,22-08-2024,103,0.51
IND01470,Rajasthan,Desert,Millet,27.9,7.1,32.5,208.7,59.2,3.2,24-10-2024,17-03-2025,144,0.37
IND01471,Rajasthan,Desert,Millet,23.8,6.8,20.5,241.4,50.6,21.9,12-12-2024,20-05-2025,159,0.47
IND01472,Karnataka,Laterite,Rice,21.3,7.5,20.2,241.7,54.7,0,04-08-2024,21-12-2024,139,0.54
IND01473,Odisha,Laterite,Groundnut,37.6,6,31,213.2,41.6,0,10-12-2024,17-03-2025,97,0.46
IND01474,Kerala,Laterite,Rice,13.9,6.2,34.6,276.6,67.6,0,16-11-2024,29-03-2025,133,0.86
IND01475,Rajasthan,Alluvial,Sugarcane,28.2,6.7,29.6,267.6,58.6,20.1,18-09-2024,12-12-2024,85,0.39
IND01476,West Bengal,Laterite,Rice,43.5,6.7,31.1,211.4,61.6,18.6,18-03-2024,14-07-2024,118,0.79
IND01477,Rajasthan,Desert,Millet,32.9,6.3,34.5,257.6,42.2,23.4,16-04-2024,26-07-2024,101,0.55
IND01478,Madhya Pradesh,Black,Wheat,17.8,6.3,33.1,208.9,43.1,0.9,08-01-2024,08-04-2024,91,0.43
IND01479,Andhra Pradesh,Red,Maize,39.9,7.5,39.6,197.8,59.4,19,06-05-2024,21-09-2024,138,0.55
IND01480,Haryana,Alluvial,Rice,19.4,6.2,25.5,186,69.8,13.7,07-03-2024,30-07-2024,145,0.68
IND01481,Rajasthan,Alluvial,Wheat,24.1,6.4,29.5,66.6,40.3,22.6,21-03-2024,04-08-2024,136,0.79
IND01482,Bihar,Alluvial,Wheat,24.1,6.4,18,86.3,61.6,5.1,02-10-2024,29-12-2024,88,0.61
IND01483,Madhya Pradesh,Red,Maize,15.1,6.5,28.4,276.2,84.4,5.1,11-02-2024,06-07-2024,146,0.56
IND01484,Gujarat,Alluvial,Maize,21.9,7.3,35.6,222.2,53.6,23.6,23-07-2024,04-11-2024,104,0.82
IND01485,Haryana,Alluvial,Maize,29.4,6.1,35.8,200.2,55.3,20.9,03-01-2024,09-04-2024,97,0.78
IND01486,Kerala,Laterite,Rice,33,7.6,31.7,117.5,48.8,3.9,02-10-2024,26-01-2025,116,0.35
IND01487,Uttar Pradesh,Alluvial,Pulses,44.2,7.3,28.4,146.8,75.8,2.8,15-07-2024,16-10-2024,93,0.51
IND01488,Rajasthan,Alluvial,Maize,27.1,6.6,22.5,228.4,73.1,0,06-09-2024,02-02-2025,149,0.37
IND01489,Uttar Pradesh,Alluvial,Maize,19.8,6.6,20.9,295.3,58.5,2.1,17-04-2024,02-08-2024,107,0.89
IND01490,Punjab,Alluvial,Pulses,17.4,6.4,22.9,162,42.6,39.3,06-10-2024,01-03-2025,146,0.72
IND01491,West Bengal,Laterite,Rice,37.8,6.1,24.9,170.9,51.7,0,24-01-2024,24-04-2024,91,0.86
IND01492,Telangana,Black,Wheat,44.1,6.6,34.8,173.9,45.8,0,17-05-2024,08-09-2024,114,0.81
IND01493,Andhra Pradesh,Black,Sugarcane,27.4,7.2,28.7,118.2,77.9,9.7,21-04-2024,10-09-2024,142,0.88
IND01494,Karnataka,Red,Pulses,28.9,6.6,31.8,44.3,54.1,28.2,04-05-2024,26-09-2024,145,0.4
IND01495,Maharashtra,Laterite,Groundnut,12.1,6.1,33.3,82.1,87.5,32.6,24-10-2024,21-03-2025,148,0.78
IND01496,Andhra Pradesh,Black,Cotton,42.3,6.9,24.3,141,73.8,0.3,04-03-2024,03-07-2024,121,0.77
IND01497,Odisha,Laterite,Groundnut,22.2,6.5,23.8,112.1,63.4,33.6,07-01-2024,04-05-2024,118,0.85
IND01498,Rajasthan,Alluvial,Maize,14.6,6.1,28.5,94.1,58.4,23.8,20-10-2024,16-02-2025,119,0.45
IND01499,Kerala,Laterite,Rice,33.2,6.4,27.9,160.4,68.9,0,06-05-2024,24-08-2024,110,0.37
IND01500,Telangana,Red,Groundnut,31.7,6.9,32.1,243,40.2,15.9,21-05-2024,22-08-2024,93,0.73
IND01501,Madhya Pradesh,Black,Cotton,23.1,6.1,37.7,82,80.4,23.1,10-02-2024,17-05-2024,97,0.5
IND01502,Bihar,Alluvial,Maize,13.3,7,22.3,94,44,44,18-07-2024,23-11-2024,128,0.37
IND01503,Tamil Nadu,Laterite,Groundnut,43.1,7.8,20.8,104.3,86.7,16.5,01-07-2024,26-11-2024,148,0.61
IND01504,Karnataka,Red,Groundnut,12.4,6.1,33.2,281.5,88.7,18.3,15-09-2024,21-12-2024,97,0.75
IND01505,Punjab,Alluvial,Wheat,39,6,29.7,26,66.7,21.8,06-07-2024,03-12-2024,150,0.74
IND01506,Tamil Nadu,Red,Millet,42.7,6.3,32.7,216.5,49.7,4.3,15-10-2024,14-03-2025,150,0.84
IND01507,Karnataka,Laterite,Rice,33.9,6.1,38,55.8,70,19.6,19-05-2024,20-10-2024,154,0.59
IND01508,Haryana,Alluvial,Rice,32.7,7,31.6,150,49.9,24.6,06-01-2024,04-05-2024,119,0.42
IND01509,West Bengal,Alluvial,Sugarcane,22.3,7.7,22.6,48.8,77.1,37.1,15-07-2024,21-12-2024,159,0.44
IND01510,Karnataka,Laterite,Groundnut,30.1,7.7,33,200.9,83.3,31.7,25-06-2024,25-09-2024,92,0.53
IND01511,Karnataka,Red,Maize,22,7.3,29.1,176.1,62.9,1.8,01-05-2024,05-10-2024,157,0.37
IND01512,Bihar,Alluvial,Maize,32.5,6.5,21.1,170.8,80.7,16.8,07-08-2024,28-12-2024,143,0.63
IND01513,Telangana,Red,Millet,39.5,6.7,38,172.7,82.1,2.2,13-05-2024,23-09-2024,133,0.56
IND01514,West Bengal,Laterite,Rice,19.8,7.4,39.4,214.8,42.2,15.1,17-12-2024,04-04-2025,108,0.55
IND01515,Bihar,Alluvial,Pulses,40.6,7.8,37.1,152.1,79.1,18.3,17-04-2024,16-07-2024,90,0.44
IND01516,Uttar Pradesh,Alluvial,Wheat,14.6,6.5,19.1,32.9,52.5,19.8,01-09-2024,28-12-2024,118,0.58
IND01517,Punjab,Alluvial,Wheat,20.6,7.6,33.6,239.7,41.1,0,03-08-2024,29-12-2024,148,0.78
IND01518,Odisha,Laterite,Rice,20.8,6,20.4,67.5,70.9,13.6,05-04-2024,08-08-2024,125,0.71
IND01519,Karnataka,Laterite,Rice,23.9,7.3,26.7,112.1,42.2,18.1,07-01-2024,10-06-2024,155,0.68
IND01520,Haryana,Alluvial,Pulses,40.7,6.9,26.3,239.1,42.4,4,11-08-2024,08-11-2024,89,0.38
IND01521,Telangana,Black,Cotton,38.6,6.8,21.4,297.6,47.1,0,15-02-2024,10-07-2024,146,0.73
IND01522,Bihar,Alluvial,Rice,12.9,7,34.8,154,42.4,29.9,17-10-2024,16-02-2025,122,0.46
IND01523,Odisha,Laterite,Groundnut,39.9,7.5,26.8,54,62.6,25.2,25-07-2024,30-10-2024,97,0.37
IND01524,Andhra Pradesh,Red,Groundnut,26.6,6.6,29.6,196.4,74.4,28.7,10-10-2024,11-01-2025,93,0.88
IND01525,Andhra Pradesh,Black,Sugarcane,41.4,7.2,37.3,80.5,68.9,0.2,13-11-2024,16-02-2025,95,0.53
IND01526,Gujarat,Black,Wheat,16.8,6.4,33.3,79.5,43,28.3,10-11-2024,07-03-2025,117,0.58
IND01527,Uttar Pradesh,Alluvial,Maize,37.6,6.2,30.6,225.3,84.1,3.6,05-06-2024,15-09-2024,102,0.53
IND01528,Kerala,Laterite,Groundnut,38.1,7.5,29.1,182.4,73.9,0,07-01-2024,16-05-2024,130,0.44
IND01529,Telangana,Black,Sugarcane,25.8,6.8,28,267.3,81.9,0,12-09-2024,18-01-2025,128,0.5
IND01530,Maharashtra,Black,Cotton,36.8,7.6,23,133.3,61.9,29.4,24-11-2024,22-02-2025,90,0.69
IND01531,Maharashtra,Red,Millet,12.8,7.5,36.1,185.8,87.5,2.7,04-04-2024,31-07-2024,118,0.79
IND01532,Rajasthan,Desert,Millet,38.1,7.4,18.8,232.8,69.2,9.3,07-02-2024,02-07-2024,146,0.73
IND01533,Madhya Pradesh,Black,Cotton,19.8,6.8,34.3,46,78.6,36.1,25-02-2024,29-07-2024,155,0.9
IND01534,Gujarat,Black,Cotton,28.4,6.6,39.1,36.7,86.1,28,23-09-2024,11-02-2025,141,0.41
IND01535,Karnataka,Black,Cotton,35.2,6.1,26.3,140.6,62,15.2,15-07-2024,19-12-2024,157,0.6
IND01536,Uttar Pradesh,Alluvial,Wheat,39.8,6,25.4,183.6,72.6,26.9,08-03-2024,14-07-2024,128,0.36
IND01537,Telangana,Black,Cotton,18.6,7.6,26,280.6,53.3,12.6,17-12-2024,23-03-2025,96,0.74
IND01538,Gujarat,Black,Sugarcane,29.8,7.3,37.2,95.6,80.8,28.6,23-01-2024,26-05-2024,124,0.39
IND01539,Andhra Pradesh,Red,Pulses,28.7,6.4,29.9,85.9,81.6,11.3,14-05-2024,13-10-2024,152,0.5
IND01540,Punjab,Alluvial,Wheat,40,6.5,30,239.7,57.1,0,04-11-2024,09-04-2025,156,0.54
IND01541,Telangana,Red,Pulses,43.7,7.8,31.6,105.2,75.1,16.4,19-08-2024,04-12-2024,107,0.47
IND01542,Rajasthan,Desert,Millet,25.5,7,25,210.1,60.5,1.4,22-10-2024,17-02-2025,118,0.37
IND01543,West Bengal,Alluvial,Pulses,17.4,6.8,35,136.4,58.3,27.4,05-09-2024,12-01-2025,129,0.36
IND01544,Karnataka,Black,Wheat,28.4,6.5,29.4,130.6,72.4,0,04-12-2024,11-05-2025,158,0.5
IND01545,Odisha,Alluvial,Pulses,30.2,6.4,38,243.4,62.7,6.7,16-03-2024,19-06-2024,95,0.84
IND01546,Punjab,Alluvial,Pulses,16,7.5,27.7,175,53.8,9.9,19-12-2024,17-03-2025,88,0.5
IND01547,Rajasthan,Alluvial,Pulses,29,6.8,29.1,56.5,41.4,11.1,15-10-2024,13-03-2025,149,0.8
IND01548,Telangana,Black,Wheat,24.7,7.2,23.1,42.8,45.9,40.6,25-03-2024,30-08-2024,158,0.42
IND01549,Karnataka,Red,Groundnut,44.2,6.7,26.2,43.1,69.5,32.6,08-04-2024,23-08-2024,137,0.76
IND01550,Punjab,Alluvial,Maize,33.5,6.4,33,41.3,71.3,24.7,09-10-2024,02-01-2025,85,0.45
IND01551,Rajasthan,Alluvial,Maize,44.5,7.5,26.9,168,51.1,11.7,06-08-2024,03-12-2024,119,0.87
IND01552,Punjab,Alluvial,Wheat,12.8,6.4,23.7,118.8,56,17.9,13-06-2024,17-09-2024,96,0.36
IND01553,Madhya Pradesh,Red,Maize,32.5,7.6,34.7,140.6,67.3,13.5,16-05-2024,04-10-2024,141,0.87
IND01554,Punjab,Alluvial,Wheat,37.7,7.5,22.3,215.5,71.3,0,09-11-2024,25-03-2025,136,0.79
IND01555,Rajasthan,Desert,Millet,42,7.1,23.5,276.3,87.4,20.3,23-05-2024,10-10-2024,140,0.45
IND01556,Rajasthan,Desert,Millet,23.5,6.2,20.5,201.4,71.7,22.8,03-09-2024,14-01-2025,133,0.46
IND01557,Kerala,Laterite,Groundnut,23.7,7.4,36.7,236.1,61.7,5.8,07-05-2024,11-10-2024,157,0.86
IND01558,Telangana,Red,Groundnut,32.4,7.5,18.5,168.5,73.4,25.4,12-04-2024,28-08-2024,138,0.57
IND01559,Rajasthan,Alluvial,Maize,15.5,6.2,29.9,146.8,53.4,41.9,19-07-2024,01-12-2024,135,0.39
IND01560,Uttar Pradesh,Alluvial,Rice,36.2,7.1,18.3,273.9,65.3,7.2,14-11-2024,23-02-2025,101,0.62
IND01561,Gujarat,Alluvial,Sugarcane,36.8,7.1,36,88.4,85.1,22.6,10-06-2024,21-09-2024,103,0.59
IND01562,Telangana,Black,Wheat,27,7.3,23.2,247.5,77.2,21,04-06-2024,27-09-2024,115,0.63
IND01563,Madhya Pradesh,Red,Maize,37.1,7.1,26.8,250.4,89.8,23.6,24-01-2024,07-05-2024,104,0.54
IND01564,Kerala,Laterite,Rice,20.6,7.3,22.3,155.3,53.5,37.1,01-07-2024,04-10-2024,95,0.86
IND01565,Telangana,Red,Pulses,27.3,6.3,36.4,96.4,71.6,38.4,19-10-2024,02-03-2025,134,0.64
IND01566,Rajasthan,Alluvial,Rice,15.1,6.4,26.8,61,46.1,29.8,22-06-2024,21-10-2024,121,0.87
IND01567,Andhra Pradesh,Black,Wheat,44,7.3,38.5,168.4,76,13.8,07-05-2024,17-09-2024,133,0.72
IND01568,Gujarat,Alluvial,Maize,33.6,6.4,26.7,185.8,47.4,11.2,25-12-2024,08-04-2025,104,0.56
IND01569,Kerala,Laterite,Groundnut,28.1,6.5,18.9,71.9,41.6,22.1,13-12-2024,11-03-2025,88,0.41
IND01570,Gujarat,Black,Cotton,32,6.9,19.2,232.8,44.5,7.2,19-11-2024,20-04-2025,152,0.73
IND01571,Kerala,Laterite,Rice,32.7,7.7,18.6,28.1,84.9,5.6,07-08-2024,07-12-2024,122,0.53
IND01572,Karnataka,Black,Sugarcane,20.8,7.3,33.1,112,81.7,32.8,11-12-2024,15-04-2025,125,0.7
IND01573,Tamil Nadu,Laterite,Rice,42.8,7.1,30.8,142.4,62.9,7.1,21-05-2024,31-08-2024,102,0.36
IND01574,Rajasthan,Desert,Millet,40.9,7.5,24.7,282.8,72.3,0,17-07-2024,25-11-2024,131,0.39
IND01575,Uttar Pradesh,Alluvial,Pulses,33.6,7.6,34.7,271.7,50.1,0,15-05-2024,10-08-2024,87,0.8
IND01576,Telangana,Black,Cotton,31.9,6.7,26.9,125.2,73.2,24.4,10-11-2024,18-02-2025,100,0.4
IND01577,Maharashtra,Red,Millet,40.3,7.6,19.9,145.3,59,5.5,12-09-2024,08-12-2024,87,0.5
IND01578,Madhya Pradesh,Red,Maize,40.5,6.1,23,283.5,66.5,0,11-03-2024,28-07-2024,139,0.86
IND01579,Telangana,Red,Groundnut,28.1,6.6,23.8,277.6,61.3,14.5,25-06-2024,08-11-2024,136,0.39
IND01580,Gujarat,Alluvial,Sugarcane,18.3,6.3,21.3,273.8,63.6,3.6,12-01-2024,23-05-2024,132,0.84
IND01581,Telangana,Red,Maize,41.9,6.8,36.7,94.1,49.8,16.9,01-12-2024,05-03-2025,94,0.59
IND01582,Punjab,Alluvial,Maize,42,6.1,20,53.5,88.3,15.7,21-07-2024,15-11-2024,117,0.76
IND01583,Kerala,Laterite,Rice,41.6,7.7,31,214.1,73.6,14.9,04-05-2024,06-09-2024,125,0.36
IND01584,Kerala,Laterite,Groundnut,30,6.3,34,136.9,81.6,35.6,25-10-2024,27-01-2025,94,0.79
IND01585,Andhra Pradesh,Black,Wheat,27.7,7.1,25.7,151,72.5,26.4,10-05-2024,16-10-2024,159,0.39
IND01586,Tamil Nadu,Laterite,Rice,35.8,7.2,19.7,138.2,76,7.5,16-05-2024,28-08-2024,104,0.42
IND01587,Madhya Pradesh,Black,Sugarcane,40.5,7.6,18.3,235,73.5,0,17-07-2024,02-11-2024,108,0.54
IND01588,Kerala,Laterite,Groundnut,43.7,6.9,37.2,142.5,89,9.5,14-02-2024,01-06-2024,108,0.74
IND01589,Madhya Pradesh,Black,Wheat,28.3,6.2,36.4,154.1,42.4,25.1,07-08-2024,30-12-2024,145,0.5
IND01590,Gujarat,Black,Sugarcane,26.2,6.6,18.5,117.9,62.6,9.9,05-09-2024,12-12-2024,98,0.69
IND01591,Gujarat,Alluvial,Pulses,31.3,7.2,37.7,213.7,70.7,11.8,20-07-2024,15-11-2024,118,0.49
IND01592,Andhra Pradesh,Black,Cotton,15.9,6,25.5,54.3,87.4,23.6,22-04-2024,22-08-2024,122,0.57
IND01593,Maharashtra,Red,Groundnut,41.6,6,32.2,261.7,86.3,2.9,07-06-2024,07-09-2024,92,0.8
IND01594,Odisha,Laterite,Groundnut,14.2,6.1,31.9,37,58,36.6,21-09-2024,01-02-2025,133,0.88
IND01595,Andhra Pradesh,Black,Wheat,35,7.4,24.6,243.2,67.4,0.3,02-05-2024,08-10-2024,159,0.43
IND01596,Tamil Nadu,Red,Maize,35,7.1,36.6,27.4,85.3,14.9,21-06-2024,27-09-2024,98,0.82
IND01597,Maharashtra,Laterite,Groundnut,29,7.4,21.4,23.2,57,16.8,10-03-2024,26-07-2024,138,0.38
IND01598,Bihar,Alluvial,Wheat,33.9,6.3,36.8,199.7,65.6,0,10-12-2024,11-03-2025,91,0.72
IND01599,Kerala,Laterite,Groundnut,38.4,7,27.4,149.3,83.6,17.9,01-02-2024,13-05-2024,102,0.82
IND01600,Odisha,Alluvial,Rice,41.1,7,19.2,112.4,41.2,13.8,02-05-2024,21-09-2024,142,0.53
IND01601,Punjab,Alluvial,Rice,23.9,7.2,24.7,108.7,86.8,9.3,04-10-2024,23-02-2025,142,0.41
IND01602,Haryana,Alluvial,Pulses,40.5,7.4,35.4,204.2,75.6,19.1,08-09-2024,16-12-2024,99,0.56
IND01603,Karnataka,Black,Cotton,27.7,6.4,19.7,127,55.1,35.4,01-11-2024,11-02-2025,102,0.77
IND01604,Odisha,Alluvial,Wheat,40.9,6.2,21,155.5,62.1,0,12-06-2024,28-10-2024,138,0.44
IND01605,Tamil Nadu,Laterite,Rice,18,6.7,32.9,150.5,56,11.5,08-08-2024,01-11-2024,85,0.74
IND01606,Bihar,Alluvial,Maize,19,7.5,39.9,185.4,44.6,9.2,16-08-2024,01-01-2025,138,0.53
IND01607,Odisha,Laterite,Groundnut,35.6,6.9,25,250.2,70.5,0.7,02-08-2024,05-12-2024,125,0.84
IND01608,Karnataka,Red,Millet,21.4,6.7,28,215.4,47.5,13.4,23-11-2024,09-03-2025,106,0.64
IND01609,Uttar Pradesh,Alluvial,Wheat,20.3,6.8,31.5,157.5,49.8,11.4,19-12-2024,20-03-2025,91,0.45
IND01610,West Bengal,Laterite,Rice,36.5,7.6,30,205,53.2,0,21-01-2024,21-05-2024,121,0.84
IND01611,Madhya Pradesh,Red,Groundnut,19.3,6.5,27.9,122.1,89.6,11.7,02-05-2024,19-08-2024,109,0.88
IND01612,Punjab,Alluvial,Sugarcane,27.3,6.2,27.2,200.7,44.1,0,21-10-2024,30-01-2025,101,0.54
IND01613,Punjab,Alluvial,Wheat,13.4,7.4,38.7,270.6,45.7,13,03-11-2024,25-02-2025,114,0.62
IND01614,Madhya Pradesh,Black,Wheat,26.5,6.1,36.3,225.6,85.4,9.2,16-05-2024,14-08-2024,90,0.83
IND01615,Bihar,Alluvial,Maize,39.4,6.1,20.6,52.2,70.5,24.5,20-09-2024,05-02-2025,138,0.68
IND01616,Punjab,Alluvial,Pulses,44,6.4,28.5,182,44.2,0,13-01-2024,30-05-2024,138,0.76
IND01617,Tamil Nadu,Laterite,Rice,24,7.7,33.2,125.9,51.9,34.6,11-12-2024,16-03-2025,95,0.56
IND01618,Kerala,Laterite,Rice,16.4,7,36.1,62.3,55.6,23.9,06-11-2024,26-03-2025,140,0.71
IND01619,Telangana,Black,Cotton,23.9,7.1,32.2,219.5,64.9,26.1,14-01-2024,01-05-2024,108,0.79
IND01620,West Bengal,Laterite,Rice,25.9,7,29.2,152.6,42.6,24.6,12-06-2024,13-09-2024,93,0.59
IND01621,Telangana,Red,Millet,38,7.6,28.5,198.5,59.3,19,05-10-2024,24-01-2025,111,0.85
IND01622,Karnataka,Black,Wheat,33.6,6.6,26.6,228.4,84.4,23.2,05-01-2024,11-04-2024,97,0.88
IND01623,Maharashtra,Laterite,Groundnut,33.9,6.3,18.3,237.6,55.9,25.2,20-08-2024,24-11-2024,96,0.7
IND01624,West Bengal,Alluvial,Maize,29.4,7.3,23.5,162.2,47.7,10.1,20-01-2024,02-06-2024,134,0.84
IND01625,Andhra Pradesh,Black,Cotton,41.6,7.1,20.9,236.5,87.5,19.9,22-09-2024,19-02-2025,150,0.41
IND01626,Gujarat,Black,Cotton,36.6,7.3,38.5,253.7,40.1,0,18-03-2024,21-08-2024,156,0.78
IND01627,Uttar Pradesh,Alluvial,Rice,28.2,7.2,20.8,119.9,68.8,0.2,22-08-2024,29-11-2024,99,0.36
IND01628,Punjab,Alluvial,Maize,32.9,7.6,36.9,45.6,59.9,15.9,04-11-2024,30-03-2025,146,0.62
IND01629,Madhya Pradesh,Red,Millet,17.3,7.7,25.4,185.8,84.3,18.8,01-04-2024,22-07-2024,112,0.43
IND01630,Telangana,Red,Groundnut,33,7.1,38.1,253,65.9,18.7,18-05-2024,12-08-2024,86,0.71
IND01631,Odisha,Alluvial,Maize,18.6,7.3,26.1,231.7,89.3,0,06-07-2024,06-10-2024,92,0.48
IND01632,Maharashtra,Black,Cotton,34.3,7.4,18.6,293.9,47,5.6,25-10-2024,01-03-2025,127,0.36
IND01633,Andhra Pradesh,Red,Maize,12.1,7,37.6,220,76,0,15-01-2024,13-06-2024,150,0.59
IND01634,Andhra Pradesh,Red,Maize,36.8,7.7,36.5,54.7,88.4,27.4,09-04-2024,14-07-2024,96,0.53
IND01635,Madhya Pradesh,Red,Millet,20.3,6.8,25.8,271.8,54.6,15.9,06-11-2024,13-03-2025,127,0.55
IND01636,Punjab,Alluvial,Sugarcane,22.7,6.3,39.9,64.7,51.2,14.4,04-08-2024,19-12-2024,137,0.75
IND01637,Tamil Nadu,Red,Millet,29.1,6.1,36.6,202.2,55.9,15.5,16-01-2024,20-04-2024,95,0.72
IND01638,Haryana,Alluvial,Rice,35.9,7.6,26.9,140.7,78.1,8.3,07-09-2024,11-01-2025,126,0.41
IND01639,Uttar Pradesh,Alluvial,Sugarcane,39,7.1,38.2,178.8,73,19.7,08-01-2024,11-04-2024,94,0.74
IND01640,Bihar,Alluvial,Wheat,18.3,7.5,32.2,38.1,63.5,32.5,06-06-2024,02-11-2024,149,0.58
IND01641,Madhya Pradesh,Red,Maize,25,7.7,31.9,280.2,62.5,0,21-08-2024,09-01-2025,141,0.84
IND01642,Tamil Nadu,Black,Wheat,21.3,7.1,28.7,131,79.9,29.8,11-02-2024,11-06-2024,121,0.45
IND01643,Kerala,Laterite,Groundnut,17.5,7.1,18.7,120.7,40.3,4.1,05-05-2024,09-09-2024,127,0.86
IND01644,Rajasthan,Desert,Millet,40.2,7.8,31.1,240.6,78.1,0,08-08-2024,01-11-2024,85,0.7
IND01645,Karnataka,Red,Groundnut,16.2,7,29.4,104.7,47.5,13.3,04-12-2024,14-04-2025,131,0.7
IND01646,Bihar,Alluvial,Sugarcane,33.6,7.2,22.7,39,89.4,37,09-08-2024,28-12-2024,141,0.74
IND01647,Telangana,Red,Millet,26,6.6,22.8,294.7,69.3,16.2,14-07-2024,11-11-2024,120,0.52
IND01648,Kerala,Laterite,Groundnut,15.1,7.3,18.4,169,44.3,29.5,17-10-2024,24-02-2025,130,0.53
IND01649,Odisha,Laterite,Rice,29.3,6.4,26.7,133.2,78.9,28.5,12-02-2024,30-05-2024,108,0.45
IND01650,Punjab,Alluvial,Wheat,42.6,7.6,34,292.3,72.9,0,01-01-2024,09-04-2024,99,0.79
IND01651,Tamil Nadu,Laterite,Groundnut,38.2,6.1,23.5,38.5,88.7,6.4,24-02-2024,14-06-2024,111,0.71
IND01652,Odisha,Alluvial,Rice,13.1,7.7,34.4,271.3,56.9,24.4,10-02-2024,26-05-2024,106,0.36
IND01653,Karnataka,Laterite,Rice,15.3,6.9,37.2,262.6,80.3,11.2,21-05-2024,02-10-2024,134,0.73
IND01654,West Bengal,Laterite,Groundnut,17.9,7.8,39.6,250.9,68.5,3.1,01-06-2024,07-09-2024,98,0.48
IND01655,Odisha,Laterite,Groundnut,12.7,7.6,30.2,53.9,71.9,17.9,14-01-2024,10-04-2024,87,0.77
IND01656,Gujarat,Alluvial,Sugarcane,39.7,6.5,29.9,207.3,88.5,0,20-08-2024,19-11-2024,91,0.88
IND01657,Haryana,Alluvial,Wheat,24.4,6.5,28.8,29.2,72.4,23.2,09-05-2024,18-08-2024,101,0.39
IND01658,Gujarat,Alluvial,Rice,20.1,6.8,38.3,115.8,67.8,35.9,05-08-2024,27-12-2024,144,0.46
IND01659,Bihar,Alluvial,Rice,37.2,7.2,30.5,181,40.8,23.3,06-06-2024,05-11-2024,152,0.51
IND01660,Maharashtra,Black,Cotton,23.2,6.8,19.7,145.8,54,30,10-07-2024,17-10-2024,99,0.58
IND01661,Andhra Pradesh,Black,Cotton,37.8,7,20,29.9,78.1,30.5,17-08-2024,20-01-2025,156,0.56
IND01662,Bihar,Alluvial,Sugarcane,44.3,7.2,28.1,22.7,78.4,12.6,25-11-2024,09-03-2025,104,0.89
IND01663,West Bengal,Laterite,Rice,15.2,6.9,25.6,59.9,47.6,48.6,18-03-2024,01-07-2024,105,0.43
IND01664,Punjab,Alluvial,Wheat,23.3,6.9,30.2,43.3,50.2,33.6,24-01-2024,15-06-2024,143,0.4
IND01665,Telangana,Black,Sugarcane,12.7,7.8,30.2,89.1,83.9,32.1,13-05-2024,14-10-2024,154,0.5
IND01666,Maharashtra,Red,Maize,27.5,6.3,25.6,216.4,82.4,16.9,23-02-2024,28-05-2024,95,0.63
IND01667,Bihar,Alluvial,Maize,44.9,6.8,25.7,58.9,41.3,6.2,18-02-2024,01-06-2024,104,0.84
IND01668,Odisha,Alluvial,Wheat,43.7,6.6,37.2,200,60,0,13-09-2024,20-12-2024,98,0.79
IND01669,Rajasthan,Alluvial,Maize,21,6.8,26.4,267.5,89.7,0,16-02-2024,14-06-2024,119,0.44
IND01670,Andhra Pradesh,Red,Maize,16.8,7.3,35.6,61.4,74.3,16.3,06-05-2024,05-09-2024,122,0.52
IND01671,Andhra Pradesh,Red,Maize,39.1,7.4,39.3,235.5,65,0,24-01-2024,13-06-2024,141,0.45
IND01672,Andhra Pradesh,Red,Pulses,31.2,7.2,20.6,267.1,48.7,23.7,24-11-2024,14-04-2025,141,0.73
IND01673,Haryana,Alluvial,Rice,15.5,7.1,26.6,253.1,56.2,6.3,09-08-2024,17-12-2024,130,0.62
IND01674,Kerala,Laterite,Groundnut,14,6.9,19.7,222.9,57.8,31,14-07-2024,10-12-2024,149,0.71
IND01675,Telangana,Black,Sugarcane,29.3,6.9,30.9,234.1,60.5,18.8,05-07-2024,12-11-2024,130,0.37
IND01676,Haryana,Alluvial,Pulses,23,6.4,23.1,286.2,80.7,15.5,16-02-2024,05-06-2024,110,0.87
IND01677,Karnataka,Laterite,Rice,36.1,7.5,39.8,215.7,89.2,26.9,22-03-2024,28-07-2024,128,0.41
IND01678,Gujarat,Black,Sugarcane,22.2,6.9,37.1,275.4,49.8,6,17-09-2024,28-12-2024,102,0.86
IND01679,Haryana,Alluvial,Wheat,32.6,7,22.7,77.7,84.3,14.5,11-03-2024,03-07-2024,114,0.89
IND01680,Punjab,Alluvial,Wheat,35.4,6.8,21,295.8,63,12.5,16-05-2024,17-09-2024,124,0.5
IND01681,Kerala,Laterite,Rice,20.3,6.1,27.6,44.4,74,31.2,23-10-2024,17-01-2025,86,0.87
IND01682,Maharashtra,Black,Cotton,41.1,7,25.4,50,90,4.9,20-03-2024,22-07-2024,124,0.53
IND01683,Rajasthan,Alluvial,Rice,44,6.5,29.7,282.8,82.6,0,06-07-2024,13-12-2024,160,0.75
IND01684,Odisha,Laterite,Groundnut,27.5,6.9,30.7,157.2,49.8,0.7,09-05-2024,01-09-2024,115,0.81
IND01685,West Bengal,Laterite,Rice,18,6.1,32.6,32.6,55.3,25.3,20-08-2024,17-12-2024,119,0.47
IND01686,Andhra Pradesh,Red,Millet,31.9,6.9,23.1,263.3,67.5,0,03-09-2024,18-01-2025,137,0.7
IND01687,Uttar Pradesh,Alluvial,Pulses,42.3,6.1,34,286.3,74.1,2,04-02-2024,27-05-2024,113,0.48
IND01688,Kerala,Laterite,Groundnut,31.5,7.7,20.5,295.6,66.3,0,11-01-2024,07-04-2024,87,0.37
IND01689,Karnataka,Red,Pulses,37.4,6.5,40,101.7,61.2,36.5,13-05-2024,28-09-2024,138,0.58
IND01690,Odisha,Laterite,Rice,43.1,7.1,25,111.7,53.3,7.4,16-09-2024,12-02-2025,149,0.87
IND01691,Maharashtra,Laterite,Groundnut,14.8,6.7,20.6,283.6,47.8,3.6,02-04-2024,11-08-2024,131,0.72
IND01692,Karnataka,Laterite,Rice,18.8,7.7,34.1,162.4,63.6,22.9,17-07-2024,18-11-2024,124,0.58
IND01693,Tamil Nadu,Red,Maize,35,7.6,27.3,131,44.9,14.6,23-05-2024,15-09-2024,115,0.86
IND01694,Rajasthan,Desert,Millet,22.9,6.5,35.4,270.2,46.4,0,03-11-2024,17-03-2025,134,0.87
IND01695,Madhya Pradesh,Red,Groundnut,41.2,6.1,21.3,172,86.7,0,24-10-2024,18-03-2025,145,0.57
IND01696,Uttar Pradesh,Alluvial,Sugarcane,15.1,6.6,18.4,167.2,62.4,29.2,19-04-2024,18-09-2024,152,0.63
IND01697,Maharashtra,Red,Pulses,18,6.8,38.2,80.4,87,30,06-04-2024,22-08-2024,138,0.51
IND01698,Maharashtra,Black,Cotton,15.1,7.2,34.1,275.9,81,6,02-10-2024,22-01-2025,112,0.58
IND01699,Bihar,Alluvial,Maize,28,7.4,34.7,28.8,76.4,15.1,14-09-2024,12-02-2025,151,0.79
IND01700,Haryana,Alluvial,Sugarcane,23.9,6.1,21.6,101.7,53.4,16,12-07-2024,13-10-2024,93,0.48
IND01701,Rajasthan,Desert,Millet,40.1,6.9,29.5,210.5,77.7,19.6,11-11-2024,19-02-2025,100,0.64
IND01702,Punjab,Alluvial,Maize,27.7,7.3,23,160.4,71.3,16.9,16-12-2024,25-03-2025,99,0.67
IND01703,Rajasthan,Desert,Millet,44.8,6.6,36.1,281.5,89.6,6.9,19-04-2024,05-09-2024,139,0.35
IND01704,West Bengal,Laterite,Rice,38.7,6.7,38.7,263.7,81.8,16,09-02-2024,22-06-2024,134,0.42
IND01705,Telangana,Black,Cotton,17.9,6.3,32.6,209.6,64.1,12.7,23-10-2024,27-01-2025,96,0.43
IND01706,Kerala,Laterite,Rice,31.7,6.6,32.5,150.9,59.7,9.6,16-05-2024,15-10-2024,152,0.8
IND01707,Odisha,Laterite,Groundnut,35.3,7,23.6,25.5,64.8,19.7,02-12-2024,08-04-2025,127,0.37
IND01708,Karnataka,Black,Wheat,14.5,7.5,35.6,45.8,62.3,25.6,09-09-2024,06-12-2024,88,0.51
IND01709,Uttar Pradesh,Alluvial,Sugarcane,13.2,7.5,38.7,267.9,55.8,6.2,15-10-2024,19-03-2025,155,0.76
IND01710,Madhya Pradesh,Red,Pulses,43.4,7.3,30.2,102.2,62.5,33.1,02-01-2024,23-04-2024,112,0.69
IND01711,Gujarat,Black,Wheat,16.9,7.6,22.4,61.5,40.7,17,18-04-2024,24-09-2024,159,0.41
IND01712,Gujarat,Black,Wheat,40.9,6.1,21.3,116,44.5,0.5,15-11-2024,23-02-2025,100,0.41
IND01713,Odisha,Alluvial,Wheat,18.9,6.6,34,59.9,79.1,22.3,03-11-2024,16-03-2025,133,0.87
IND01714,Odisha,Alluvial,Maize,41,7.7,23.4,140.4,68.1,6.6,13-02-2024,11-05-2024,88,0.53
IND01715,Maharashtra,Red,Maize,37.7,6.1,18.1,172.9,52.8,7.9,03-03-2024,17-06-2024,106,0.87
IND01716,Rajasthan,Alluvial,Maize,37.8,7.4,34.2,131.3,76.6,16.9,14-09-2024,13-02-2025,152,0.56
IND01717,Haryana,Alluvial,Sugarcane,32.2,6.5,36.6,242.2,80.4,0,18-08-2024,16-11-2024,90,0.76
IND01718,Kerala,Laterite,Rice,44.1,7.6,39.7,67.8,83.2,31.1,17-12-2024,23-04-2025,127,0.62
IND01719,Odisha,Alluvial,Rice,12.8,6.7,25.5,278.2,56.9,11,24-12-2024,22-03-2025,88,0.72
IND01720,Tamil Nadu,Laterite,Groundnut,22.1,6.5,36.9,295.4,87.2,23.1,05-08-2024,05-11-2024,92,0.86
IND01721,Maharashtra,Red,Pulses,14.7,6.8,19.8,268.6,77.4,4.5,03-09-2024,29-01-2025,148,0.43
IND01722,Telangana,Black,Sugarcane,27.8,7.8,23.7,52.4,81,20.3,25-10-2024,28-01-2025,95,0.41
IND01723,Uttar Pradesh,Alluvial,Pulses,19.2,7.5,24.3,85,65.6,40.6,05-09-2024,07-01-2025,124,0.47
IND01724,West Bengal,Laterite,Groundnut,31,7,25.1,136.2,62.8,24.2,04-07-2024,30-10-2024,118,0.47
IND01725,Telangana,Black,Sugarcane,21.9,7.1,24.5,139.8,79.9,15.4,05-07-2024,11-11-2024,129,0.46
IND01726,Telangana,Black,Sugarcane,27.4,6.5,22.7,154.2,46.5,27.3,04-09-2024,09-01-2025,127,0.83
IND01727,Bihar,Alluvial,Maize,30.3,7.1,37,141.1,89.2,10.2,17-03-2024,10-08-2024,146,0.64
IND01728,Maharashtra,Red,Groundnut,39.9,6.9,32.5,157.5,78.4,0,14-11-2024,08-02-2025,86,0.76
IND01729,Madhya Pradesh,Red,Pulses,23.8,7,20.1,107.3,79.7,9.9,01-12-2024,12-04-2025,132,0.81
IND01730,Telangana,Black,Cotton,39.1,7.4,32.4,80,51.6,9.8,12-12-2024,16-03-2025,94,0.83
IND01731,Andhra Pradesh,Red,Maize,15.4,7.5,23,47.1,75.6,33.3,14-05-2024,02-10-2024,141,0.81
IND01732,Rajasthan,Desert,Millet,30.1,6.4,23.4,25,48.2,24.5,14-04-2024,23-07-2024,100,0.52
IND01733,Punjab,Alluvial,Rice,30.6,7.1,25.8,36.9,60.7,12.1,17-02-2024,27-06-2024,131,0.9
IND01734,Rajasthan,Desert,Millet,29.6,6,18.9,240.9,42.9,6.9,03-08-2024,08-01-2025,158,0.36
IND01735,Odisha,Alluvial,Wheat,33,7.2,30.6,92.4,83.4,24.1,25-03-2024,28-07-2024,125,0.37
IND01736,Punjab,Alluvial,Maize,39.4,6.2,35.4,47.2,66,5.8,01-04-2024,05-09-2024,157,0.54
IND01737,Kerala,Laterite,Rice,20.2,6.7,34.3,279.8,83.4,0,02-11-2024,02-02-2025,92,0.84
IND01738,Odisha,Alluvial,Sugarcane,16.7,6.7,22,126.4,68.3,25.4,11-06-2024,26-09-2024,107,0.58
IND01739,Bihar,Alluvial,Maize,23.9,7.5,28.1,79.8,67.1,31.2,16-08-2024,18-12-2024,124,0.43
IND01740,Maharashtra,Laterite,Groundnut,21.6,6.8,36.4,136.7,76.3,34.9,23-11-2024,27-03-2025,124,0.84
IND01741,Madhya Pradesh,Black,Wheat,22,6.8,35.1,78.8,81.3,11.6,01-12-2024,26-03-2025,115,0.82
IND01742,Telangana,Black,Wheat,44.4,6.6,33.8,113.6,73.7,20.9,19-10-2024,20-02-2025,124,0.58
IND01743,Madhya Pradesh,Black,Sugarcane,33.1,7.4,34.3,163.7,66.9,2.1,22-10-2024,29-03-2025,158,0.76
IND01744,Gujarat,Black,Wheat,22.2,7.8,30.9,171.1,57,0,19-01-2024,02-05-2024,104,0.47
IND01745,Kerala,Laterite,Groundnut,27,7.3,24.5,35.3,49.1,9.4,01-04-2024,25-06-2024,85,0.45
IND01746,Tamil Nadu,Laterite,Rice,42.4,6.2,30.7,138.7,76.9,0,16-03-2024,10-08-2024,147,0.89
IND01747,Andhra Pradesh,Red,Pulses,17.6,6,37.9,199.4,66.6,21.1,07-02-2024,06-05-2024,89,0.4
IND01748,Odisha,Laterite,Rice,18.3,6.3,30,114.4,61,23.6,13-01-2024,31-05-2024,139,0.81
IND01749,Andhra Pradesh,Black,Wheat,17.5,6.2,25.6,172.5,41.3,1.8,04-01-2024,11-06-2024,159,0.57
IND01750,Rajasthan,Alluvial,Pulses,27.6,6.9,37.1,293.1,76.7,0,14-02-2024,04-07-2024,141,0.41
IND01751,Haryana,Alluvial,Sugarcane,13,6.9,32.6,120.5,48.5,33.1,03-02-2024,25-06-2024,143,0.82
IND01752,Uttar Pradesh,Alluvial,Rice,15.6,7.3,39.2,196.2,78.1,0,15-02-2024,03-06-2024,109,0.7
IND01753,Uttar Pradesh,Alluvial,Wheat,26.1,6.2,20.8,163.7,85.7,12.9,25-09-2024,12-02-2025,140,0.4
IND01754,Maharashtra,Black,Wheat,15,6,27.8,88.4,77.9,39.3,17-07-2024,27-10-2024,102,0.87
IND01755,Gujarat,Alluvial,Sugarcane,25.7,6.3,30.1,258.9,78.5,0,19-04-2024,23-08-2024,126,0.71
IND01756,Rajasthan,Alluvial,Rice,25.2,6.5,34.5,170.5,65.7,26.5,22-12-2024,18-04-2025,117,0.84
IND01757,Bihar,Alluvial,Pulses,40.4,7.4,38.5,234.4,79.9,2,23-06-2024,18-11-2024,148,0.58
IND01758,Madhya Pradesh,Black,Cotton,21.1,7.5,22.4,201.2,56.9,2.8,21-01-2024,16-06-2024,147,0.81
IND01759,Odisha,Laterite,Rice,34,7.5,25.3,70.9,44,38.9,09-02-2024,07-07-2024,149,0.75
IND01760,Tamil Nadu,Laterite,Rice,21.6,7.2,24.9,71.8,82.3,42.8,23-09-2024,30-12-2024,98,0.85
IND01761,Telangana,Red,Millet,15.9,6.9,39,106.8,62.2,23.5,03-11-2024,10-04-2025,158,0.38
IND01762,West Bengal,Laterite,Groundnut,30.8,7.1,33.7,218.3,71.1,29.4,11-03-2024,05-07-2024,116,0.81
IND01763,Uttar Pradesh,Alluvial,Wheat,36.2,7.6,28.1,209.5,88.1,22.6,07-04-2024,06-09-2024,152,0.84
IND01764,Kerala,Laterite,Groundnut,44.9,7.4,23.3,48,71.8,36.4,17-01-2024,14-05-2024,118,0.7
IND01765,Rajasthan,Alluvial,Pulses,44.8,6.1,38.5,216.8,66.3,0,01-01-2024,20-05-2024,140,0.42
IND01766,Maharashtra,Laterite,Rice,22.6,6.7,27.6,249,81.3,4.2,14-08-2024,08-01-2025,147,0.52
IND01767,Uttar Pradesh,Alluvial,Maize,40.4,7.2,26.8,78.3,63.2,11.7,20-05-2024,23-08-2024,95,0.56
IND01768,Tamil Nadu,Red,Groundnut,43.1,7,31.8,69,62,18.2,04-11-2024,05-04-2025,152,0.37
IND01769,Kerala,Laterite,Rice,13.8,6.3,37.3,100.5,48.4,7.1,24-12-2024,27-05-2025,154,0.74
IND01770,Karnataka,Black,Wheat,13.2,7.4,39,106,59,39.3,10-06-2024,26-10-2024,138,0.5
IND01771,Tamil Nadu,Red,Millet,42.7,6.5,36.9,114.4,51.4,9.6,23-12-2024,30-04-2025,128,0.72
IND01772,Punjab,Alluvial,Maize,31.4,7.2,22.4,176.8,68.5,19.7,03-02-2024,18-06-2024,136,0.9
IND01773,Madhya Pradesh,Black,Cotton,40,6.1,37.8,201.8,62.2,0,15-02-2024,03-06-2024,109,0.66
IND01774,Uttar Pradesh,Alluvial,Pulses,36.2,6.4,31.5,118.8,64.4,34.1,25-09-2024,28-02-2025,156,0.55
IND01775,Punjab,Alluvial,Sugarcane,16.4,6.1,18.3,92.3,84.9,42.3,06-09-2024,13-01-2025,129,0.83
IND01776,Gujarat,Black,Sugarcane,12.4,6.5,26.7,198.5,46.6,18.8,18-07-2024,14-10-2024,88,0.4
IND01777,Rajasthan,Desert,Millet,30.4,6,24.7,269.7,69,0,08-01-2024,01-06-2024,145,0.38
IND01778,Karnataka,Black,Sugarcane,19.6,6.6,26.1,294.8,42,14.7,23-12-2024,09-04-2025,107,0.71
IND01779,Kerala,Laterite,Rice,44.3,6.4,25.4,279.8,90,5.6,10-01-2024,19-04-2024,100,0.45
IND01780,Madhya Pradesh,Black,Wheat,15.3,6.6,22.7,163,56.5,16.5,18-11-2024,03-03-2025,105,0.68
IND01781,Uttar Pradesh,Alluvial,Pulses,42.4,7.3,38.5,140.5,60,2.1,12-06-2024,16-11-2024,157,0.43
IND01782,Bihar,Alluvial,Wheat,18.8,7.3,18.6,260.2,61.2,20.6,24-08-2024,14-01-2025,143,0.64
IND01783,Andhra Pradesh,Black,Sugarcane,31,6.1,35.3,196.6,87.2,21.5,09-10-2024,23-02-2025,137,0.39
IND01784,Andhra Pradesh,Black,Cotton,44.5,6.2,39.6,220.5,50.8,20.9,07-05-2024,08-09-2024,124,0.66
IND01785,Telangana,Black,Sugarcane,13.5,7.3,18.5,264.3,79.1,0,25-05-2024,05-09-2024,103,0.71
IND01786,Tamil Nadu,Black,Sugarcane,42.4,6.8,30.2,162.9,45.6,16.9,17-11-2024,11-02-2025,86,0.78
IND01787,Uttar Pradesh,Alluvial,Rice,17.5,6.1,37.9,50.2,80.3,39.3,18-06-2024,16-09-2024,90,0.51
IND01788,Uttar Pradesh,Alluvial,Sugarcane,34.6,7,26.1,195.7,70,6,04-09-2024,25-01-2025,143,0.87
IND01789,Tamil Nadu,Black,Wheat,38.9,6.9,26.4,269.5,88.9,0,24-06-2024,11-11-2024,140,0.43
IND01790,Rajasthan,Alluvial,Pulses,32.4,7.3,29.2,268.1,48.1,2.2,07-02-2024,05-07-2024,149,0.78
IND01791,Rajasthan,Desert,Millet,35.9,6.8,27.9,162.2,79.7,2.6,05-12-2024,12-03-2025,97,0.38
IND01792,West Bengal,Alluvial,Wheat,31.3,7.2,19.5,224.9,89.1,2.7,20-04-2024,15-09-2024,148,0.9
IND01793,Rajasthan,Desert,Millet,40.7,7,24.5,36.4,55.6,24.7,13-01-2024,04-06-2024,143,0.87
IND01794,Telangana,Black,Wheat,44.7,7.5,21.5,124.4,43.4,1.5,23-01-2024,24-04-2024,92,0.47
IND01795,West Bengal,Laterite,Rice,15.1,6.5,23.1,159.1,49.3,14.3,06-07-2024,02-12-2024,149,0.48
IND01796,Andhra Pradesh,Red,Pulses,33.9,7.4,18.7,296.7,60.9,11.8,02-12-2024,13-03-2025,101,0.68
IND01797,West Bengal,Alluvial,Rice,12.9,7.3,37.5,60.4,54,10.6,04-10-2024,04-03-2025,151,0.5
IND01798,Rajasthan,Alluvial,Maize,21.1,6.3,18.8,222.7,85.2,32.1,03-03-2024,12-07-2024,131,0.67
IND01799,Gujarat,Alluvial,Sugarcane,18.8,6.2,24.3,231.6,58.2,7,10-12-2024,30-04-2025,141,0.57
IND01800,Madhya Pradesh,Black,Cotton,43.5,6.8,28.8,188.7,48.6,9.7,17-04-2024,07-08-2024,112,0.6
IND01801,Tamil Nadu,Black,Cotton,42.3,7.7,30.6,157.3,70.7,3.7,24-08-2024,26-01-2025,155,0.65
IND01802,Odisha,Laterite,Groundnut,23.9,7.4,36.8,268.6,62.6,12,02-05-2024,17-08-2024,107,0.35
IND01803,Telangana,Black,Wheat,17.7,6.2,18.3,112.6,49.4,34.5,04-11-2024,08-03-2025,124,0.79
IND01804,Bihar,Alluvial,Sugarcane,30.6,6.9,36.5,161.4,54.6,6.3,09-02-2024,13-06-2024,125,0.46
IND01805,Gujarat,Black,Cotton,24.1,6.2,22.1,120.4,49.1,23.3,23-09-2024,22-01-2025,121,0.69
IND01806,Karnataka,Red,Millet,39.2,6.5,35.3,272.5,56.6,0,24-10-2024,08-02-2025,107,0.7
IND01807,Bihar,Alluvial,Rice,21,6.1,29,211.9,78.9,30.1,17-04-2024,18-09-2024,154,0.71
IND01808,Tamil Nadu,Laterite,Rice,32,7.3,29,61.1,43.9,40.7,04-09-2024,16-12-2024,103,0.57
IND01809,Haryana,Alluvial,Maize,21.9,6.3,40,258.6,52.9,29.6,12-06-2024,13-10-2024,123,0.53
IND01810,Kerala,Laterite,Groundnut,41,6.1,30,177.9,52.7,9,23-10-2024,06-03-2025,134,0.45
IND01811,Madhya Pradesh,Black,Cotton,18.5,6.8,26.2,59.9,87.3,34.8,16-09-2024,07-02-2025,144,0.42
IND01812,Bihar,Alluvial,Pulses,27.3,6.9,38.2,203.4,87.1,17.8,23-10-2024,19-01-2025,88,0.78
IND01813,Haryana,Alluvial,Maize,24.4,7,28.7,127.1,62.3,2.7,17-08-2024,08-01-2025,144,0.42
IND01814,West Bengal,Laterite,Rice,20.7,7.5,26.7,84,42.1,22.2,18-01-2024,10-05-2024,113,0.66
IND01815,West Bengal,Alluvial,Wheat,19.1,6.7,27.9,181.4,72.2,6.8,17-01-2024,18-05-2024,122,0.6
IND01816,Andhra Pradesh,Red,Groundnut,17.4,6.4,30.3,129.8,85,7.9,21-08-2024,08-01-2025,140,0.44
IND01817,Rajasthan,Alluvial,Pulses,38.7,7.8,37.3,112.9,61.3,32.6,01-05-2024,04-10-2024,156,0.75
IND01818,West Bengal,Laterite,Groundnut,27.6,6.9,23.3,275.6,49.8,0,25-07-2024,29-12-2024,157,0.72
IND01819,Karnataka,Black,Cotton,29.9,7.3,24.2,246.6,82.7,18.7,12-08-2024,15-11-2024,95,0.59
IND01820,Bihar,Alluvial,Maize,31.4,6.9,26.1,220.9,54.2,21.9,14-06-2024,19-10-2024,127,0.54
IND01821,Uttar Pradesh,Alluvial,Maize,36.8,7.8,29.9,48.2,60.2,14.9,18-10-2024,17-03-2025,150,0.54
IND01822,Maharashtra,Laterite,Groundnut,14.9,6.1,26.1,104.5,79.3,22,20-02-2024,24-07-2024,155,0.74
IND01823,Madhya Pradesh,Red,Pulses,35.5,6.1,31.1,240.3,42.9,10.3,16-01-2024,12-06-2024,148,0.76
IND01824,Gujarat,Black,Sugarcane,19.5,7.3,35.7,281.8,85,15.6,18-08-2024,16-11-2024,90,0.36
IND01825,Odisha,Laterite,Rice,13,6.1,31.6,149.4,79.5,37.2,16-10-2024,20-02-2025,127,0.51
IND01826,Karnataka,Laterite,Groundnut,16.2,7.4,34.4,66.7,63.3,26.6,25-10-2024,16-02-2025,114,0.52
IND01827,Bihar,Alluvial,Sugarcane,38.3,6.5,30.4,106.3,65,13.9,01-11-2024,11-03-2025,130,0.8
IND01828,Kerala,Laterite,Rice,23.5,7,31.1,207.6,50.4,30.1,16-02-2024,17-07-2024,152,0.74
IND01829,Odisha,Alluvial,Sugarcane,37.7,6.7,37,216.8,64.3,0.1,21-03-2024,13-07-2024,114,0.5
IND01830,Rajasthan,Alluvial,Pulses,41.3,6.6,22.5,161.1,83.7,0,06-11-2024,07-03-2025,121,0.86
IND01831,Haryana,Alluvial,Pulses,28.5,6.8,19.6,38,70.9,21.8,24-09-2024,12-02-2025,141,0.36
IND01832,Bihar,Alluvial,Pulses,39.2,6.5,37.8,237.1,79.5,12.8,05-03-2024,02-07-2024,119,0.62
IND01833,Haryana,Alluvial,Wheat,28.9,6.2,22.4,81.2,45.5,9.6,13-09-2024,20-02-2025,160,0.77
IND01834,Andhra Pradesh,Black,Wheat,36.9,6.6,37.8,288.6,58.1,0,01-11-2024,01-03-2025,120,0.75
IND01835,Gujarat,Black,Sugarcane,22.7,7.5,38,251.4,57.2,0,08-09-2024,23-12-2024,106,0.89
IND01836,Karnataka,Laterite,Groundnut,42.8,7.2,30.7,252.3,46.3,21.6,13-07-2024,27-10-2024,106,0.38
IND01837,Madhya Pradesh,Red,Maize,12,7.4,32.4,58.1,65.5,32.1,17-08-2024,11-11-2024,86,0.5
IND01838,Andhra Pradesh,Black,Cotton,27,6.8,25.6,131.5,59.7,16.5,21-06-2024,09-10-2024,110,0.37
IND01839,West Bengal,Alluvial,Wheat,32.3,7.1,30.4,238,49.5,9.2,13-12-2024,10-04-2025,118,0.82
IND01840,Maharashtra,Red,Pulses,17.9,7.7,21.2,127.4,79.3,2.9,04-03-2024,12-07-2024,130,0.4
IND01841,Kerala,Laterite,Groundnut,25.4,7,38.4,259.2,53.6,0,10-08-2024,20-11-2024,102,0.54
IND01842,Kerala,Laterite,Rice,14.8,7.2,36.3,286.9,89.8,9.3,08-04-2024,17-08-2024,131,0.82
IND01843,Kerala,Laterite,Rice,24,7.7,38.9,143.9,58.8,24.1,19-12-2024,06-04-2025,108,0.61
IND01844,Karnataka,Black,Cotton,15.5,6.1,36.6,255.7,84.5,20.9,25-11-2024,30-03-2025,125,0.74
IND01845,Kerala,Laterite,Groundnut,40.7,7.1,39.9,281.1,84.3,14.6,06-06-2024,14-10-2024,130,0.38
IND01846,Bihar,Alluvial,Maize,33.7,6.2,28.9,184.9,79.5,6.7,06-03-2024,02-06-2024,88,0.36
IND01847,Tamil Nadu,Laterite,Rice,37.7,7.6,35.2,142.4,88.3,17.2,01-08-2024,21-12-2024,142,0.49
IND01848,Rajasthan,Desert,Millet,38.2,7.5,22.6,112.6,75.2,3.2,16-11-2024,17-02-2025,93,0.66
IND01849,Uttar Pradesh,Alluvial,Sugarcane,31.8,7.8,38,178.3,43.7,24.1,13-10-2024,10-03-2025,148,0.6
IND01850,Karnataka,Black,Wheat,21.4,6.3,36.4,69.6,45.9,17.3,22-10-2024,17-01-2025,87,0.62
IND01851,Kerala,Laterite,Groundnut,26.3,7,34.1,209.3,58.7,13.8,07-08-2024,13-12-2024,128,0.89
IND01852,Madhya Pradesh,Red,Groundnut,41.6,6.4,34.4,289.3,74.7,8.2,20-01-2024,18-04-2024,89,0.66
IND01853,Uttar Pradesh,Alluvial,Wheat,23.1,7.4,21.5,48.6,43.7,28,15-04-2024,12-07-2024,88,0.83
IND01854,Kerala,Laterite,Rice,20.9,7.3,39.8,24.8,48.5,13.2,23-02-2024,16-07-2024,144,0.56
IND01855,Rajasthan,Desert,Millet,18.9,7.3,22.1,121,80.3,34.9,08-05-2024,07-08-2024,91,0.38
IND01856,Karnataka,Laterite,Rice,15.9,7.1,35.7,103.5,60.3,19.4,21-02-2024,05-07-2024,135,0.81
IND01857,Punjab,Alluvial,Sugarcane,32,6,29.4,248.9,57.4,0,21-09-2024,25-02-2025,157,0.82
IND01858,Rajasthan,Alluvial,Pulses,42.5,7.2,30,198.2,79.5,4.2,22-05-2024,14-09-2024,115,0.71
IND01859,Karnataka,Laterite,Rice,36.3,6,38.4,27.3,82.1,17.6,22-01-2024,28-04-2024,97,0.86
IND01860,Karnataka,Laterite,Rice,31,6.1,35.5,292.3,56,0,14-05-2024,19-09-2024,128,0.57
IND01861,Kerala,Laterite,Groundnut,31.3,7.3,38.3,165.9,62.7,10.3,21-11-2024,20-02-2025,91,0.55
IND01862,West Bengal,Alluvial,Sugarcane,24.1,6.5,24.8,109.3,72.8,18.6,23-01-2024,21-06-2024,150,0.66
IND01863,Tamil Nadu,Red,Millet,33.7,6.9,24.1,176.1,74.5,15.7,14-06-2024,28-10-2024,136,0.39
IND01864,Uttar Pradesh,Alluvial,Rice,39.2,6.6,26.4,145.3,47.3,22.8,16-08-2024,15-01-2025,152,0.41
IND01865,Odisha,Alluvial,Rice,21.1,6.4,24.5,174.8,47.6,2.1,18-12-2024,10-04-2025,113,0.85
IND01866,Maharashtra,Laterite,Groundnut,37.3,7,39.6,181.3,55,18,21-01-2024,18-06-2024,149,0.79
IND01867,Madhya Pradesh,Red,Millet,34.1,7.8,34.2,37.8,48.6,42.3,06-02-2024,15-05-2024,99,0.51
IND01868,Odisha,Alluvial,Maize,15.6,7.4,30.4,224.2,43.4,9.2,03-08-2024,14-11-2024,103,0.77
IND01869,Andhra Pradesh,Black,Sugarcane,13.6,6.9,30.4,175,76.7,20.6,21-03-2024,15-08-2024,147,0.8
IND01870,Punjab,Alluvial,Wheat,12.2,7.5,36.9,218.8,42.3,15,13-09-2024,10-02-2025,150,0.84
IND01871,Maharashtra,Black,Sugarcane,21.8,7.4,19.4,72.3,64.1,13.8,17-10-2024,10-02-2025,116,0.38
IND01872,Telangana,Red,Groundnut,36,7.8,36.3,32.3,67.5,27.7,04-05-2024,07-10-2024,156,0.6
IND01873,Tamil Nadu,Laterite,Groundnut,15.3,7.6,36,171.3,56.3,33,01-10-2024,19-02-2025,141,0.67
IND01874,Maharashtra,Black,Cotton,22.9,6.1,24.8,85.9,89.7,41,22-09-2024,17-02-2025,148,0.6
IND01875,Gujarat,Black,Wheat,22.4,6.4,24.2,273.2,75.3,26.9,19-09-2024,25-12-2024,97,0.43
IND01876,Haryana,Alluvial,Maize,21.5,7.1,26.6,212.7,81,25.7,04-09-2024,11-02-2025,160,0.89
IND01877,West Bengal,Laterite,Groundnut,34.5,6.3,18.9,186.4,64.7,0,07-02-2024,21-06-2024,135,0.75
IND01878,Rajasthan,Desert,Millet,17.2,6.2,30.7,290.4,77.8,14.2,16-07-2024,22-10-2024,98,0.46
IND01879,Rajasthan,Alluvial,Maize,31.6,6.1,39,174.2,73.6,12.1,13-07-2024,25-11-2024,135,0.75
IND01880,Uttar Pradesh,Alluvial,Rice,38.6,7.6,24.9,275.6,76.1,16.5,10-07-2024,30-11-2024,143,0.58
IND01881,Andhra Pradesh,Black,Sugarcane,34.7,7.3,35.6,223.3,73.3,0,23-05-2024,18-09-2024,118,0.39
IND01882,Haryana,Alluvial,Pulses,20.4,6.1,31.9,150.2,64.1,24,17-11-2024,05-03-2025,108,0.56
IND01883,Tamil Nadu,Laterite,Groundnut,36.8,7.3,33.3,80.9,70.9,36.2,13-09-2024,13-12-2024,91,0.53
IND01884,Madhya Pradesh,Red,Pulses,14.4,7.1,31.6,188.4,51.4,35.5,22-02-2024,07-07-2024,136,0.66
IND01885,Bihar,Alluvial,Maize,42.1,6.8,32.3,253,61,15.8,20-09-2024,04-01-2025,106,0.72
IND01886,Bihar,Alluvial,Pulses,29.7,7.1,29.2,94.7,73.3,21.6,15-09-2024,31-01-2025,138,0.45
IND01887,Bihar,Alluvial,Maize,25.2,7.8,24.4,164.7,49.2,28,19-07-2024,27-11-2024,131,0.7
IND01888,Andhra Pradesh,Black,Wheat,43.4,6.6,37.8,281.2,48.1,17.7,13-10-2024,18-01-2025,97,0.64
IND01889,Andhra Pradesh,Black,Sugarcane,37.8,6.2,18.6,23,64.4,19.4,02-01-2024,22-04-2024,111,0.43
IND01890,Uttar Pradesh,Alluvial,Pulses,38.9,7.1,29.8,36.4,69.8,19.9,21-12-2024,31-03-2025,100,0.36
IND01891,Uttar Pradesh,Alluvial,Wheat,42.9,7.3,28.1,255.7,69.9,9.9,20-07-2024,09-12-2024,142,0.39
IND01892,West Bengal,Laterite,Rice,29.6,6.6,30.2,201.7,82.1,17.9,06-12-2024,11-04-2025,126,0.64
IND01893,Karnataka,Red,Millet,24.9,7.2,25.6,271.7,81.8,23.7,21-12-2024,08-05-2025,138,0.45
IND01894,Maharashtra,Red,Maize,43.2,7.3,20.1,37.1,71,35.3,14-10-2024,21-02-2025,130,0.47
IND01895,Uttar Pradesh,Alluvial,Maize,43,6.9,23.4,226.1,79.6,0,13-02-2024,20-05-2024,97,0.46
IND01896,Kerala,Laterite,Groundnut,42,6.5,20.8,260.1,44.2,5.2,20-05-2024,14-10-2024,147,0.77
IND01897,Rajasthan,Desert,Millet,15.4,6.1,36.9,181.3,56.3,18.7,20-02-2024,27-05-2024,97,0.38
IND01898,Karnataka,Laterite,Groundnut,42.6,7.7,39.7,93,68.7,31.5,05-11-2024,02-02-2025,89,0.38
IND01899,Bihar,Alluvial,Wheat,14.3,6.3,26.2,284.7,43.1,5.6,23-03-2024,21-08-2024,151,0.54
IND01900,Gujarat,Alluvial,Sugarcane,40.1,7,24,35.7,59.2,16.4,23-10-2024,25-02-2025,125,0.86
IND01901,Telangana,Black,Cotton,20.1,7.6,30.3,123.2,75.5,21.2,03-07-2024,17-10-2024,106,0.56
IND01902,Madhya Pradesh,Red,Millet,44.1,7.6,33.9,61.6,88.5,23.4,07-08-2024,07-01-2025,153,0.87
IND01903,Rajasthan,Alluvial,Wheat,43.8,7.6,23.1,31.8,48,28.8,08-07-2024,12-12-2024,157,0.72
IND01904,West Bengal,Alluvial,Maize,36.9,6.5,20.1,208.8,69,0.9,21-02-2024,06-07-2024,136,0.81
IND01905,Gujarat,Alluvial,Sugarcane,12.6,6.1,23.5,296.4,61.4,15.5,12-11-2024,14-03-2025,122,0.48
IND01906,Bihar,Alluvial,Sugarcane,26.9,7.4,37.4,67.2,52.2,39.9,17-09-2024,25-01-2025,130,0.65
IND01907,Bihar,Alluvial,Rice,29.7,6.5,24.3,239.6,69.7,2,15-04-2024,20-08-2024,127,0.49
IND01908,Odisha,Alluvial,Maize,26.7,7,26.5,148.8,54.5,36.3,18-10-2024,13-01-2025,87,0.48
IND01909,West Bengal,Laterite,Rice,41.3,7.3,22.2,82.2,84.4,15.3,12-06-2024,06-10-2024,116,0.5
IND01910,Punjab,Alluvial,Sugarcane,40.5,7,27.5,182.7,78.4,1.1,14-08-2024,20-12-2024,128,0.41
IND01911,Madhya Pradesh,Red,Pulses,30.7,6.9,34.1,234.3,75.8,17.3,03-08-2024,20-12-2024,139,0.51
IND01912,Haryana,Alluvial,Maize,20.7,6.2,27.8,288.5,78.1,12.4,06-04-2024,09-07-2024,94,0.66
IND01913,Tamil Nadu,Red,Maize,36.2,6.4,30.6,197.7,87.4,29.1,02-02-2024,21-05-2024,109,0.62
IND01914,Andhra Pradesh,Black,Sugarcane,22.2,6.5,27.1,209.5,65.6,2,24-07-2024,31-12-2024,160,0.58
IND01915,Maharashtra,Black,Wheat,40.4,7.2,30.4,164.3,78,10,21-02-2024,03-06-2024,103,0.49
IND01916,Gujarat,Black,Wheat,15.2,6.5,20.4,51.8,49.9,29.2,19-09-2024,01-02-2025,135,0.82
IND01917,West Bengal,Alluvial,Maize,27.7,6.8,27.9,27.3,43,44.3,06-06-2024,08-11-2024,155,0.38
IND01918,Punjab,Alluvial,Sugarcane,35.3,7.7,35.4,185.1,68,2.4,23-03-2024,29-08-2024,159,0.69
IND01919,Maharashtra,Laterite,Groundnut,27.3,6.8,31.8,40.5,85.2,44.6,18-06-2024,28-10-2024,132,0.57
IND01920,Odisha,Laterite,Rice,27.4,6.6,28.5,186.8,63.7,31.3,16-04-2024,19-09-2024,156,0.46
IND01921,Kerala,Laterite,Rice,43,7.4,21.6,239.3,47.9,0,16-12-2024,25-03-2025,99,0.9
IND01922,Punjab,Alluvial,Pulses,13.2,7.2,21.9,299,60,27.5,07-12-2024,10-04-2025,124,0.51
IND01923,Uttar Pradesh,Alluvial,Sugarcane,40.6,6.8,21,159.9,55.5,12.8,07-05-2024,21-08-2024,106,0.77
IND01924,Kerala,Laterite,Groundnut,27.7,7.1,29.3,54.6,60.5,5.6,18-08-2024,10-01-2025,145,0.6
IND01925,Haryana,Alluvial,Pulses,25.8,6.1,38.8,167,62.5,12.8,02-08-2024,23-12-2024,143,0.55
IND01926,Odisha,Laterite,Rice,43.7,6.5,22.6,205.2,54.8,11.7,10-06-2024,08-09-2024,90,0.81
IND01927,Rajasthan,Alluvial,Pulses,15.3,6.1,27.9,247.8,40.9,3.2,12-12-2024,07-05-2025,146,0.78
IND01928,Haryana,Alluvial,Wheat,23.9,6.3,39,251.3,82.6,13.6,20-12-2024,27-05-2025,158,0.75
IND01929,Punjab,Alluvial,Pulses,38.3,6.4,20.7,37.3,80.2,5.9,06-08-2024,19-12-2024,135,0.51
IND01930,Telangana,Black,Wheat,19,6.9,35.6,296.9,58.8,0,21-11-2024,19-02-2025,90,0.57
IND01931,Tamil Nadu,Laterite,Groundnut,17.5,7.5,25.6,264.2,66.7,11,09-06-2024,20-09-2024,103,0.53
IND01932,Tamil Nadu,Red,Pulses,38,6.1,38.1,198.8,68.6,0,21-06-2024,28-09-2024,99,0.46
IND01933,West Bengal,Laterite,Rice,21.7,6.1,29.4,172.5,79,14.9,18-09-2024,11-01-2025,115,0.58
IND01934,Odisha,Laterite,Rice,31.1,7.4,26.1,210.2,89.6,19.6,23-12-2024,24-04-2025,122,0.74
IND01935,Gujarat,Black,Cotton,39.5,7.4,20.2,123.3,89.4,17.4,15-03-2024,16-06-2024,93,0.58
IND01936,Maharashtra,Laterite,Rice,35.3,7.7,37.2,203.1,81.1,15,07-06-2024,24-10-2024,139,0.58
IND01937,West Bengal,Alluvial,Sugarcane,22.6,7.7,35.6,62.4,85.5,42.5,05-11-2024,01-02-2025,88,0.58
IND01938,Rajasthan,Alluvial,Maize,17.4,7,31.6,100.8,67.6,7,01-06-2024,08-09-2024,99,0.42
IND01939,Karnataka,Laterite,Rice,27.3,6.9,25.8,247.1,57.5,0,19-11-2024,11-03-2025,112,0.78
IND01940,Kerala,Laterite,Rice,21.6,7.1,29.1,211.9,82.6,16.4,12-11-2024,01-03-2025,109,0.52
IND01941,Gujarat,Black,Cotton,44.6,6.3,22.8,94.6,86.8,1,25-04-2024,31-07-2024,97,0.75
IND01942,Rajasthan,Desert,Millet,19.5,6.3,23.8,199.4,69.4,24.1,24-06-2024,04-10-2024,102,0.4
IND01943,Bihar,Alluvial,Pulses,40.5,7,27.4,172.6,58.3,14.1,08-10-2024,19-01-2025,103,0.72
IND01944,Telangana,Red,Maize,44.7,6.8,37.9,119.1,71.4,14.3,16-08-2024,26-12-2024,132,0.48
IND01945,Odisha,Laterite,Groundnut,37.2,6.3,19.6,289.6,57.8,0,03-03-2024,10-06-2024,99,0.6
IND01946,Maharashtra,Laterite,Rice,29.1,6.5,23.1,34.4,52.4,6.3,22-09-2024,17-01-2025,117,0.44
IND01947,Madhya Pradesh,Red,Maize,38,7.8,29.8,52.1,76,20.8,12-09-2024,28-01-2025,138,0.38
IND01948,Uttar Pradesh,Alluvial,Wheat,32.7,7.4,27.3,22.3,85.4,17.4,10-09-2024,14-01-2025,126,0.6
IND01949,West Bengal,Alluvial,Rice,13.5,6,27.3,116.7,59.4,35.3,20-06-2024,21-11-2024,154,0.72
IND01950,Telangana,Black,Cotton,38.4,7,25.3,294.4,50.5,0,15-11-2024,20-03-2025,125,0.5
IND01951,Tamil Nadu,Laterite,Rice,24.3,6.4,31.3,250.2,53.8,0,07-11-2024,08-03-2025,121,0.57
IND01952,Haryana,Alluvial,Wheat,15.3,7.1,27.5,250.4,79,24.3,20-08-2024,26-01-2025,159,0.82
IND01953,Haryana,Alluvial,Wheat,26.9,6.2,31.9,197,81.9,11,25-05-2024,26-08-2024,93,0.82
IND01954,Kerala,Laterite,Groundnut,24.7,7.7,37.9,216.6,75.9,7.1,09-05-2024,15-09-2024,129,0.77
IND01955,Andhra Pradesh,Red,Groundnut,42,6.1,20.6,252.6,89.8,0,21-03-2024,28-07-2024,129,0.79
IND01956,Uttar Pradesh,Alluvial,Maize,19.3,6.9,34.5,194.8,47.6,23.8,18-01-2024,21-06-2024,155,0.7
IND01957,Tamil Nadu,Red,Millet,41.8,6.1,30.7,69.2,47.9,29.8,07-03-2024,11-07-2024,126,0.49
IND01958,Gujarat,Alluvial,Rice,28.2,6.9,18.6,289.6,79.5,1.2,04-10-2024,23-01-2025,111,0.55
IND01959,Tamil Nadu,Black,Sugarcane,13.6,7.1,37.5,44.3,83.3,16.7,21-02-2024,24-07-2024,154,0.59
IND01960,Punjab,Alluvial,Wheat,40.3,6,18.3,202.1,43.7,17.6,18-02-2024,10-07-2024,143,0.56
IND01961,Kerala,Laterite,Groundnut,21,6.7,18.1,210.5,86,23.2,19-01-2024,28-05-2024,130,0.39
IND01962,West Bengal,Alluvial,Sugarcane,16.5,7.2,22,275.3,75.6,11,03-11-2024,31-01-2025,89,0.38
IND01963,West Bengal,Laterite,Groundnut,38.7,7,23.4,155.6,53.4,27.9,01-02-2024,29-04-2024,88,0.49
IND01964,Karnataka,Black,Wheat,22.9,7.6,26.6,184.1,57.4,1.9,23-10-2024,18-01-2025,87,0.47
IND01965,West Bengal,Laterite,Groundnut,23.9,6.4,37.6,142.8,76.9,23.2,07-05-2024,14-08-2024,99,0.47
IND01966,Rajasthan,Alluvial,Pulses,26.8,7.1,27.7,122.2,61.6,12.5,07-11-2024,31-01-2025,85,0.54
IND01967,Maharashtra,Laterite,Groundnut,26,6.2,20.7,69.3,86.9,27.5,21-04-2024,17-07-2024,87,0.41
IND01968,Rajasthan,Alluvial,Maize,17.6,7,18.3,165.2,87.6,23.5,19-06-2024,08-11-2024,142,0.69
IND01969,Andhra Pradesh,Red,Groundnut,27.7,6.5,39.1,195.9,75.9,19.8,10-12-2024,08-03-2025,88,0.56
IND01970,Gujarat,Black,Sugarcane,31.5,6.8,27.1,162.6,88.7,3.5,05-08-2024,06-01-2025,154,0.77
IND01971,Maharashtra,Laterite,Rice,29.3,6.7,19.2,135.8,85,29.1,21-05-2024,08-10-2024,140,0.52
IND01972,Rajasthan,Alluvial,Maize,35.2,6.5,31.2,297.2,73,4,02-10-2024,18-02-2025,139,0.6
IND01973,Rajasthan,Desert,Millet,34.4,6,23.9,82.5,52.7,7.2,01-01-2024,17-04-2024,107,0.83
IND01974,Andhra Pradesh,Black,Cotton,19.6,6.7,32.9,251.3,65.5,17,21-07-2024,04-11-2024,106,0.69
IND01975,Maharashtra,Laterite,Rice,35.1,6.6,35.4,30.6,45,39.9,08-06-2024,29-09-2024,113,0.41
IND01976,Bihar,Alluvial,Maize,19.4,6.7,23.2,128.8,70.3,24.5,08-02-2024,30-05-2024,112,0.54
IND01977,Uttar Pradesh,Alluvial,Wheat,23.8,7,32.3,116.8,81.2,7.1,12-09-2024,23-01-2025,133,0.53
IND01978,Andhra Pradesh,Red,Pulses,13.7,7,34.9,206,47.7,23,15-06-2024,13-11-2024,151,0.49
IND01979,Rajasthan,Desert,Millet,20.3,6.5,37.1,94.1,51.4,20.4,24-06-2024,29-10-2024,127,0.75
IND01980,Tamil Nadu,Red,Groundnut,15.3,6,33.9,25.1,47.2,31.2,24-03-2024,19-07-2024,117,0.8
IND01981,Haryana,Alluvial,Maize,18.1,6.9,22.6,253.3,70.6,9.3,20-12-2024,29-03-2025,99,0.38
IND01982,West Bengal,Laterite,Groundnut,12.1,7.4,29,136.9,53.1,43.5,03-08-2024,09-01-2025,159,0.38
IND01983,Rajasthan,Alluvial,Rice,34.3,6.6,18.4,94.7,88.7,20.6,04-10-2024,14-02-2025,133,0.79
IND01984,Andhra Pradesh,Red,Maize,18.4,6.2,30.7,199.4,84.5,16.8,16-02-2024,17-05-2024,91,0.41
IND01985,Gujarat,Black,Sugarcane,37.3,6.7,38.8,260,88.7,0,21-01-2024,15-04-2024,85,0.55
IND01986,Andhra Pradesh,Red,Groundnut,38.6,6.2,20.7,294.2,46.5,2.2,15-01-2024,17-06-2024,154,0.43
IND01987,Kerala,Laterite,Rice,23.2,7.6,26.4,108.4,68.6,4.6,23-08-2024,12-01-2025,142,0.79
IND01988,Karnataka,Laterite,Groundnut,15.2,6.7,36.8,242.2,89.3,2,20-09-2024,03-01-2025,105,0.71
IND01989,Punjab,Alluvial,Pulses,28.9,6.3,28.7,208.7,56.1,0,16-02-2024,14-06-2024,119,0.43
IND01990,Maharashtra,Red,Millet,21.6,6.8,25.1,294.2,54.6,24.5,17-05-2024,30-08-2024,105,0.79
IND01991,Haryana,Alluvial,Rice,43.2,6.4,38.8,177.4,73.6,0.8,16-12-2024,22-03-2025,96,0.52
IND01992,Tamil Nadu,Red,Pulses,29.8,6.5,34.3,54.7,44.1,6.6,16-01-2024,14-06-2024,150,0.52
IND01993,Andhra Pradesh,Black,Wheat,17.3,6.4,32.5,233.3,53.4,5.5,08-02-2024,09-05-2024,91,0.5
IND01994,West Bengal,Laterite,Rice,37.7,6.7,35.8,90.1,41.3,22.6,22-08-2024,24-12-2024,124,0.5
IND01995,Telangana,Red,Millet,39.6,7.2,29.1,153.7,43.6,31,02-12-2024,16-04-2025,135,0.43
IND01996,Telangana,Red,Pulses,25.6,7.6,24.8,45.7,86.2,9.3,16-07-2024,11-11-2024,118,0.89
IND01997,Tamil Nadu,Black,Wheat,29.6,7.3,37.3,156.2,56.7,9.2,01-03-2024,17-07-2024,138,0.9
IND01998,Maharashtra,Black,Wheat,23.5,6.2,21,296.8,78.1,0,02-10-2024,05-01-2025,95,0.75
IND01999,Madhya Pradesh,Red,Pulses,29.7,6.7,34.3,22.2,81.2,12.8,13-11-2024,01-04-2025,139,0.68
IND02000,Uttar Pradesh,Alluvial,Rice,14.1,7.2,37.4,242.1,54.5,22,24-07-2024,03-11-2024,102,0.48
IND02001,Bihar,Alluvial,Pulses,24.7,6.8,26.1,45.3,41,20.7,16-04-2024,22-09-2024,159,0.6
IND02002,West Bengal,Laterite,Groundnut,15.1,7.1,31.7,59.3,53.4,43.4,19-01-2024,17-05-2024,119,0.56
IND02003,Uttar Pradesh,Alluvial,Maize,29.5,6.6,37.9,230.2,42.1,0,11-06-2024,29-10-2024,140,0.78
IND02004,Odisha,Alluvial,Maize,41.1,6.2,28.2,133.9,68.4,18.6,22-03-2024,30-07-2024,130,0.85
IND02005,Gujarat,Alluvial,Pulses,13.1,7.5,39.7,195.8,80.8,37.8,05-09-2024,29-01-2025,146,0.74
IND02006,Madhya Pradesh,Red,Groundnut,26,7.2,35.5,261.2,56,19.8,05-01-2024,13-05-2024,129,0.71
IND02007,Bihar,Alluvial,Sugarcane,40.2,7,29.9,177.7,69.8,28.4,20-06-2024,09-10-2024,111,0.8
IND02008,Kerala,Laterite,Groundnut,39.7,6.6,38,163.1,74.4,15.9,22-02-2024,27-07-2024,156,0.44
IND02009,West Bengal,Laterite,Rice,37.1,6.9,36.5,264.5,45.6,22.7,02-12-2024,25-03-2025,113,0.81
IND02010,Andhra Pradesh,Red,Millet,29.4,6.3,18.1,261.5,44.2,26.7,05-12-2024,25-04-2025,141,0.43
IND02011,West Bengal,Laterite,Rice,21.5,6.5,25.6,122.9,45.6,9,15-11-2024,24-02-2025,101,0.73
IND02012,Odisha,Alluvial,Pulses,31.9,6.5,38.3,194.7,79.2,8.2,22-11-2024,25-02-2025,95,0.46
IND02013,Bihar,Alluvial,Rice,43.9,6.1,30,285.7,69.3,0,19-02-2024,23-07-2024,155,0.87
IND02014,Tamil Nadu,Laterite,Groundnut,38.9,7.6,28.9,245.4,44.4,0,24-12-2024,08-04-2025,105,0.39
IND02015,Rajasthan,Desert,Millet,39.5,6,30,134.2,73.5,33.1,04-02-2024,10-06-2024,127,0.61
IND02016,Kerala,Laterite,Groundnut,15.5,7,24.2,21.3,68.2,25.4,11-01-2024,16-05-2024,126,0.65
IND02017,Rajasthan,Desert,Millet,33.5,7.3,33.2,60.2,87,12.9,11-05-2024,13-10-2024,155,0.64
IND02018,Andhra Pradesh,Red,Maize,30.6,7.2,27.6,288.2,71,16.5,17-02-2024,12-06-2024,116,0.42
IND02019,Uttar Pradesh,Alluvial,Sugarcane,14.2,7,19,167.8,82,34.3,01-07-2024,28-11-2024,150,0.44
IND02020,Bihar,Alluvial,Rice,18.4,7.1,24.6,104.1,56.4,13,06-08-2024,27-11-2024,113,0.46
IND02021,Bihar,Alluvial,Wheat,25.4,7,26.1,44.2,86,24.4,09-10-2024,18-01-2025,101,0.69
IND02022,Rajasthan,Desert,Millet,27.9,6.2,26.7,187.2,75.2,5.2,18-02-2024,13-06-2024,116,0.45
IND02023,Rajasthan,Alluvial,Pulses,26.3,7.8,31.7,251.4,51.6,23.5,20-12-2024,19-03-2025,89,0.52
IND02024,Punjab,Alluvial,Maize,35.3,7.6,35.3,223.6,68.5,0,03-05-2024,24-09-2024,144,0.82
IND02025,Odisha,Alluvial,Sugarcane,21.4,6,37.9,49.8,90,23.5,07-12-2024,01-04-2025,115,0.85
IND02026,Gujarat,Black,Wheat,29.5,6.8,31.4,76.4,76.5,24.9,03-08-2024,01-11-2024,90,0.7
IND02027,Rajasthan,Alluvial,Pulses,15.4,6.3,30.5,82.7,51.3,18.1,24-03-2024,18-08-2024,147,0.42
IND02028,Uttar Pradesh,Alluvial,Rice,29.8,6.2,27.4,70.1,44.8,9.4,23-06-2024,18-10-2024,117,0.4
IND02029,Haryana,Alluvial,Rice,21.5,6.2,33.8,219,55.6,33,24-11-2024,01-04-2025,128,0.57
IND02030,Telangana,Red,Millet,25.2,6.3,29.5,188.7,45.1,6.8,05-03-2024,12-06-2024,99,0.68
IND02031,Tamil Nadu,Red,Pulses,36.5,6.3,34.5,99.8,86.1,3.6,11-09-2024,07-02-2025,149,0.8
IND02032,Telangana,Black,Sugarcane,37.6,7.2,25.5,187.5,40.7,0,25-06-2024,06-11-2024,134,0.55
IND02033,Maharashtra,Black,Sugarcane,42.2,6.1,37.1,27,76.5,2.9,24-02-2024,22-06-2024,119,0.42
IND02034,Telangana,Red,Maize,25.9,6.3,33.9,110.1,67,16.9,05-09-2024,01-02-2025,149,0.58
IND02035,Gujarat,Alluvial,Rice,32.8,7.8,35.9,133.7,41.1,32.5,09-07-2024,07-12-2024,151,0.8
IND02036,Telangana,Black,Cotton,24.1,7.4,28.5,111.1,71.8,40.4,17-09-2024,06-01-2025,111,0.57
IND02037,Odisha,Laterite,Groundnut,40.9,7.1,35.4,221.7,55.5,24.7,05-01-2024,04-05-2024,120,0.73
IND02038,Odisha,Laterite,Rice,41.1,7.3,34.4,272.2,86.8,0,07-01-2024,19-05-2024,133,0.83
IND02039,Punjab,Alluvial,Wheat,31.4,6.4,31.3,82.8,68.8,27.2,16-02-2024,29-05-2024,103,0.7
IND02040,Odisha,Alluvial,Pulses,26.7,6,26.9,42.5,88.7,37.5,22-11-2024,30-03-2025,128,0.4
IND02041,Andhra Pradesh,Black,Sugarcane,27,6.7,38.2,189.2,64.4,0,04-03-2024,13-06-2024,101,0.79
IND02042,Haryana,Alluvial,Maize,16,7.7,36.3,280.4,42.3,0.4,10-05-2024,31-08-2024,113,0.71
IND02043,Madhya Pradesh,Red,Millet,18.9,6.1,26.8,275.3,45.1,0,15-10-2024,15-02-2025,123,0.55
IND02044,Punjab,Alluvial,Pulses,30.7,7.8,19.9,155.8,51.6,15.8,14-03-2024,05-07-2024,113,0.44
IND02045,Gujarat,Black,Wheat,19.6,6.6,22.6,38.9,81.7,49,21-02-2024,05-07-2024,135,0.77
IND02046,Gujarat,Black,Sugarcane,25,6.6,20.3,283.3,78.5,19.5,11-03-2024,28-06-2024,109,0.82
IND02047,Bihar,Alluvial,Wheat,31.6,7.4,25,182.4,49.3,0,04-10-2024,13-01-2025,101,0.39
IND02048,Odisha,Laterite,Rice,16.6,6.1,19.3,24.7,40.6,47.7,25-02-2024,14-07-2024,140,0.77
IND02049,Karnataka,Red,Maize,43.5,7.2,21.4,127.6,68.5,3.4,15-01-2024,16-06-2024,153,0.38
IND02050,Karnataka,Red,Maize,36.8,7,20.5,193.5,52.4,29.1,05-09-2024,06-01-2025,123,0.46
IND02051,Tamil Nadu,Black,Wheat,34.9,7.7,32.8,68.3,53.1,22.3,09-11-2024,12-04-2025,154,0.51
IND02052,Rajasthan,Alluvial,Maize,23.6,6.3,31.6,123.4,54.4,3.7,09-05-2024,12-08-2024,95,0.52
IND02053,Kerala,Laterite,Rice,30.3,6.6,33.3,169.1,68.2,8.5,01-02-2024,31-05-2024,120,0.68
IND02054,Uttar Pradesh,Alluvial,Wheat,17.7,6.8,23.3,167.9,66.2,0,24-08-2024,22-01-2025,151,0.4
IND02055,Tamil Nadu,Red,Groundnut,25.8,6.5,24.5,51.1,74.2,25.2,19-10-2024,17-02-2025,121,0.58
IND02056,Uttar Pradesh,Alluvial,Rice,17.6,7,18.1,239.6,44,15.8,25-01-2024,16-05-2024,112,0.64
IND02057,Haryana,Alluvial,Pulses,17.8,6.8,22,214.4,64.3,0,21-04-2024,03-09-2024,135,0.75
IND02058,Gujarat,Alluvial,Rice,13.3,7.4,20.4,109,40,42.7,20-03-2024,27-06-2024,99,0.82
IND02059,Maharashtra,Black,Wheat,33.5,6.4,24.4,269.6,52.3,0,18-11-2024,14-04-2025,147,0.38
IND02060,Kerala,Laterite,Groundnut,30.7,7,29.5,166.1,60.2,3.4,19-07-2024,19-10-2024,92,0.87
IND02061,Maharashtra,Black,Cotton,24.9,6.3,31,197.5,84.2,1.6,21-06-2024,29-09-2024,100,0.89
IND02062,West Bengal,Alluvial,Pulses,21.2,7.5,22.5,250.3,75.6,0,01-01-2024,12-05-2024,132,0.54
IND02063,Maharashtra,Laterite,Groundnut,42.7,7.4,18.9,135.2,56.6,21.3,04-11-2024,28-03-2025,144,0.36
IND02064,Telangana,Black,Wheat,26.8,6.4,39.8,187.8,57.2,21.1,08-04-2024,06-09-2024,151,0.55
IND02065,Bihar,Alluvial,Wheat,30.8,7.2,22.1,276.2,85.7,2.5,04-03-2024,09-08-2024,158,0.71
IND02066,Andhra Pradesh,Red,Maize,43.7,7.4,26.7,292.9,87.3,13.5,01-05-2024,27-09-2024,149,0.41
IND02067,Telangana,Red,Groundnut,22,6.8,32.4,71.7,61.4,31.7,10-12-2024,24-03-2025,104,0.85
IND02068,Uttar Pradesh,Alluvial,Wheat,34.9,6.4,23.7,56.5,42.8,24.9,13-08-2024,02-01-2025,142,0.46
IND02069,Andhra Pradesh,Black,Sugarcane,21.2,7.6,29.6,170.6,61.9,13.4,08-12-2024,25-04-2025,138,0.56
IND02070,Haryana,Alluvial,Rice,31.4,6.3,33.4,34.5,75,29.4,04-08-2024,24-12-2024,142,0.65
IND02071,Kerala,Laterite,Groundnut,33.3,7.7,29.6,127.2,86.7,21.2,22-02-2024,11-07-2024,140,0.85
IND02072,Gujarat,Alluvial,Maize,20.5,6.5,28.5,200.8,60.8,0,11-12-2024,14-04-2025,124,0.57
IND02073,Andhra Pradesh,Red,Maize,16.8,6.1,28.4,34.9,57.8,45.7,21-05-2024,14-08-2024,85,0.37
IND02074,West Bengal,Alluvial,Maize,17.7,6.8,23,188.2,80.1,16,16-01-2024,06-06-2024,142,0.4
IND02075,Punjab,Alluvial,Sugarcane,20.2,7.1,19,232.3,85.5,31.5,10-01-2024,12-06-2024,154,0.49
IND02076,Bihar,Alluvial,Wheat,21.6,6.5,23.4,54.2,52.4,35.5,02-02-2024,12-05-2024,100,0.4
IND02077,Uttar Pradesh,Alluvial,Pulses,41.4,6.7,20.1,278.7,58.4,18.7,04-01-2024,29-05-2024,146,0.78
IND02078,Tamil Nadu,Black,Cotton,34.5,6.3,29.7,190.5,88.6,0,12-10-2024,15-02-2025,126,0.88
IND02079,Haryana,Alluvial,Maize,31.4,6.6,31.2,223.8,52,0,09-01-2024,10-05-2024,122,0.67
IND02080,Kerala,Laterite,Rice,42.6,6.6,20.3,289,89.9,0,24-08-2024,01-12-2024,99,0.49
IND02081,Odisha,Alluvial,Rice,31.3,7.4,22.7,226.8,78.8,1.3,05-12-2024,23-03-2025,108,0.44
IND02082,Madhya Pradesh,Black,Sugarcane,43.6,6.3,22.6,68.9,57,23.7,15-05-2024,14-08-2024,91,0.72
IND02083,Tamil Nadu,Red,Pulses,16.2,7.8,27.2,260.3,61.6,0,20-06-2024,11-11-2024,144,0.78
IND02084,Haryana,Alluvial,Pulses,34.3,6.5,33.1,260.1,84.9,0,17-07-2024,26-10-2024,101,0.7
IND02085,Haryana,Alluvial,Pulses,44.5,7,27,180.9,88.9,27.1,01-12-2024,03-04-2025,123,0.85
IND02086,Andhra Pradesh,Black,Wheat,34.3,6.9,25.3,287.7,81.7,0,11-03-2024,22-06-2024,103,0.85
IND02087,Punjab,Alluvial,Maize,30.5,6.7,25.1,217.9,74.2,0,10-01-2024,08-04-2024,89,0.45
IND02088,Maharashtra,Laterite,Groundnut,42.9,6.6,32.4,81.9,60.4,0,11-07-2024,18-12-2024,160,0.48
IND02089,Andhra Pradesh,Black,Cotton,23.9,7.7,36.4,214.9,41.8,23.6,22-10-2024,10-02-2025,111,0.36
IND02090,Kerala,Laterite,Rice,31.2,7.3,23.9,125.5,58.8,13.1,01-08-2024,04-12-2024,125,0.81
IND02091,Uttar Pradesh,Alluvial,Pulses,44.5,6.4,26.7,282,74.7,0,16-01-2024,08-05-2024,113,0.52
IND02092,Bihar,Alluvial,Maize,28,6.7,31.9,219.8,48.1,19.7,01-05-2024,21-09-2024,143,0.67
IND02093,West Bengal,Alluvial,Maize,39.2,6.2,40,199,55.6,14.3,21-11-2024,04-03-2025,103,0.72
IND02094,Kerala,Laterite,Rice,12.9,7,31.7,219.7,84.7,6.3,12-07-2024,08-10-2024,88,0.82
IND02095,Andhra Pradesh,Black,Sugarcane,38.7,6.1,26.2,231.1,75.3,18.6,15-11-2024,02-03-2025,107,0.77
IND02096,Punjab,Alluvial,Rice,25.4,7.4,33.9,47.8,72.1,25.9,08-01-2024,26-04-2024,109,0.83
IND02097,Kerala,Laterite,Rice,25.5,7.5,26.6,134.5,77.6,15.3,18-08-2024,27-11-2024,101,0.68
IND02098,Rajasthan,Desert,Millet,40.5,7,21.8,241.6,52.1,0,15-10-2024,12-03-2025,148,0.41
IND02099,Bihar,Alluvial,Wheat,14.8,7.4,24.4,190.2,47.4,20.8,06-09-2024,13-01-2025,129,0.78
IND02100,Madhya Pradesh,Red,Maize,37.7,6.9,22.1,123.5,44.1,16.9,03-11-2024,08-02-2025,97,0.59
IND02101,Odisha,Alluvial,Wheat,39.9,6.4,31.2,197.7,53.8,0,22-10-2024,18-03-2025,147,0.43
IND02102,Rajasthan,Desert,Millet,29.3,7.3,24.6,68.5,78.6,28,16-03-2024,29-06-2024,105,0.85
IND02103,Kerala,Laterite,Rice,20.2,7.7,35.9,47.7,55.8,31.6,02-11-2024,28-03-2025,146,0.82
IND02104,Tamil Nadu,Black,Cotton,29.7,7.4,22.2,141.5,54.8,26.7,14-11-2024,14-02-2025,92,0.36
IND02105,Telangana,Black,Cotton,39.8,6.5,26,272.3,52.1,5.9,03-01-2024,07-04-2024,95,0.56
IND02106,Odisha,Alluvial,Rice,26.2,7.7,36.9,141.3,40.2,30.1,11-08-2024,15-12-2024,126,0.71
IND02107,Tamil Nadu,Red,Groundnut,41,6.6,21,237.5,89.2,0,11-09-2024,15-02-2025,157,0.45
IND02108,Odisha,Laterite,Rice,37.1,6.8,25,57.2,62.2,1.1,25-03-2024,25-08-2024,153,0.41
IND02109,Madhya Pradesh,Red,Groundnut,33.2,6.9,34.5,243.5,43.1,0,10-02-2024,21-05-2024,101,0.38
IND02110,Odisha,Alluvial,Pulses,37.1,7.5,26.2,222.7,80.3,0,09-01-2024,06-06-2024,149,0.88
IND02111,Punjab,Alluvial,Pulses,44.6,7.6,20.6,264.4,54.9,0,13-12-2024,12-04-2025,120,0.84
IND02112,Haryana,Alluvial,Pulses,40.2,6.9,18.3,94.3,58.5,30.8,24-03-2024,19-08-2024,148,0.68
IND02113,Punjab,Alluvial,Pulses,22.2,6.9,20.4,217.4,54,16.8,24-03-2024,17-07-2024,115,0.61
IND02114,Haryana,Alluvial,Maize,44.1,7.1,31.9,47.4,42.2,33.1,20-01-2024,13-06-2024,145,0.74
IND02115,Haryana,Alluvial,Maize,42.9,6.5,27.1,46,64.9,7.9,05-02-2024,06-07-2024,152,0.9
IND02116,Karnataka,Laterite,Rice,38.7,6.4,35.4,213.7,72.8,0,03-12-2024,14-03-2025,101,0.82
IND02117,Bihar,Alluvial,Pulses,23.2,6.1,34.5,50.4,61.3,22.3,09-10-2024,25-02-2025,139,0.57
IND02118,Bihar,Alluvial,Wheat,34.9,6.1,36.4,32,64.3,24.4,13-04-2024,12-09-2024,152,0.81
IND02119,Uttar Pradesh,Alluvial,Maize,30.4,7.8,23.1,263.3,87.9,6.2,14-02-2024,11-06-2024,118,0.8
IND02120,Telangana,Red,Maize,44.3,7.5,20.9,117.2,78.5,20.8,17-05-2024,20-10-2024,156,0.46
IND02121,Maharashtra,Laterite,Rice,28.5,7.7,31.8,34.5,46.4,27.1,16-12-2024,05-04-2025,110,0.56
IND02122,Uttar Pradesh,Alluvial,Maize,16.9,6.6,22.5,81.4,72.7,40.7,14-12-2024,11-03-2025,87,0.52
IND02123,Odisha,Laterite,Groundnut,43.4,6.5,24.7,45.4,66.7,3.2,08-04-2024,27-07-2024,110,0.45
IND02124,Punjab,Alluvial,Sugarcane,15,6.1,19.8,41,67,33.6,01-01-2024,28-04-2024,118,0.74
IND02125,Tamil Nadu,Red,Groundnut,36.7,6.6,24.6,210.9,44.7,3.2,25-01-2024,24-06-2024,151,0.58
IND02126,West Bengal,Alluvial,Sugarcane,41.6,6.5,34.9,127.3,68.1,23.9,19-08-2024,15-12-2024,118,0.36
IND02127,Bihar,Alluvial,Wheat,14.6,6.8,34.5,99.2,56.5,20.2,07-05-2024,17-08-2024,102,0.76
IND02128,Kerala,Laterite,Groundnut,36.7,7.4,32.1,279.9,66.3,18.1,03-01-2024,10-05-2024,128,0.76
IND02129,Punjab,Alluvial,Pulses,32.4,6.4,34.3,36.2,66.6,10.3,24-12-2024,23-05-2025,150,0.68
IND02130,Karnataka,Red,Pulses,44.6,7.2,32.7,265.6,58.8,0,20-05-2024,21-09-2024,124,0.47
IND02131,Madhya Pradesh,Black,Wheat,39.6,6.7,31.9,202,47.3,24.3,04-09-2024,19-12-2024,106,0.52
IND02132,Maharashtra,Red,Pulses,30.5,6.4,33.4,147.1,68.1,2.7,01-05-2024,30-08-2024,121,0.67
IND02133,Telangana,Red,Millet,14.4,7.6,19.8,282.1,74,15.5,08-08-2024,11-01-2025,156,0.85
IND02134,Haryana,Alluvial,Pulses,35.7,7.5,23.9,63.3,67.7,35.2,06-03-2024,17-07-2024,133,0.62
IND02135,Tamil Nadu,Laterite,Groundnut,15,7,30.1,291.1,63.5,2.7,21-02-2024,29-06-2024,129,0.65
IND02136,Karnataka,Black,Wheat,20.7,7,25.6,253.3,58.8,4.5,15-06-2024,16-10-2024,123,0.89
IND02137,Rajasthan,Alluvial,Wheat,16,6.4,20.9,119.3,61.6,10.3,23-12-2024,24-04-2025,122,0.74
IND02138,West Bengal,Alluvial,Sugarcane,37.9,6.1,33.6,131.2,47.6,22.3,07-07-2024,29-11-2024,145,0.54
IND02139,Kerala,Laterite,Rice,26.8,7.7,33.6,186.1,89.7,29.8,14-09-2024,15-02-2025,154,0.59
IND02140,Bihar,Alluvial,Pulses,36.4,7.2,33.7,95.7,54.2,24.2,03-08-2024,13-12-2024,132,0.54
IND02141,Bihar,Alluvial,Pulses,24.6,6.5,27.3,113.5,61.6,9.2,20-08-2024,01-01-2025,134,0.82
IND02142,Madhya Pradesh,Black,Wheat,13.2,6.3,36.5,179.7,43.5,1.6,12-04-2024,15-08-2024,125,0.86
IND02143,Uttar Pradesh,Alluvial,Pulses,39.8,6.7,23,178.6,71.4,0,02-12-2024,12-04-2025,131,0.37
IND02144,Telangana,Red,Pulses,16.4,7.4,37.3,203,42,25.7,06-09-2024,19-01-2025,135,0.75
IND02145,Telangana,Black,Wheat,19.7,7.3,35.5,93.4,65.1,25,12-07-2024,29-10-2024,109,0.66
IND02146,Gujarat,Alluvial,Rice,27,7.6,34.1,200.5,54.7,6.7,02-05-2024,22-08-2024,112,0.54
IND02147,Rajasthan,Alluvial,Pulses,19.3,6.9,25.3,46.1,44,37.7,20-09-2024,03-02-2025,136,0.88
IND02148,Punjab,Alluvial,Pulses,41.7,6.9,25.4,59.5,40.3,23.8,20-12-2024,16-05-2025,147,0.35
IND02149,Punjab,Alluvial,Wheat,32.5,7.6,30.1,135.6,49.9,32.3,23-10-2024,05-02-2025,105,0.59
IND02150,Karnataka,Red,Pulses,25.9,7.1,33.5,249.9,48.2,0,15-04-2024,11-07-2024,87,0.88
IND02151,Telangana,Black,Sugarcane,35,6.2,35.2,68,83.3,15.7,24-11-2024,11-04-2025,138,0.65
IND02152,Karnataka,Black,Wheat,42.8,6.2,33,265.1,65.7,0,14-12-2024,16-03-2025,92,0.42
IND02153,Karnataka,Laterite,Groundnut,15,6.8,28.6,300,40.3,1.6,16-09-2024,03-02-2025,140,0.81
IND02154,West Bengal,Laterite,Groundnut,37.5,7.1,22,283.6,54,0,05-07-2024,01-10-2024,88,0.43
IND02155,Gujarat,Alluvial,Rice,18.2,7,28.2,221.8,41.8,16,08-05-2024,24-09-2024,139,0.48
IND02156,Karnataka,Red,Maize,41.7,7.3,39.1,223.5,54.5,0,21-01-2024,23-06-2024,154,0.58
IND02157,Punjab,Alluvial,Rice,15.4,7.4,21.4,124.3,50.8,35.1,13-05-2024,21-08-2024,100,0.77
IND02158,Madhya Pradesh,Black,Sugarcane,35,7.1,30.4,43,42.1,39.9,06-11-2024,24-03-2025,138,0.6
IND02159,Andhra Pradesh,Red,Groundnut,27.7,7.1,36.4,216.7,41.5,18.2,22-11-2024,27-03-2025,125,0.78
IND02160,Haryana,Alluvial,Pulses,35.5,6.2,39.2,299.6,80.1,0,18-10-2024,13-03-2025,146,0.68
IND02161,Punjab,Alluvial,Sugarcane,20.9,6.8,20.1,215.2,54.3,20.7,06-04-2024,11-07-2024,96,0.41
IND02162,West Bengal,Alluvial,Rice,42.5,7.8,24,172.7,50.8,23.7,14-04-2024,01-09-2024,140,0.57
IND02163,Odisha,Laterite,Rice,43.8,7.2,28.1,91,58.6,26.7,23-10-2024,29-03-2025,157,0.46
IND02164,Uttar Pradesh,Alluvial,Sugarcane,16.7,6.1,26.3,161.1,72.1,20.4,23-02-2024,27-05-2024,94,0.76
IND02165,Odisha,Alluvial,Sugarcane,22.9,7.1,22.5,46.2,58.4,28.8,09-07-2024,03-12-2024,147,0.87
IND02166,Madhya Pradesh,Red,Millet,36.9,7,27,277.8,83.8,22.2,06-04-2024,07-07-2024,92,0.85
IND02167,Kerala,Laterite,Rice,17.3,7.5,25.4,44.1,76,48.9,16-01-2024,06-06-2024,142,0.55
IND02168,Telangana,Black,Wheat,27.1,6.6,29.8,235.5,86.7,0,01-04-2024,16-07-2024,106,0.77
IND02169,Haryana,Alluvial,Sugarcane,31.3,7.8,19.5,232.2,44.2,0,12-03-2024,17-06-2024,97,0.44
IND02170,Uttar Pradesh,Alluvial,Rice,14.8,6.8,34.9,134.1,67.2,8.5,01-07-2024,15-11-2024,137,0.88
IND02171,Odisha,Laterite,Rice,29.9,7.5,39,293.6,48.6,0,06-03-2024,27-07-2024,143,0.49
IND02172,West Bengal,Alluvial,Wheat,37.1,7.7,23.3,35.9,48.1,39.5,10-07-2024,19-10-2024,101,0.54
IND02173,Kerala,Laterite,Rice,41.8,6.7,30.6,273.5,78.8,0,16-01-2024,03-06-2024,139,0.62
IND02174,Telangana,Red,Millet,22.6,6.3,30.8,300,46.6,16.6,04-07-2024,18-10-2024,106,0.47
IND02175,Rajasthan,Alluvial,Sugarcane,26.3,6.9,25.2,279.4,46.6,20.5,22-02-2024,24-06-2024,123,0.82
IND02176,Rajasthan,Desert,Millet,13.5,6.2,27.8,184.7,53.5,2.5,14-10-2024,02-02-2025,111,0.83
IND02177,Maharashtra,Red,Maize,32.9,6.4,29.9,229.1,43.1,0,18-04-2024,15-08-2024,119,0.51
IND02178,Punjab,Alluvial,Wheat,33.1,7.1,24.8,242.1,61.9,0,05-05-2024,09-10-2024,157,0.79
IND02179,Rajasthan,Desert,Millet,16,7,35.3,247.5,70.5,0.1,07-12-2024,10-04-2025,124,0.61
IND02180,Tamil Nadu,Black,Sugarcane,20.4,6.3,37.6,271.4,61.6,0,10-07-2024,26-11-2024,139,0.48
IND02181,Maharashtra,Red,Groundnut,14.4,6.8,19.3,90.8,56.4,20.3,25-08-2024,13-12-2024,110,0.86
IND02182,Punjab,Alluvial,Wheat,15.6,6,39.7,266.6,70.6,14.9,18-08-2024,22-12-2024,126,0.87
IND02183,Gujarat,Alluvial,Sugarcane,19.2,7.4,35.2,272,40.6,9.1,18-05-2024,24-10-2024,159,0.59
IND02184,Odisha,Alluvial,Sugarcane,37.2,6.2,30.3,54.6,69.1,36.1,04-05-2024,10-10-2024,159,0.65
IND02185,Andhra Pradesh,Black,Wheat,39.6,7.4,29.7,80.8,72.4,29.9,14-04-2024,28-08-2024,136,0.71
IND02186,Madhya Pradesh,Red,Pulses,43.9,7.2,28.9,119.8,64.5,14.5,23-09-2024,05-01-2025,104,0.84
IND02187,Odisha,Alluvial,Pulses,25,6.1,28,66.8,52.3,15.9,16-10-2024,28-01-2025,104,0.5
IND02188,Andhra Pradesh,Black,Wheat,14.7,6.6,18.8,253.3,68.3,28.2,01-12-2024,23-04-2025,143,0.59
IND02189,Maharashtra,Red,Groundnut,32,7.5,36.6,261,63.8,1.9,03-02-2024,23-05-2024,110,0.41
IND02190,Kerala,Laterite,Rice,30.3,6.1,24.5,44.2,87,4.4,16-11-2024,24-02-2025,100,0.58
IND02191,Rajasthan,Desert,Millet,15.4,7.8,23.3,209.6,55,0.5,13-10-2024,20-03-2025,158,0.68
IND02192,Haryana,Alluvial,Pulses,32.9,6.2,38.1,246.5,79.4,11.2,22-07-2024,25-10-2024,95,0.67
IND02193,Gujarat,Alluvial,Rice,25.4,7.1,20.2,132.1,72.2,32.3,06-03-2024,23-06-2024,109,0.48
IND02194,Odisha,Alluvial,Rice,25.1,7,29.4,271.1,67.4,0,12-10-2024,22-02-2025,133,0.65
IND02195,Maharashtra,Red,Groundnut,36.8,7.8,32.1,192.8,84.7,0,11-07-2024,22-11-2024,134,0.61
IND02196,Karnataka,Black,Wheat,22.1,6.2,24.1,152.2,70.9,26.6,01-08-2024,06-12-2024,127,0.77
IND02197,Uttar Pradesh,Alluvial,Maize,13.4,6.8,24.4,29.2,57.8,40.6,14-08-2024,19-11-2024,97,0.66
IND02198,Madhya Pradesh,Black,Sugarcane,31.8,6.2,34.8,195.8,57,31.2,08-04-2024,26-07-2024,109,0.58
IND02199,Bihar,Alluvial,Maize,17.5,7.3,30.3,72.1,66.7,37.2,10-02-2024,03-07-2024,144,0.47
IND02200,Kerala,Laterite,Rice,24,7.6,19.5,210.9,49.6,33.3,03-05-2024,09-10-2024,159,0.36
IND02201,Telangana,Black,Cotton,29.7,7.7,23.3,45.9,41.6,18.4,03-12-2024,03-04-2025,121,0.74
IND02202,Andhra Pradesh,Black,Cotton,35.8,6.3,31.9,87.9,79.9,23.3,13-06-2024,07-10-2024,116,0.56
IND02203,Gujarat,Black,Sugarcane,44.5,6.6,37,285.8,71.5,14.5,11-06-2024,10-09-2024,91,0.52
IND02204,Andhra Pradesh,Red,Pulses,29.9,6.2,28.1,269.2,53.6,23,01-01-2024,16-05-2024,136,0.43
IND02205,Maharashtra,Red,Millet,38.9,6.5,30.5,20.1,62.8,3.5,23-03-2024,31-07-2024,130,0.37
IND02206,Odisha,Alluvial,Maize,23.1,7.5,29.8,122.7,55.1,17.4,12-08-2024,07-12-2024,117,0.42
IND02207,Tamil Nadu,Laterite,Groundnut,16.2,7,30.5,220,46,6.8,14-05-2024,24-08-2024,102,0.84
IND02208,Telangana,Red,Pulses,23.1,7.7,26.1,263.9,48.5,22.9,18-02-2024,07-06-2024,110,0.72
IND02209,Punjab,Alluvial,Wheat,14.2,7.4,19.9,92.4,54.8,32.3,22-12-2024,21-04-2025,120,0.86
IND02210,West Bengal,Laterite,Groundnut,22.4,7.5,30.2,142.7,45.7,36.5,21-08-2024,08-12-2024,109,0.47
IND02211,Andhra Pradesh,Red,Groundnut,41.6,6.8,36.1,227.4,61.8,8.2,24-07-2024,01-12-2024,130,0.62
IND02212,Uttar Pradesh,Alluvial,Pulses,28.8,6.3,23.1,42.3,40.7,24.9,19-01-2024,11-06-2024,144,0.61
IND02213,Bihar,Alluvial,Sugarcane,19.1,7,29.8,191.7,81.9,20.8,08-12-2024,30-04-2025,143,0.86
IND02214,Punjab,Alluvial,Wheat,15.3,6.1,22.3,59.7,55.6,10.5,19-08-2024,16-01-2025,150,0.82
IND02215,Madhya Pradesh,Black,Cotton,26.4,7.3,26,172.1,87.3,8.7,08-12-2024,15-03-2025,97,0.4
IND02216,Bihar,Alluvial,Sugarcane,41.5,6.7,32.3,213.8,55.1,5.9,16-06-2024,08-11-2024,145,0.62
IND02217,Karnataka,Black,Cotton,41.6,7,30.3,92.6,80.2,8.3,03-05-2024,21-08-2024,110,0.62
IND02218,Odisha,Laterite,Groundnut,45,7.6,36.2,207.4,46.5,6.4,21-12-2024,18-05-2025,148,0.86
IND02219,Gujarat,Black,Wheat,44.5,6.6,27.1,103.1,57.9,7.1,13-07-2024,06-12-2024,146,0.65
IND02220,Andhra Pradesh,Black,Wheat,43.6,6.9,29.9,161.8,47.7,25.2,01-03-2024,02-08-2024,154,0.73
IND02221,Andhra Pradesh,Black,Sugarcane,25.7,6.6,37.4,182.3,60.5,31.6,08-02-2024,05-07-2024,148,0.71
IND02222,Uttar Pradesh,Alluvial,Wheat,20.5,7.2,33.1,98.6,44,34.2,22-02-2024,17-05-2024,85,0.51
IND02223,Haryana,Alluvial,Sugarcane,14.4,6.6,30.1,89.6,78.4,17.6,01-07-2024,24-10-2024,115,0.8
IND02224,Tamil Nadu,Black,Cotton,38.5,7.8,39.1,193.2,45.3,28.9,24-02-2024,18-07-2024,145,0.72
IND02225,Bihar,Alluvial,Pulses,17.5,6.3,23.8,123.3,60.2,19,18-03-2024,21-07-2024,125,0.47
IND02226,Karnataka,Red,Groundnut,28.9,6.7,27.3,183.3,62,28.8,14-11-2024,17-03-2025,123,0.44
IND02227,Odisha,Alluvial,Pulses,28.1,6.2,19.5,106.5,62.7,38.9,18-05-2024,11-10-2024,146,0.68
IND02228,Bihar,Alluvial,Maize,36.6,7.7,39.6,146.7,58.7,29.8,09-01-2024,22-05-2024,134,0.76
IND02229,Kerala,Laterite,Rice,19.6,7.5,39,147,83.3,36.2,10-03-2024,06-08-2024,149,0.45
IND02230,Odisha,Laterite,Groundnut,12.4,7.8,26.9,95.1,42.2,27.5,04-07-2024,20-11-2024,139,0.44
IND02231,Maharashtra,Black,Cotton,36.3,7.5,27.3,165.3,62.6,11.6,10-07-2024,27-10-2024,109,0.63
IND02232,Haryana,Alluvial,Wheat,15.5,7,23.5,261.4,66.6,16.2,06-10-2024,04-01-2025,90,0.7
IND02233,Uttar Pradesh,Alluvial,Rice,40.1,6.1,18.5,167.2,85.3,20,05-12-2024,01-05-2025,147,0.37
IND02234,Tamil Nadu,Red,Maize,36.9,6.7,39.7,125.3,50.4,26.4,24-08-2024,11-12-2024,109,0.37
IND02235,Kerala,Laterite,Rice,33.3,7.1,30.1,142,69.4,0,11-03-2024,04-08-2024,146,0.36
IND02236,Rajasthan,Alluvial,Wheat,38.4,7.5,21.6,70.2,41.1,3.7,19-09-2024,20-01-2025,123,0.67
IND02237,Rajasthan,Alluvial,Sugarcane,26.7,6.9,34.2,290,76.5,7.8,14-09-2024,11-12-2024,88,0.7
IND02238,Haryana,Alluvial,Maize,24.4,6.1,22.7,164.3,70.7,0,21-05-2024,28-08-2024,99,0.87
IND02239,Karnataka,Red,Pulses,41.1,6.6,18.1,293.3,65.9,3.1,23-06-2024,27-11-2024,157,0.82
IND02240,Kerala,Laterite,Rice,37.7,7.7,29.5,201.4,66.3,19.5,01-02-2024,01-06-2024,121,0.59
IND02241,Karnataka,Red,Millet,25.8,7.4,36.3,123.2,63.6,5.1,22-04-2024,21-08-2024,121,0.41
IND02242,Telangana,Black,Sugarcane,23.6,6.4,18.3,223.2,81.9,11.7,15-01-2024,02-05-2024,108,0.79
IND02243,Andhra Pradesh,Red,Pulses,43.3,6.6,24.5,272,41.3,0,10-10-2024,19-03-2025,160,0.42
IND02244,Madhya Pradesh,Black,Sugarcane,36.6,6.9,31.4,217.2,51.5,24.5,05-10-2024,11-02-2025,129,0.83
IND02245,Uttar Pradesh,Alluvial,Sugarcane,40.4,6.2,31.4,282,83.2,19.3,20-06-2024,23-09-2024,95,0.83
IND02246,West Bengal,Alluvial,Maize,24.5,7.3,34.4,55.3,55.8,31.4,24-03-2024,20-07-2024,118,0.59
IND02247,Haryana,Alluvial,Maize,13.4,7.7,37.8,257.6,62.2,30.3,20-05-2024,20-09-2024,123,0.74
IND02248,West Bengal,Alluvial,Maize,34,7.6,22.9,83.8,68.8,31.9,10-08-2024,12-01-2025,155,0.6
IND02249,Kerala,Laterite,Rice,16.9,6,37.3,75.9,60.1,25.5,13-01-2024,12-06-2024,151,0.72
IND02250,Punjab,Alluvial,Maize,17.5,7.4,21.9,268.2,43.7,4.4,13-08-2024,17-12-2024,126,0.82
IND02251,Haryana,Alluvial,Wheat,35,7.8,39.8,150,83.1,22.9,08-12-2024,02-05-2025,145,0.41
IND02252,Rajasthan,Alluvial,Sugarcane,19.6,6.4,33.7,99.3,87.7,16.9,20-03-2024,08-07-2024,110,0.43
IND02253,Tamil Nadu,Black,Cotton,34.4,6.3,24.1,115.6,56.1,0,04-01-2024,07-04-2024,94,0.36
IND02254,West Bengal,Laterite,Groundnut,37.4,7.5,19.3,131.1,68.5,0,14-02-2024,05-06-2024,112,0.63
IND02255,Madhya Pradesh,Black,Sugarcane,37.6,6.2,21.5,254.3,62.2,0,09-01-2024,10-06-2024,153,0.79
IND02256,Odisha,Laterite,Rice,25.8,7.5,19.2,170.4,44.1,9.5,13-04-2024,16-08-2024,125,0.73
IND02257,Haryana,Alluvial,Wheat,14.9,7.2,31.2,196.7,76.4,35.4,13-02-2024,02-06-2024,110,0.52
IND02258,Punjab,Alluvial,Sugarcane,25.5,7.1,38.5,189.2,75.9,30,23-01-2024,08-06-2024,137,0.57
IND02259,Punjab,Alluvial,Pulses,25.8,7.8,29.1,208,54.2,24.4,10-08-2024,02-12-2024,114,0.78
IND02260,Maharashtra,Laterite,Groundnut,44.1,7.1,36.4,230.5,74.4,20.2,06-03-2024,30-07-2024,146,0.85
IND02261,Kerala,Laterite,Rice,23.6,6,27.3,121.5,49.8,24.1,01-04-2024,02-08-2024,123,0.49
IND02262,Bihar,Alluvial,Wheat,40.6,6.2,26,193.6,40.2,26.2,02-05-2024,15-08-2024,105,0.7
IND02263,Andhra Pradesh,Red,Pulses,12.9,7,26,81.4,85,32.2,22-09-2024,09-01-2025,109,0.65
IND02264,Haryana,Alluvial,Rice,25.5,7.5,35.6,99.7,46.2,6.7,06-02-2024,02-05-2024,86,0.73
IND02265,Madhya Pradesh,Red,Pulses,20.7,6.7,24,144.3,81.9,40,06-04-2024,23-08-2024,139,0.36
IND02266,Haryana,Alluvial,Maize,14.4,6.6,33.1,121.3,58.2,35.7,10-06-2024,25-10-2024,137,0.72
IND02267,Andhra Pradesh,Black,Sugarcane,20.6,7.2,31.7,78.1,71.6,17.1,21-06-2024,16-11-2024,148,0.75
IND02268,Andhra Pradesh,Black,Cotton,15.1,6.3,32.2,155.9,47.7,16.9,13-02-2024,11-06-2024,119,0.58
IND02269,Telangana,Red,Groundnut,22.6,6.6,37.6,154.1,85.7,22.8,18-03-2024,17-07-2024,121,0.45
IND02270,Uttar Pradesh,Alluvial,Pulses,14.8,7.7,36.4,101.8,78.8,38.6,01-10-2024,02-01-2025,93,0.62
IND02271,Andhra Pradesh,Black,Wheat,44.4,7.7,18.4,265.3,44.9,0,21-04-2024,26-08-2024,127,0.44
IND02272,Tamil Nadu,Red,Millet,30.1,7,27.4,167.2,53,9.8,02-02-2024,30-06-2024,149,0.5
IND02273,Karnataka,Red,Millet,24.8,7.3,31.7,76.4,76.7,23.7,18-09-2024,03-02-2025,138,0.73
IND02274,Gujarat,Alluvial,Rice,26.1,7.6,29.2,181.8,48.2,1.8,04-01-2024,01-04-2024,88,0.63
IND02275,Kerala,Laterite,Rice,36.4,7.4,37.5,162.1,41.9,9.2,15-01-2024,10-05-2024,116,0.64
IND02276,Maharashtra,Black,Cotton,22.4,6.9,35.3,213.2,55,6.5,02-03-2024,27-07-2024,147,0.77
IND02277,Maharashtra,Black,Wheat,41.6,7,37.4,248.7,51.8,0,03-11-2024,02-03-2025,119,0.49
IND02278,West Bengal,Alluvial,Wheat,36.7,7.2,35.3,173.1,82.1,1,15-12-2024,17-03-2025,92,0.58
IND02279,Gujarat,Black,Sugarcane,23.9,6.7,18.4,248.1,72.4,0,20-03-2024,07-07-2024,109,0.7
IND02280,Gujarat,Alluvial,Wheat,40.5,6.3,34.6,159.1,68.5,0,11-03-2024,28-06-2024,109,0.55
IND02281,West Bengal,Laterite,Rice,20.1,6.1,20.9,258.5,50.8,1.5,12-02-2024,17-07-2024,156,0.73
IND02282,Andhra Pradesh,Red,Groundnut,28.3,7.4,19.8,289.9,59.6,16.9,05-01-2024,12-05-2024,128,0.54
IND02283,Bihar,Alluvial,Rice,15.9,6.2,35.8,71.2,54.7,31.9,06-08-2024,11-11-2024,97,0.82
IND02284,Bihar,Alluvial,Rice,36.9,6.9,21.5,262,78.2,0,10-07-2024,28-11-2024,141,0.74
IND02285,Kerala,Laterite,Groundnut,34,7.7,23.1,105.7,71.6,26.1,25-11-2024,20-04-2025,146,0.39
IND02286,Maharashtra,Black,Wheat,42,7.1,29,272.5,75,0,09-08-2024,18-11-2024,101,0.36
IND02287,Odisha,Alluvial,Pulses,14.5,7.5,24.8,91.2,46.6,22.6,11-02-2024,13-06-2024,123,0.49
IND02288,Uttar Pradesh,Alluvial,Maize,35.8,6.4,26.2,63.8,66.8,4.2,07-05-2024,08-10-2024,154,0.37
IND02289,Karnataka,Black,Sugarcane,26.9,6.2,29.6,29.4,40.8,45.6,04-06-2024,20-10-2024,138,0.84
IND02290,Punjab,Alluvial,Rice,38.3,6.6,24.7,152.6,56.1,0,22-06-2024,24-11-2024,155,0.63
IND02291,Andhra Pradesh,Black,Cotton,44,6.1,39.5,168.8,52.5,0,19-01-2024,25-06-2024,158,0.63
IND02292,Bihar,Alluvial,Maize,27.1,7.3,31,299,77.4,7.6,10-08-2024,25-12-2024,137,0.62
IND02293,Odisha,Laterite,Rice,23.6,7.7,20.8,42.4,52.3,18,11-09-2024,30-01-2025,141,0.69
IND02294,Uttar Pradesh,Alluvial,Rice,13.1,6.4,35.8,80.8,89.3,20.9,20-03-2024,06-07-2024,108,0.75
IND02295,Haryana,Alluvial,Rice,13.7,6.9,39.4,197.5,55.5,1.1,19-10-2024,22-01-2025,95,0.65
IND02296,Odisha,Laterite,Rice,43.6,7.4,22.2,250.5,87.6,8.6,02-09-2024,14-12-2024,103,0.72
IND02297,Uttar Pradesh,Alluvial,Sugarcane,18,7.6,26.3,287,47.7,27.6,24-02-2024,23-07-2024,150,0.42
IND02298,Haryana,Alluvial,Maize,36.2,7.1,21.4,122.6,81,1.6,11-07-2024,29-11-2024,141,0.58
IND02299,West Bengal,Alluvial,Rice,15.2,6.6,20.1,119.8,58.3,8.5,19-06-2024,11-11-2024,145,0.78
IND02300,Haryana,Alluvial,Wheat,18.7,6.9,28.3,279.8,72,2.6,20-12-2024,26-04-2025,127,0.48
IND02301,Karnataka,Laterite,Groundnut,37.8,6.9,24.8,52.1,50.6,37,05-10-2024,07-03-2025,153,0.8
IND02302,Rajasthan,Desert,Millet,14.7,6.4,23.2,246.6,65,25.2,10-08-2024,14-11-2024,96,0.67
IND02303,West Bengal,Alluvial,Wheat,28.6,6.2,33.5,236.2,53,0,03-11-2024,20-02-2025,109,0.79
IND02304,Punjab,Alluvial,Rice,43.7,6,31.6,60.2,44.2,3.8,19-04-2024,25-08-2024,128,0.6
IND02305,Bihar,Alluvial,Rice,32.2,7,34.4,268.5,43.1,0,11-07-2024,16-10-2024,97,0.53
IND02306,Punjab,Alluvial,Rice,12.8,7.7,26.4,130.7,73.2,5.5,24-03-2024,13-08-2024,142,0.67
IND02307,Maharashtra,Laterite,Groundnut,22.4,7.5,29.8,125.3,57.9,9.6,15-01-2024,11-05-2024,117,0.8
IND02308,Telangana,Red,Groundnut,20.8,6.8,28.3,276.3,74.8,11.1,07-08-2024,12-12-2024,127,0.79
IND02309,Uttar Pradesh,Alluvial,Maize,34.5,7.8,19.6,125.6,50.2,11.8,01-06-2024,21-09-2024,112,0.87
IND02310,Karnataka,Black,Cotton,31.9,7.7,35.1,23.9,86.6,39.9,17-07-2024,04-11-2024,110,0.82
IND02311,Karnataka,Black,Sugarcane,13.7,7.7,21.6,37.9,49.6,40.5,01-10-2024,10-01-2025,101,0.77
IND02312,Haryana,Alluvial,Maize,42.8,7,24.3,95,50.1,34.6,13-12-2024,20-04-2025,128,0.59
IND02313,West Bengal,Alluvial,Wheat,28.2,7.2,26.3,225.3,79.8,27.6,01-06-2024,24-10-2024,145,0.59
IND02314,Rajasthan,Desert,Millet,22.7,7.3,34.2,228.1,77,31.3,25-01-2024,12-06-2024,139,0.83
IND02315,Kerala,Laterite,Rice,23,6.3,31.4,286.2,44.5,23.1,11-06-2024,07-11-2024,149,0.82
IND02316,Madhya Pradesh,Red,Millet,31.1,7.3,20.1,299.6,69.6,4.5,11-04-2024,13-09-2024,155,0.5
IND02317,Gujarat,Black,Sugarcane,17.4,7.3,40,51.4,63.8,46.1,01-06-2024,20-09-2024,111,0.59
IND02318,Kerala,Laterite,Rice,41.9,7.2,24.1,167.7,70.9,0,16-02-2024,03-07-2024,138,0.74
IND02319,Madhya Pradesh,Black,Wheat,36.8,6,27,138.8,40.6,22.1,07-09-2024,31-01-2025,146,0.61
IND02320,Bihar,Alluvial,Pulses,27.1,7.7,23,107.7,49.1,16.7,06-06-2024,13-11-2024,160,0.74
IND02321,Rajasthan,Desert,Millet,36.4,7.8,35.1,291.8,71.7,1.2,24-09-2024,08-02-2025,137,0.39
IND02322,West Bengal,Laterite,Rice,15.8,7.5,35.8,159.2,64.5,8.8,24-11-2024,13-04-2025,140,0.73
IND02323,Gujarat,Alluvial,Wheat,43.6,6.4,22.1,227.1,48.2,22.1,14-01-2024,05-05-2024,112,0.63
IND02324,Gujarat,Alluvial,Sugarcane,40,6.4,35.6,236,55.7,0,20-07-2024,26-12-2024,159,0.7
IND02325,Haryana,Alluvial,Pulses,39.8,6.5,29.2,147.9,53.3,14.9,08-05-2024,02-08-2024,86,0.44
IND02326,Haryana,Alluvial,Sugarcane,21,6.6,35.4,133.8,80.7,28.5,23-04-2024,05-09-2024,135,0.56
IND02327,Andhra Pradesh,Red,Maize,40.7,7.1,30.7,235.7,44.4,0,01-09-2024,28-12-2024,118,0.43
IND02328,Odisha,Alluvial,Maize,21.2,6.6,31.3,69.1,57.2,8.5,25-08-2024,11-01-2025,139,0.46
IND02329,Kerala,Laterite,Rice,25.9,7.2,37.8,240,74.9,17.6,22-06-2024,27-11-2024,158,0.83
IND02330,Karnataka,Laterite,Rice,41.9,6.4,30.1,227.8,82,15.3,22-12-2024,27-05-2025,156,0.57
IND02331,Karnataka,Laterite,Groundnut,23.1,7.5,36.9,136.7,42,15.8,25-02-2024,05-07-2024,131,0.81
IND02332,Tamil Nadu,Black,Sugarcane,33.2,7.2,35.3,122.3,59.6,35.4,04-05-2024,28-08-2024,116,0.72
IND02333,Madhya Pradesh,Red,Maize,28.2,7.1,29.9,208.3,68.9,29.5,05-05-2024,16-09-2024,134,0.85
IND02334,Karnataka,Laterite,Rice,42,6.2,35.1,67.5,58.1,24,16-08-2024,20-11-2024,96,0.8
IND02335,Uttar Pradesh,Alluvial,Wheat,15.7,7.7,32.4,47,70.7,25.4,02-11-2024,07-03-2025,125,0.7
IND02336,Odisha,Alluvial,Maize,38.5,6.8,34.1,170.8,66.4,23.7,09-02-2024,30-06-2024,142,0.57
IND02337,Kerala,Laterite,Rice,27.6,6.7,31.6,22.1,53.3,11.3,22-08-2024,08-12-2024,108,0.55
IND02338,Andhra Pradesh,Red,Pulses,20.1,7.7,29.6,261.6,78.8,12.3,04-08-2024,28-11-2024,116,0.73
IND02339,Rajasthan,Alluvial,Pulses,21.2,6.8,25.3,180.8,82.8,16.4,19-02-2024,02-06-2024,104,0.4
IND02340,Madhya Pradesh,Black,Wheat,25.1,6,34.2,34.6,46.7,36.2,18-11-2024,31-03-2025,133,0.47
IND02341,Karnataka,Laterite,Rice,14.2,6.5,28.5,254.5,69.8,29.7,16-05-2024,03-09-2024,110,0.42
IND02342,Bihar,Alluvial,Rice,14.3,6.2,22.3,209.9,89.9,7.7,12-09-2024,09-01-2025,119,0.39
IND02343,Gujarat,Alluvial,Rice,44.2,6.2,18.5,176.3,65.1,22.1,21-12-2024,18-03-2025,87,0.47
IND02344,Gujarat,Black,Sugarcane,26.3,7.5,23.6,204.8,90,21.2,21-06-2024,16-11-2024,148,0.75
IND02345,Tamil Nadu,Black,Cotton,25.1,7.1,34.4,131.8,41.1,28.6,03-10-2024,31-12-2024,89,0.87
IND02346,Uttar Pradesh,Alluvial,Rice,31.3,6.9,37,33.4,48.2,21.8,03-08-2024,21-12-2024,140,0.43
IND02347,West Bengal,Laterite,Rice,44.4,6,37.4,143.2,89.4,27.1,23-01-2024,17-06-2024,146,0.47
IND02348,Haryana,Alluvial,Pulses,34.9,6.5,34.2,207.3,70.6,0,08-02-2024,15-06-2024,128,0.39
IND02349,Odisha,Alluvial,Pulses,16.1,7.1,38.8,230,77.8,9.5,05-09-2024,17-01-2025,134,0.77
IND02350,Karnataka,Laterite,Groundnut,21.9,6.3,34.9,251.7,64.6,0,24-01-2024,19-05-2024,116,0.63
IND02351,Uttar Pradesh,Alluvial,Sugarcane,30.2,6.9,22.5,49.2,41.5,31.7,20-01-2024,04-06-2024,136,0.8
IND02352,Kerala,Laterite,Rice,20.5,6.1,32.2,57.6,80.1,40,08-12-2024,09-03-2025,91,0.67
IND02353,Andhra Pradesh,Red,Groundnut,37.7,7.7,30.8,80.6,41,0,01-02-2024,30-06-2024,150,0.42
IND02354,Haryana,Alluvial,Wheat,40.2,6.9,30.9,159.5,52,0,01-03-2024,23-06-2024,114,0.81
IND02355,Uttar Pradesh,Alluvial,Rice,18.2,6.9,32.3,37,55.9,38.9,04-04-2024,08-07-2024,95,0.71
IND02356,West Bengal,Laterite,Rice,37.5,7.3,18.7,260.2,81,0,16-10-2024,05-02-2025,112,0.72
IND02357,Bihar,Alluvial,Maize,37.5,7.7,32.4,217.7,85.2,8.8,22-11-2024,04-04-2025,133,0.81
IND02358,West Bengal,Laterite,Rice,40.8,7.1,32.5,117.4,62.3,0,25-09-2024,21-02-2025,149,0.72
IND02359,Andhra Pradesh,Black,Sugarcane,23.6,7.4,38.3,198.2,59.1,14.5,12-12-2024,03-05-2025,142,0.47
IND02360,Bihar,Alluvial,Pulses,35.9,6.5,35,127.2,83.8,16.1,12-05-2024,23-08-2024,103,0.64
IND02361,Rajasthan,Desert,Millet,29.5,7.1,31.3,98.5,70.9,25,12-04-2024,17-07-2024,96,0.4
IND02362,Andhra Pradesh,Black,Wheat,44.4,7.1,18.3,65.7,63,33.1,03-03-2024,13-07-2024,132,0.4
IND02363,Maharashtra,Black,Wheat,35.9,6.3,34.2,297.8,47,0,02-09-2024,01-02-2025,152,0.78
IND02364,Gujarat,Alluvial,Pulses,26.3,7.6,18.1,253.4,89.9,0,02-12-2024,20-03-2025,108,0.7
IND02365,Odisha,Laterite,Groundnut,25.2,7.6,28.7,216,62.6,18.6,06-11-2024,15-02-2025,101,0.69
IND02366,West Bengal,Alluvial,Sugarcane,36.4,7,27,287.2,56.9,10.9,03-11-2024,07-03-2025,124,0.75
IND02367,Kerala,Laterite,Rice,38.7,7.1,25.8,82.4,78.5,30.3,05-05-2024,03-08-2024,90,0.37
IND02368,Madhya Pradesh,Red,Millet,33.4,6.8,20.5,278.2,83.8,17.8,06-03-2024,14-07-2024,130,0.89
IND02369,Bihar,Alluvial,Maize,20.1,6.8,26.3,295.7,75.5,25.2,06-09-2024,27-12-2024,112,0.82
IND02370,Punjab,Alluvial,Wheat,21.8,7.3,22.6,50.8,73.8,11,23-01-2024,20-04-2024,88,0.4
IND02371,Haryana,Alluvial,Rice,28.2,7.3,32.5,70.3,73.9,32.6,22-07-2024,18-11-2024,119,0.81
IND02372,Odisha,Alluvial,Pulses,20,6.2,28.6,89.6,83.3,42,01-02-2024,06-05-2024,95,0.89
IND02373,Telangana,Black,Cotton,22,6,24.6,78.6,78.2,35.9,16-09-2024,23-12-2024,98,0.78
IND02374,Maharashtra,Black,Sugarcane,28.4,7.2,38.5,88.5,71.6,34.3,17-08-2024,14-12-2024,119,0.52
IND02375,Rajasthan,Alluvial,Maize,34.3,7.2,38.8,150.3,76,0,08-02-2024,27-05-2024,109,0.87
IND02376,Madhya Pradesh,Red,Millet,36.5,7.3,29.8,67.5,71,16.9,23-01-2024,24-04-2024,92,0.36
IND02377,Uttar Pradesh,Alluvial,Rice,39.7,7.3,24.6,103.8,42.2,18.7,04-12-2024,08-05-2025,155,0.75
IND02378,Odisha,Laterite,Rice,27,7,33.1,41.7,75.5,9.9,25-08-2024,15-01-2025,143,0.62
IND02379,Punjab,Alluvial,Maize,14.9,7.1,28.1,195.5,72.7,31.5,14-06-2024,08-10-2024,116,0.85
IND02380,Maharashtra,Black,Cotton,40.1,7.8,26.8,259.2,42.4,0,19-09-2024,13-01-2025,116,0.39
IND02381,Uttar Pradesh,Alluvial,Rice,25.2,7.7,26.2,55.9,84.4,41.6,23-03-2024,27-07-2024,126,0.73
IND02382,Punjab,Alluvial,Maize,25.8,6.2,39.3,232.2,82.1,24.9,12-07-2024,12-10-2024,92,0.58
IND02383,West Bengal,Alluvial,Sugarcane,44,6.3,32.4,136.7,61.4,24.8,06-02-2024,12-05-2024,96,0.88
IND02384,Uttar Pradesh,Alluvial,Pulses,19.5,6.6,36.5,72.1,80,41,21-10-2024,16-02-2025,118,0.74
IND02385,Rajasthan,Desert,Millet,29.5,7.7,29.7,151.5,44.9,25.5,07-07-2024,07-10-2024,92,0.59
IND02386,Andhra Pradesh,Red,Millet,44.8,6.1,24.6,266.2,50.6,0,12-02-2024,06-07-2024,145,0.58
IND02387,West Bengal,Laterite,Rice,13.5,6.5,26.1,31.3,52.6,18.7,18-06-2024,11-09-2024,85,0.89
IND02388,Odisha,Laterite,Rice,23.6,7.5,28.4,137,56.7,36.4,06-12-2024,30-03-2025,114,0.55
IND02389,Madhya Pradesh,Red,Millet,31.7,6.7,36.1,215.7,63.5,0,21-01-2024,15-06-2024,146,0.89
IND02390,Karnataka,Black,Wheat,34.2,6.6,19.6,37.1,55.9,31.1,16-05-2024,31-08-2024,107,0.79
IND02391,West Bengal,Laterite,Groundnut,30.3,6.9,28.7,177.6,65.6,0,13-07-2024,20-12-2024,160,0.39
IND02392,Haryana,Alluvial,Pulses,20.3,6.8,35.3,238.3,82.1,32.1,20-08-2024,27-11-2024,99,0.64
IND02393,Bihar,Alluvial,Rice,31.8,6.8,23.4,93.1,54.8,32.4,23-07-2024,11-11-2024,111,0.6
IND02394,Bihar,Alluvial,Wheat,15.5,6.4,21.1,88.6,57.1,38,21-05-2024,06-10-2024,138,0.58
IND02395,Odisha,Alluvial,Rice,44.3,6.9,38.1,140.7,74.6,0,05-05-2024,21-08-2024,108,0.44
IND02396,Madhya Pradesh,Black,Wheat,27.1,7,22.1,47.5,73.7,40.2,12-10-2024,07-02-2025,118,0.53
IND02397,Gujarat,Alluvial,Rice,17,6.1,31.5,283.7,58.7,0,23-01-2024,04-05-2024,102,0.53
IND02398,Maharashtra,Laterite,Rice,26.4,7.7,23.2,159,69,15.1,06-09-2024,31-01-2025,147,0.51
IND02399,Haryana,Alluvial,Sugarcane,13.2,7.5,18.7,100.4,61,45,17-06-2024,26-10-2024,131,0.67
IND02400,Madhya Pradesh,Red,Maize,16.8,6.8,21.3,241.9,72,8.8,06-02-2024,07-07-2024,152,0.62
IND02401,Andhra Pradesh,Red,Maize,20.6,7.5,32.6,230,41.9,0,23-08-2024,26-12-2024,125,0.43
IND02402,West Bengal,Laterite,Groundnut,27.1,7.4,27.4,101.2,76.4,32.2,03-02-2024,25-05-2024,112,0.4
IND02403,Tamil Nadu,Black,Wheat,42.1,7.6,36,279.8,58.5,14.6,09-11-2024,08-04-2025,150,0.77
IND02404,Punjab,Alluvial,Rice,22.2,6.2,34.2,57.3,51.6,8,20-07-2024,02-12-2024,135,0.68
IND02405,Maharashtra,Red,Maize,41.2,7.2,31.6,262.2,72,3.7,22-10-2024,03-03-2025,132,0.89
IND02406,Haryana,Alluvial,Wheat,21.6,6.1,23.2,134.7,83.8,38,02-09-2024,04-01-2025,124,0.68
IND02407,Maharashtra,Black,Sugarcane,27.7,7.1,36.3,153,47.3,4.6,01-01-2024,18-04-2024,108,0.69
IND02408,Rajasthan,Alluvial,Pulses,37.8,7.1,31.3,119.5,78.7,26.3,25-04-2024,15-08-2024,112,0.67
IND02409,Odisha,Laterite,Rice,19.4,7.4,28.4,105.9,41.3,24.6,11-11-2024,04-04-2025,144,0.74
IND02410,Maharashtra,Laterite,Rice,28.3,7.3,25.5,196,57.6,18.2,12-09-2024,09-02-2025,150,0.86
IND02411,Madhya Pradesh,Red,Pulses,17.7,6.7,20.6,232.2,57.4,11.3,24-02-2024,09-06-2024,106,0.36
IND02412,Kerala,Laterite,Groundnut,21.3,6.1,35.1,212.4,58.5,11,15-02-2024,15-07-2024,151,0.58
IND02413,Madhya Pradesh,Red,Maize,26.6,7.7,19.4,280,59.1,5.4,21-02-2024,15-06-2024,115,0.68
IND02414,Punjab,Alluvial,Wheat,16.5,6.4,34.3,280.7,86.8,18.9,21-10-2024,16-01-2025,87,0.36
IND02415,Rajasthan,Desert,Millet,35.9,6.1,27.2,163.3,40.6,5.8,05-05-2024,09-10-2024,157,0.61
IND02416,Tamil Nadu,Laterite,Groundnut,26.4,6.3,36.2,34.3,82.8,7.7,22-08-2024,19-01-2025,150,0.4
IND02417,Odisha,Laterite,Groundnut,16,6.3,20.4,196.2,58.8,3,09-10-2024,25-01-2025,108,0.5
IND02418,Tamil Nadu,Black,Cotton,29.7,7.6,29.4,201.6,70.8,0,01-05-2024,16-09-2024,138,0.55
IND02419,Telangana,Black,Sugarcane,34.9,6.6,26.2,227.9,64.7,17.3,03-01-2024,06-04-2024,94,0.43
IND02420,Kerala,Laterite,Groundnut,27.7,7.5,38.7,103.2,52.3,2.1,24-01-2024,09-05-2024,106,0.52
IND02421,Gujarat,Alluvial,Sugarcane,21,7.1,29.3,88.4,67.7,44.2,16-08-2024,02-01-2025,139,0.73
IND02422,Tamil Nadu,Black,Wheat,33.4,6.6,36.7,177.8,89.3,14.2,23-11-2024,21-03-2025,118,0.84
IND02423,Punjab,Alluvial,Pulses,43.9,7.3,19.8,285.1,89.5,2.8,08-04-2024,15-07-2024,98,0.43
IND02424,Telangana,Black,Cotton,24.3,7.2,39.2,147.8,59.2,14.3,16-08-2024,27-12-2024,133,0.44
IND02425,Bihar,Alluvial,Maize,30,7.1,32.8,37.7,47.1,36.7,18-05-2024,19-10-2024,154,0.38
IND02426,Rajasthan,Alluvial,Rice,43,6.6,31.6,148.2,66.8,6.2,01-01-2024,29-03-2024,88,0.74
IND02427,Punjab,Alluvial,Maize,34.4,6.5,22.7,189.5,67.8,20.9,14-07-2024,13-11-2024,122,0.82
IND02428,Telangana,Red,Groundnut,37.7,7.5,33.2,125.7,46.5,0,01-05-2024,05-08-2024,96,0.47
IND02429,Madhya Pradesh,Red,Maize,20.3,6.6,18.3,134.8,55.3,31.5,21-07-2024,29-10-2024,100,0.63
IND02430,Tamil Nadu,Red,Maize,19.8,7.6,23.6,21.5,41.4,43.9,01-12-2024,01-04-2025,121,0.38
IND02431,Odisha,Alluvial,Maize,26.8,7.3,39.5,212.1,75,3.6,05-03-2024,16-07-2024,133,0.73
IND02432,Andhra Pradesh,Black,Wheat,44.9,6.2,24.7,30,73.9,29.4,19-02-2024,07-07-2024,139,0.45
IND02433,Uttar Pradesh,Alluvial,Wheat,15.6,7.6,37.4,37.2,53.1,19.4,06-11-2024,28-03-2025,142,0.51
IND02434,Gujarat,Black,Wheat,40.6,7.7,28.4,85.4,66.1,29,19-03-2024,17-07-2024,120,0.7
IND02435,Karnataka,Black,Wheat,32,7.6,22.8,171.4,81.2,2.4,08-11-2024,24-02-2025,108,0.67
IND02436,Bihar,Alluvial,Wheat,21.7,7.2,34.6,206.1,66,29.5,22-02-2024,18-07-2024,147,0.49
IND02437,Madhya Pradesh,Black,Cotton,27.5,6,21.9,66,63.7,24.3,13-07-2024,18-11-2024,128,0.43
IND02438,Punjab,Alluvial,Rice,41,6.7,37.1,194,53.7,0,05-09-2024,17-12-2024,103,0.68
IND02439,Punjab,Alluvial,Pulses,26.6,6.1,36,130,85.1,38.9,02-10-2024,10-03-2025,159,0.43
IND02440,Haryana,Alluvial,Wheat,35.1,6.5,38.2,180,78.9,27.8,16-09-2024,02-02-2025,139,0.78
IND02441,Kerala,Laterite,Rice,24.4,7.3,27.8,150.8,86.8,33.3,05-05-2024,06-08-2024,93,0.87
IND02442,Uttar Pradesh,Alluvial,Maize,23.2,6.8,28.2,260.3,51.1,18.4,10-05-2024,07-08-2024,89,0.75
IND02443,Uttar Pradesh,Alluvial,Maize,16.8,7.4,20.1,181.8,48.4,34.7,10-07-2024,29-10-2024,111,0.41
IND02444,Haryana,Alluvial,Wheat,24.6,7.5,26.8,219.9,60.3,31.1,20-03-2024,24-08-2024,157,0.77
IND02445,Rajasthan,Alluvial,Wheat,15.5,7.4,40,180.6,59.9,32.9,09-04-2024,10-08-2024,123,0.52
IND02446,Odisha,Alluvial,Pulses,15.6,7.7,33.2,293,77.7,0,09-12-2024,26-03-2025,107,0.54
IND02447,Karnataka,Laterite,Groundnut,30.7,7.3,22.7,269.2,75,3.2,03-12-2024,24-03-2025,111,0.74
IND02448,Bihar,Alluvial,Pulses,37.9,7.1,36.5,71.8,79.7,3.3,11-09-2024,07-01-2025,118,0.65
IND02449,Andhra Pradesh,Red,Groundnut,30.8,7.5,27.6,133,58.9,9.6,06-03-2024,17-07-2024,133,0.61
IND02450,Rajasthan,Desert,Millet,26.6,7.7,27.4,239.5,80,14.9,20-01-2024,30-04-2024,101,0.77
IND02451,Rajasthan,Alluvial,Maize,35.4,7.6,21.2,209.2,54.9,3.1,07-11-2024,01-04-2025,145,0.79
IND02452,Gujarat,Black,Sugarcane,40.7,6.8,31.3,284.2,72.5,5.7,09-03-2024,02-08-2024,146,0.5
IND02453,Bihar,Alluvial,Sugarcane,16.7,6.4,35.2,241,47.9,6.1,01-04-2024,09-07-2024,99,0.58
IND02454,Haryana,Alluvial,Sugarcane,38.9,6.4,27.3,94,64.8,18.9,04-08-2024,03-01-2025,152,0.89
IND02455,Haryana,Alluvial,Wheat,27.8,6.9,21.7,272.4,43.1,0,21-12-2024,18-05-2025,148,0.63
IND02456,Punjab,Alluvial,Pulses,41,7.7,23,181.1,76.7,14.6,07-12-2024,14-04-2025,128,0.59
IND02457,Bihar,Alluvial,Wheat,17.2,6.4,39.2,45.9,72.4,43.5,10-10-2024,05-03-2025,146,0.6
IND02458,Gujarat,Alluvial,Pulses,21.5,7.6,24.9,201.7,66.1,23.1,15-07-2024,08-12-2024,146,0.37
IND02459,Uttar Pradesh,Alluvial,Sugarcane,30.4,6,21.1,219.8,48.5,24,22-11-2024,21-02-2025,91,0.75
IND02460,Andhra Pradesh,Red,Groundnut,19.8,6.2,30.7,284.9,75.2,13.6,19-09-2024,01-01-2025,104,0.88
IND02461,Odisha,Laterite,Rice,19.8,7.4,19.2,179.9,64.1,7.6,06-01-2024,09-04-2024,94,0.46
IND02462,Haryana,Alluvial,Wheat,17.2,7.8,28.9,229.9,48.9,2.9,25-07-2024,30-10-2024,97,0.71
IND02463,Odisha,Laterite,Rice,40.2,7,30.2,36.2,44.6,10.4,22-12-2024,16-04-2025,115,0.62
IND02464,Telangana,Black,Cotton,40,7.7,20.9,114.9,80.6,9,19-08-2024,02-12-2024,105,0.66
IND02465,Uttar Pradesh,Alluvial,Maize,37.3,6.7,32.3,113.3,46.3,17.6,14-01-2024,29-04-2024,106,0.62
IND02466,Rajasthan,Desert,Millet,34.4,6,23.6,198.1,41.3,19.4,21-02-2024,17-07-2024,147,0.87
IND02467,Uttar Pradesh,Alluvial,Maize,17.5,7,28.7,32.4,85.2,44.8,10-12-2024,05-05-2025,146,0.84
IND02468,Punjab,Alluvial,Rice,31.3,7,39.2,203.9,88,0.4,19-10-2024,17-02-2025,121,0.78
IND02469,Rajasthan,Alluvial,Wheat,33.3,6.6,39.5,22.2,58.3,14.7,19-05-2024,25-10-2024,159,0.45
IND02470,Uttar Pradesh,Alluvial,Sugarcane,24.7,6.9,34.9,268.4,56.1,18.1,07-03-2024,12-08-2024,158,0.79
IND02471,Bihar,Alluvial,Sugarcane,42.1,7,21,204.4,73.4,0,21-12-2024,31-03-2025,100,0.61
IND02472,Punjab,Alluvial,Pulses,12.7,6.5,37.7,174.2,63.3,30.2,03-10-2024,01-03-2025,149,0.69
IND02473,Gujarat,Alluvial,Sugarcane,37.9,7.6,31.8,291.4,76.4,19.9,19-04-2024,07-09-2024,141,0.37
IND02474,Rajasthan,Desert,Millet,16.7,6.3,31.5,253.5,77.4,10.5,09-10-2024,03-02-2025,117,0.86
IND02475,Telangana,Black,Cotton,24.5,6.5,33.9,284.9,61.4,20.3,05-03-2024,05-08-2024,153,0.64
IND02476,Madhya Pradesh,Black,Cotton,17.3,6,31.4,235.2,46,6.7,14-06-2024,16-11-2024,155,0.85
IND02477,Madhya Pradesh,Black,Wheat,22.5,6.1,37.7,199.5,49.6,16.8,25-03-2024,23-06-2024,90,0.62
IND02478,Punjab,Alluvial,Sugarcane,17.9,6.7,36.3,161,79.7,37.7,12-06-2024,17-10-2024,127,0.44
IND02479,Bihar,Alluvial,Rice,40.5,6.5,25.9,242.9,47,10.2,22-03-2024,19-07-2024,119,0.35
IND02480,Punjab,Alluvial,Wheat,18.3,6.6,21.9,30.5,40.6,14.5,09-12-2024,22-04-2025,134,0.44
IND02481,Tamil Nadu,Red,Millet,36.6,7.3,19.1,174,50.1,0,10-11-2024,14-02-2025,96,0.66
IND02482,Kerala,Laterite,Groundnut,13.4,6.5,28,92.1,80.2,27.2,23-02-2024,27-06-2024,125,0.42
IND02483,Tamil Nadu,Laterite,Rice,39.2,6,27.3,214.6,48.2,2.2,12-07-2024,27-10-2024,107,0.83
IND02484,Bihar,Alluvial,Rice,41.1,7.4,18.3,62.9,57.3,17.6,20-01-2024,22-06-2024,154,0.76
IND02485,Bihar,Alluvial,Sugarcane,35.3,7.7,27.4,51.9,53,10.3,14-03-2024,21-07-2024,129,0.89
IND02486,Uttar Pradesh,Alluvial,Wheat,32.1,7.3,29,83.3,60.9,11.3,02-12-2024,20-04-2025,139,0.76
IND02487,Andhra Pradesh,Red,Millet,40.5,7.1,27.2,204.1,83.3,0,17-01-2024,20-06-2024,155,0.37
IND02488,Uttar Pradesh,Alluvial,Wheat,27.8,6.6,33.3,276,79.9,0,09-03-2024,19-06-2024,102,0.79
IND02489,Maharashtra,Laterite,Groundnut,33.8,6.6,36.5,277.9,64.7,9.1,25-12-2024,03-04-2025,99,0.8
IND02490,Telangana,Black,Sugarcane,41.1,7.5,33.8,281.3,45.2,0,18-08-2024,16-01-2025,151,0.88
IND02491,Rajasthan,Alluvial,Maize,12.1,7.3,18.5,81.6,61.9,28.2,09-03-2024,26-07-2024,139,0.77
IND02492,Kerala,Laterite,Rice,41.7,6.7,36.4,243.2,77.3,0,04-12-2024,25-03-2025,111,0.82
IND02493,Punjab,Alluvial,Pulses,37.1,7,26.1,189.6,82.5,0,02-09-2024,05-01-2025,125,0.85
IND02494,Haryana,Alluvial,Pulses,14.6,7.6,28.2,216.2,40.5,2.9,16-08-2024,10-01-2025,147,0.69
IND02495,Gujarat,Alluvial,Rice,25.5,7.3,28.6,211.9,71.2,20.6,14-05-2024,30-09-2024,139,0.61
IND02496,Karnataka,Black,Sugarcane,23.7,6.9,22.7,251.5,77.4,6.5,10-09-2024,13-12-2024,94,0.77
IND02497,Madhya Pradesh,Red,Maize,21.8,6.2,23.8,270.2,53.1,0.2,02-10-2024,19-02-2025,140,0.74
IND02498,Uttar Pradesh,Alluvial,Rice,37.6,7.3,39.8,190.4,53.6,0,03-07-2024,05-10-2024,94,0.85
IND02499,Andhra Pradesh,Black,Wheat,18.8,7.2,19.2,151.9,82.9,2.5,12-07-2024,03-12-2024,144,0.41
IND02500,Telangana,Black,Wheat,26.5,6.1,29.4,162,65.5,6.9,17-01-2024,22-06-2024,157,0.57
IND02501,Madhya Pradesh,Red,Maize,13.9,7.3,36.6,291.7,61.2,5.1,01-03-2024,02-06-2024,93,0.51
IND02502,Punjab,Alluvial,Sugarcane,33.9,6.2,18.5,69,64,13,11-01-2024,10-04-2024,90,0.68
IND02503,Punjab,Alluvial,Rice,26.6,6.4,39.9,189,46,3.7,14-01-2024,07-06-2024,145,0.75
IND02504,West Bengal,Laterite,Groundnut,26.8,6.2,31.6,171.7,54,25,21-04-2024,18-07-2024,88,0.4
IND02505,West Bengal,Alluvial,Maize,37.9,7.2,34.5,208.8,51.6,16.6,25-12-2024,09-04-2025,105,0.38
IND02506,Uttar Pradesh,Alluvial,Sugarcane,15,6.1,37.9,82.8,77.5,29.4,21-11-2024,14-03-2025,113,0.72
IND02507,Uttar Pradesh,Alluvial,Wheat,40.7,7.6,30.1,69.5,48.9,36,18-04-2024,14-07-2024,87,0.62
IND02508,Gujarat,Black,Sugarcane,37.5,7.4,19.9,183.6,50.3,3.3,12-02-2024,25-06-2024,134,0.51
IND02509,Tamil Nadu,Laterite,Groundnut,36.2,6.2,39.1,100.8,41.3,21.9,05-04-2024,06-07-2024,92,0.67
IND02510,Gujarat,Black,Cotton,42.4,7.5,29.8,103.4,89.1,4.1,18-11-2024,28-02-2025,102,0.76
IND02511,Maharashtra,Red,Groundnut,34.2,7.2,36.8,79.2,89.5,12.4,22-04-2024,09-08-2024,109,0.76
IND02512,Punjab,Alluvial,Pulses,30.9,6.8,25,232.2,59,2.7,19-11-2024,14-03-2025,115,0.44
IND02513,Kerala,Laterite,Rice,38.1,7.4,19.3,229.9,61.7,0,01-03-2024,09-06-2024,100,0.71
IND02514,Madhya Pradesh,Red,Groundnut,30.6,6.3,39,234.7,61.1,4.8,19-10-2024,14-01-2025,87,0.48
IND02515,West Bengal,Alluvial,Rice,41.3,6.8,20.4,209.7,40.5,3.5,15-04-2024,14-08-2024,121,0.73
IND02516,Rajasthan,Alluvial,Pulses,34.3,7.2,37,57,47.7,20.8,25-07-2024,15-11-2024,113,0.8
IND02517,Telangana,Black,Sugarcane,18.9,6.2,26.6,218.9,68.7,24.8,10-10-2024,13-01-2025,95,0.44
IND02518,Rajasthan,Alluvial,Sugarcane,38.8,6.1,28.4,126.2,68,2.9,25-01-2024,21-05-2024,117,0.44
IND02519,Rajasthan,Alluvial,Maize,29.4,6.3,24.1,192.2,45.3,7.5,07-08-2024,20-12-2024,135,0.8
IND02520,Tamil Nadu,Red,Groundnut,31.5,7,18.8,254.8,52,12.2,19-10-2024,22-01-2025,95,0.78
IND02521,Madhya Pradesh,Red,Millet,42.7,6.6,22.1,36.4,52,24,10-12-2024,29-04-2025,140,0.59
IND02522,Maharashtra,Red,Pulses,34.1,6.4,18.3,84.8,83.7,24.4,18-06-2024,19-09-2024,93,0.73
IND02523,Uttar Pradesh,Alluvial,Wheat,31.2,7.4,18.9,25.2,87,10.8,22-03-2024,06-08-2024,137,0.5
IND02524,Bihar,Alluvial,Pulses,24.7,6.7,18.9,83.6,69.9,21.7,15-08-2024,16-01-2025,154,0.44
IND02525,Uttar Pradesh,Alluvial,Pulses,30.2,6.3,26.3,269.3,74.8,0,16-10-2024,22-02-2025,129,0.64
IND02526,Karnataka,Laterite,Groundnut,28.9,7.5,39.7,242.8,67.1,17.9,07-11-2024,21-02-2025,106,0.65
IND02527,Odisha,Laterite,Rice,28.4,6.4,23.9,94.6,48.1,36.6,09-04-2024,14-09-2024,158,0.78
IND02528,Rajasthan,Alluvial,Sugarcane,25.8,7.5,31.6,264.1,74.9,1.6,09-07-2024,05-12-2024,149,0.61
IND02529,Madhya Pradesh,Black,Wheat,36.8,6.6,39.1,27.6,52.6,9.2,07-02-2024,07-06-2024,121,0.41
IND02530,Tamil Nadu,Red,Groundnut,28.7,7.6,36.1,226.9,50.1,0,09-01-2024,04-06-2024,147,0.66
IND02531,Bihar,Alluvial,Rice,14,7.2,37.5,29.6,48.5,41.7,05-02-2024,09-05-2024,94,0.39
IND02532,Bihar,Alluvial,Sugarcane,32.3,6.9,36.2,189.3,73,27,07-04-2024,03-09-2024,149,0.55
IND02533,Tamil Nadu,Red,Pulses,34.7,6.3,26.2,87.1,58.3,23,17-07-2024,30-11-2024,136,0.6
IND02534,Rajasthan,Alluvial,Maize,37.2,6.3,31.1,276.4,60.4,0,01-02-2024,01-05-2024,90,0.85
IND02535,Kerala,Laterite,Rice,16,6.3,25.8,95.6,61,43.2,20-11-2024,27-04-2025,158,0.87
IND02536,West Bengal,Alluvial,Wheat,13.2,6.9,25.8,159.5,49.7,25.5,04-11-2024,13-04-2025,160,0.73
IND02537,Maharashtra,Red,Millet,19.8,6,38.2,203.1,53,0,14-03-2024,19-08-2024,158,0.72
IND02538,Karnataka,Black,Sugarcane,15.1,6.7,23.8,55.3,54.7,16.7,06-12-2024,08-04-2025,123,0.79
IND02539,Odisha,Laterite,Rice,26,7.2,29.3,139.7,58.3,9,23-03-2024,22-08-2024,152,0.75
IND02540,Rajasthan,Alluvial,Sugarcane,19.5,7.5,28.7,282.4,44.4,9.5,22-10-2024,25-03-2025,154,0.51
IND02541,Gujarat,Black,Sugarcane,24.6,7.5,18.9,164.4,41.9,17,24-12-2024,14-05-2025,141,0.69
IND02542,Maharashtra,Red,Groundnut,23.2,6.3,23.5,259.1,73.8,0,09-02-2024,02-06-2024,114,0.47
IND02543,West Bengal,Laterite,Rice,12.1,7.2,20.6,63.5,42,47.4,21-12-2024,27-04-2025,127,0.87
IND02544,Bihar,Alluvial,Pulses,37.8,7.1,18.5,162.3,47.8,0,05-06-2024,30-08-2024,86,0.63
IND02545,Bihar,Alluvial,Pulses,43.9,7,21.6,259.3,78.5,4.2,17-11-2024,13-03-2025,116,0.59
IND02546,Karnataka,Laterite,Groundnut,29.8,7.2,25.9,64.2,63.2,29.3,08-02-2024,21-05-2024,103,0.37
IND02547,Punjab,Alluvial,Pulses,19.7,7.4,40,198.2,67.1,33.4,08-10-2024,15-01-2025,99,0.45
IND02548,Rajasthan,Alluvial,Maize,42.5,7.5,21.1,79.6,86.7,12.4,06-10-2024,06-01-2025,92,0.64
IND02549,Madhya Pradesh,Black,Cotton,32.9,6.2,27.4,138.6,56.6,22.2,08-01-2024,20-05-2024,133,0.56
IND02550,Maharashtra,Red,Millet,30.5,6.7,25.2,260,57.2,0,05-05-2024,09-08-2024,96,0.55
IND02551,Uttar Pradesh,Alluvial,Sugarcane,24,6.1,36.3,286.1,53.6,23.7,20-10-2024,20-01-2025,92,0.37
IND02552,Telangana,Black,Cotton,19.8,6.4,20.5,278.8,51.6,0,08-06-2024,12-09-2024,96,0.59
IND02553,Maharashtra,Black,Cotton,30,6,29.8,243.9,68.5,12.7,10-02-2024,19-06-2024,130,0.48
IND02554,Kerala,Laterite,Rice,41.9,6.3,23.8,263.4,84.4,1,21-11-2024,28-02-2025,99,0.51
IND02555,Gujarat,Alluvial,Rice,18.3,6.4,22.9,240.5,49.4,18.8,12-05-2024,09-08-2024,89,0.39
IND02556,Karnataka,Red,Maize,40.1,6.8,22.7,200.4,80.2,23.1,20-08-2024,17-12-2024,119,0.49
IND02557,Maharashtra,Red,Maize,29.5,7.8,21.7,131.9,78.1,9.1,23-08-2024,30-01-2025,160,0.53
IND02558,Madhya Pradesh,Red,Pulses,41.3,6.4,18.6,198.9,63.1,2.2,11-08-2024,29-12-2024,140,0.73
IND02559,Rajasthan,Alluvial,Pulses,33.7,7.4,25.1,139.9,65.6,28.2,13-11-2024,31-03-2025,138,0.68
IND02560,Maharashtra,Laterite,Groundnut,39.5,7.5,18.5,41.7,41.3,18.8,07-12-2024,04-03-2025,87,0.55
IND02561,Punjab,Alluvial,Wheat,27.4,6.3,18.1,288.6,76.7,7.2,25-09-2024,26-01-2025,123,0.78
IND02562,Kerala,Laterite,Rice,18,7.2,31.7,289.7,51,0,23-02-2024,30-05-2024,97,0.5
IND02563,Punjab,Alluvial,Rice,41.8,7.2,28.3,81.5,80.5,34,24-02-2024,20-06-2024,117,0.81
IND02564,Odisha,Alluvial,Wheat,27.7,6.1,20.6,31.7,61.9,8.3,10-07-2024,09-10-2024,91,0.35
IND02565,Uttar Pradesh,Alluvial,Rice,34.8,6.1,37.3,290.9,85.8,18.4,21-10-2024,24-03-2025,154,0.57
IND02566,Maharashtra,Laterite,Groundnut,26.2,7.3,24.1,118.8,76.4,1.1,02-08-2024,06-12-2024,126,0.6
IND02567,Kerala,Laterite,Groundnut,28.7,6.9,27,33.5,44.2,31.7,20-05-2024,11-09-2024,114,0.49
IND02568,Maharashtra,Black,Cotton,24.4,7.1,39.2,223.6,46.5,14.4,02-09-2024,08-12-2024,97,0.87
IND02569,Uttar Pradesh,Alluvial,Maize,41.5,7.4,39.4,79.9,49.7,22.6,16-05-2024,10-09-2024,117,0.4
IND02570,Haryana,Alluvial,Wheat,25.3,6.9,38.4,140.4,55.6,16.2,17-01-2024,22-04-2024,96,0.63
IND02571,Haryana,Alluvial,Pulses,29.7,7.5,21.9,32.6,64.2,33,17-10-2024,08-03-2025,142,0.72
IND02572,Uttar Pradesh,Alluvial,Maize,33,6.6,19.9,297.5,73.1,11.8,11-10-2024,13-03-2025,153,0.83
IND02573,Gujarat,Black,Sugarcane,20.3,7.7,33.6,197.3,65.6,21.5,15-11-2024,03-04-2025,139,0.64
IND02574,West Bengal,Alluvial,Rice,36,7.2,35,62.6,87,35.4,25-06-2024,28-10-2024,125,0.81
IND02575,Madhya Pradesh,Red,Millet,26.9,7.1,31.5,153.6,89.4,17,07-05-2024,15-09-2024,131,0.59
IND02576,Karnataka,Laterite,Groundnut,38.3,7.1,39.5,235.3,56.4,15.9,22-01-2024,24-05-2024,123,0.8
IND02577,Karnataka,Black,Sugarcane,21.7,7.1,31.3,270.1,45.4,0,20-08-2024,19-01-2025,152,0.79
IND02578,Rajasthan,Desert,Millet,12.1,7.5,18.7,241.4,84.1,17.6,11-05-2024,01-10-2024,143,0.57
IND02579,Haryana,Alluvial,Rice,42.2,6.8,35.7,129.6,68.2,21.3,01-04-2024,10-07-2024,100,0.77
IND02580,Odisha,Laterite,Groundnut,29.8,7.4,21.7,49.4,88,18.6,13-03-2024,20-07-2024,129,0.64
IND02581,Punjab,Alluvial,Wheat,21,6.6,26.1,170,57,32.5,04-12-2024,26-04-2025,143,0.61
IND02582,Punjab,Alluvial,Sugarcane,12.5,7.3,21.4,278.4,80.2,32.6,10-09-2024,04-01-2025,116,0.45
IND02583,Tamil Nadu,Red,Pulses,31.8,7,18.7,165.8,49.9,6.4,22-11-2024,27-02-2025,97,0.7
IND02584,Kerala,Laterite,Groundnut,30.5,6.7,37.7,238.1,68.7,11.5,22-11-2024,08-04-2025,137,0.65
IND02585,Uttar Pradesh,Alluvial,Rice,33,7.5,39.2,276.3,86.6,12.6,09-11-2024,28-02-2025,111,0.5
IND02586,Uttar Pradesh,Alluvial,Maize,41.5,7.2,27.6,46.5,71.5,3.4,19-10-2024,24-03-2025,156,0.8
IND02587,Haryana,Alluvial,Sugarcane,23,6.3,27.7,187.4,56.2,20.1,23-03-2024,28-07-2024,127,0.5
IND02588,Andhra Pradesh,Black,Wheat,28.5,6.6,31.8,289.7,85.1,7.8,16-07-2024,03-11-2024,110,0.53
IND02589,Telangana,Black,Cotton,43.1,7.5,24.6,42.9,57.1,28.7,16-07-2024,18-11-2024,125,0.86
IND02590,Andhra Pradesh,Red,Millet,35.5,6.2,18.8,100,44.9,2.2,11-01-2024,16-06-2024,157,0.51
IND02591,Madhya Pradesh,Red,Millet,12.5,6,30.3,67.8,59.4,12,19-09-2024,07-01-2025,110,0.72
IND02592,Uttar Pradesh,Alluvial,Pulses,29.4,6.7,27.8,254.3,69.8,8.5,11-12-2024,10-03-2025,89,0.53
IND02593,Maharashtra,Black,Cotton,21.3,7.4,35.5,25.7,85.6,18.9,23-02-2024,20-05-2024,87,0.59
IND02594,Tamil Nadu,Red,Millet,26.2,6.6,19.9,228.1,61.4,0,20-09-2024,12-02-2025,145,0.48
IND02595,Rajasthan,Desert,Millet,27.2,6.5,24.7,192.2,64.9,10.2,12-02-2024,20-05-2024,98,0.7
IND02596,Kerala,Laterite,Groundnut,21.1,6.9,32.8,284.3,59.2,28,04-09-2024,09-02-2025,158,0.64
IND02597,Bihar,Alluvial,Sugarcane,14.5,6.7,33.6,185.5,79.1,34.8,25-05-2024,19-09-2024,117,0.5
IND02598,Rajasthan,Desert,Millet,20.7,7.3,19.4,53.6,65,13,16-01-2024,28-05-2024,133,0.67
IND02599,Uttar Pradesh,Alluvial,Sugarcane,31.8,6.8,23.9,277.9,85,0,23-07-2024,03-11-2024,103,0.38
IND02600,Uttar Pradesh,Alluvial,Wheat,33.4,7.1,19.3,124.4,88,27.6,22-06-2024,01-11-2024,132,0.82
IND02601,Gujarat,Black,Cotton,44.8,6.1,21.7,296.8,87.2,0,10-03-2024,08-08-2024,151,0.6
IND02602,Maharashtra,Red,Maize,13.3,6.6,32.5,182.4,58.3,5.1,11-02-2024,07-06-2024,117,0.46
IND02603,Punjab,Alluvial,Sugarcane,25.4,7.1,18.7,248.4,80.6,22.5,01-07-2024,18-11-2024,140,0.46
IND02604,Bihar,Alluvial,Sugarcane,27.9,6.1,33.2,204.4,45.8,28.8,02-06-2024,23-10-2024,143,0.87
IND02605,Karnataka,Red,Maize,43.4,7.6,20,269.3,51.5,20.9,02-01-2024,17-05-2024,136,0.79
IND02606,Telangana,Black,Sugarcane,43.5,6.7,27,250.5,58.4,7.5,02-06-2024,10-09-2024,100,0.68
IND02607,Kerala,Laterite,Groundnut,21.5,7.3,27.9,87,72.9,12.4,19-03-2024,21-08-2024,155,0.49
IND02608,Telangana,Red,Maize,40,6.8,34.3,36.8,84.3,33.4,17-08-2024,10-11-2024,85,0.52
IND02609,West Bengal,Laterite,Groundnut,40.6,7.6,28,63,54.9,20.8,09-10-2024,03-01-2025,86,0.48
IND02610,Uttar Pradesh,Alluvial,Wheat,36.2,6.1,23.7,208.5,74,3.6,23-01-2024,24-04-2024,92,0.55
IND02611,Punjab,Alluvial,Wheat,16.8,7.6,18.6,280.8,81.5,6.9,15-08-2024,19-11-2024,96,0.57
IND02612,Odisha,Laterite,Rice,17,7,38.7,85,60.9,44.2,23-04-2024,23-07-2024,91,0.81
IND02613,Karnataka,Laterite,Rice,35.8,7.8,28.4,72.4,70.9,35.4,25-04-2024,26-08-2024,123,0.52
IND02614,Rajasthan,Desert,Millet,35,7.3,28.3,144.2,80.2,0.1,03-01-2024,09-04-2024,97,0.51
IND02615,Tamil Nadu,Black,Cotton,20.8,6.1,22.3,151.2,72.9,13.9,19-09-2024,17-02-2025,151,0.89
IND02616,Haryana,Alluvial,Rice,26.4,7.5,35.3,273.2,49.5,7.7,23-05-2024,18-08-2024,87,0.44
IND02617,Kerala,Laterite,Rice,35.1,7.7,24.3,20,88.5,43.1,08-12-2024,28-04-2025,141,0.4
IND02618,Gujarat,Black,Wheat,34.6,6.8,20.5,186.1,45.9,11.3,08-04-2024,01-08-2024,115,0.49
IND02619,Haryana,Alluvial,Sugarcane,24.2,6.6,37.5,188.9,52.2,20.6,06-06-2024,23-10-2024,139,0.73
IND02620,Punjab,Alluvial,Sugarcane,12.1,7.6,20.8,207.2,42.8,0.7,04-05-2024,03-08-2024,91,0.84
IND02621,Maharashtra,Black,Cotton,30.8,7.1,29.7,224.2,83.2,16.3,24-07-2024,16-12-2024,145,0.5
IND02622,Punjab,Alluvial,Wheat,34.1,6.1,30.6,68.4,78.8,26.7,06-08-2024,28-12-2024,144,0.64
IND02623,Haryana,Alluvial,Wheat,21.5,6.4,18.7,274.2,51.5,17.5,17-05-2024,22-09-2024,128,0.67
IND02624,Rajasthan,Desert,Millet,42.6,6.7,33.9,156.1,64.9,23.3,11-02-2024,17-05-2024,96,0.67
IND02625,Rajasthan,Alluvial,Sugarcane,27.6,7.7,34.9,287.2,58.2,22.2,04-05-2024,31-07-2024,88,0.86
IND02626,Gujarat,Black,Cotton,33.5,7.7,31.5,33.9,72.6,40.7,06-06-2024,03-10-2024,119,0.48
IND02627,Haryana,Alluvial,Wheat,40.9,7.6,23.7,286.5,85.9,17.9,19-06-2024,08-10-2024,111,0.35
IND02628,West Bengal,Alluvial,Pulses,43,7.7,24,130.3,81.9,12.2,24-07-2024,01-11-2024,100,0.61
IND02629,Haryana,Alluvial,Rice,16.4,6.4,39.5,39.4,46.4,14.8,19-08-2024,26-11-2024,99,0.63
IND02630,Kerala,Laterite,Groundnut,31.4,7.3,34.3,53.5,86.8,15.9,05-03-2024,19-07-2024,136,0.87
IND02631,Gujarat,Black,Cotton,24,6.5,24.3,177.8,65.2,6,16-11-2024,14-03-2025,118,0.41
IND02632,Gujarat,Alluvial,Maize,25.1,6.9,32,270.3,52.5,0.3,16-01-2024,07-06-2024,143,0.8
IND02633,Bihar,Alluvial,Pulses,30.6,6.6,27.3,128,48.7,20.3,05-07-2024,12-11-2024,130,0.62
IND02634,Bihar,Alluvial,Rice,41.9,6.1,38.4,162.5,59.8,11.3,06-03-2024,21-06-2024,107,0.7
IND02635,Uttar Pradesh,Alluvial,Maize,13.6,6.3,33.3,31.5,86,16,15-04-2024,01-08-2024,108,0.51
IND02636,Tamil Nadu,Red,Millet,24,6.4,39.2,195.9,60,10.2,05-11-2024,09-02-2025,96,0.62
IND02637,Odisha,Laterite,Rice,16.2,6.2,18.6,239.5,84.9,30.3,16-11-2024,25-02-2025,101,0.61
IND02638,Tamil Nadu,Red,Groundnut,17,6.3,25.2,132.3,59.8,30,19-05-2024,22-09-2024,126,0.73
IND02639,Rajasthan,Desert,Millet,17.7,7.8,38.2,258,85.3,5.5,19-12-2024,01-05-2025,133,0.82
IND02640,Odisha,Laterite,Groundnut,25.6,7.2,30.9,149.9,50.2,20.9,04-12-2024,02-04-2025,119,0.7
IND02641,Karnataka,Laterite,Rice,33.4,6.7,20.4,275.2,83,0,23-03-2024,18-06-2024,87,0.85
IND02642,Telangana,Black,Cotton,43.1,6.5,18.1,164.5,42.7,14,22-03-2024,25-08-2024,156,0.73
IND02643,Madhya Pradesh,Red,Groundnut,27.9,7.1,36.6,195.6,47.7,11.7,09-01-2024,25-04-2024,107,0.47
IND02644,Maharashtra,Black,Wheat,31.6,6.1,30.9,94.1,78,7.9,09-07-2024,02-11-2024,116,0.79
IND02645,West Bengal,Alluvial,Maize,28,6.1,36.6,218.1,50,21.8,17-10-2024,17-01-2025,92,0.73
IND02646,Karnataka,Black,Sugarcane,14.4,7.7,34.9,128.6,41,21.9,14-03-2024,13-08-2024,152,0.61
IND02647,Gujarat,Black,Sugarcane,22.7,6.5,34.9,142.5,45.6,11,19-07-2024,03-11-2024,107,0.55
IND02648,West Bengal,Laterite,Groundnut,27.5,7.8,26.9,208.5,74.2,7.5,05-03-2024,20-07-2024,137,0.41
IND02649,Haryana,Alluvial,Pulses,18.9,6.2,34.1,201.7,62.3,31.3,11-08-2024,23-11-2024,104,0.78
IND02650,Telangana,Red,Groundnut,39.6,7.1,18.8,174.6,42.6,0,14-03-2024,08-06-2024,86,0.43
IND02651,Kerala,Laterite,Groundnut,40.5,6.1,31,106.7,73.9,26,24-07-2024,25-10-2024,93,0.64
IND02652,Rajasthan,Alluvial,Maize,42.9,7.1,26.7,291.5,75,6.3,13-05-2024,14-09-2024,124,0.49
IND02653,Bihar,Alluvial,Pulses,39.7,6.6,34.7,87.4,71.4,18.8,11-12-2024,14-04-2025,124,0.53
IND02654,Gujarat,Black,Cotton,22.2,6.8,34.7,243.5,55,17.5,17-09-2024,27-01-2025,132,0.88
IND02655,Karnataka,Red,Groundnut,18.2,6.2,37.6,96.3,72.2,38.9,06-03-2024,07-07-2024,123,0.53
IND02656,Haryana,Alluvial,Rice,25.6,7.5,32.3,264.8,73.2,20.3,16-01-2024,29-04-2024,104,0.88
IND02657,Gujarat,Black,Sugarcane,37.8,6.9,23.9,133.4,61.8,28.7,04-12-2024,12-05-2025,159,0.88
IND02658,Kerala,Laterite,Rice,34.3,7.2,24.2,82.1,60.8,30.5,10-10-2024,09-01-2025,91,0.71
IND02659,West Bengal,Alluvial,Sugarcane,31.9,7.1,34.4,123,84.4,11.4,07-12-2024,15-03-2025,98,0.64
IND02660,Andhra Pradesh,Black,Wheat,40.4,6.7,23.2,176.9,74.5,6.6,14-08-2024,08-01-2025,147,0.54
IND02661,West Bengal,Alluvial,Pulses,26.7,7.4,28.9,231.4,78.3,13.1,12-09-2024,07-12-2024,86,0.52
IND02662,Kerala,Laterite,Groundnut,28.9,7.3,29.5,283.2,46.4,0,04-06-2024,19-09-2024,107,0.61
IND02663,Karnataka,Black,Wheat,15.7,7,32.2,228.9,53.3,3.7,08-09-2024,08-01-2025,122,0.7
IND02664,Karnataka,Laterite,Rice,18.9,7.2,19.7,230.1,55.2,25.1,17-10-2024,21-03-2025,155,0.77
IND02665,West Bengal,Laterite,Rice,18.5,6.8,30.8,66.2,47.4,23.7,20-10-2024,13-01-2025,85,0.43
IND02666,Bihar,Alluvial,Maize,39.6,7,37.5,78.7,47.8,35,05-05-2024,12-10-2024,160,0.45
IND02667,Telangana,Black,Wheat,27.8,7.5,39.3,104.6,79.3,4.1,12-03-2024,07-08-2024,148,0.46
IND02668,Odisha,Laterite,Groundnut,33.5,7.5,20.4,32.1,76.3,26.6,18-08-2024,01-01-2025,136,0.45
IND02669,Haryana,Alluvial,Wheat,39.5,7.7,27.4,267.9,58.5,12.1,13-04-2024,30-08-2024,139,0.6
IND02670,Maharashtra,Laterite,Groundnut,26.6,6.2,31,258.3,40.6,1.6,09-08-2024,29-11-2024,112,0.82
IND02671,Uttar Pradesh,Alluvial,Rice,33.2,7.7,35.3,94.6,85.1,13.6,19-02-2024,02-07-2024,134,0.35
IND02672,Haryana,Alluvial,Pulses,18.4,6.6,27.1,196.4,65.6,27.9,02-11-2024,17-03-2025,135,0.41
IND02673,Madhya Pradesh,Black,Cotton,17.6,7.1,20.8,181.5,52.3,23.4,09-11-2024,21-03-2025,132,0.69
IND02674,Haryana,Alluvial,Wheat,18.2,7.4,33.8,248.9,86.3,1.3,11-06-2024,07-09-2024,88,0.48
IND02675,West Bengal,Alluvial,Pulses,34.8,6.2,27.1,118.6,51.7,30.6,15-10-2024,19-01-2025,96,0.8
IND02676,West Bengal,Alluvial,Wheat,13.4,7.6,34.5,85.2,52.1,21.4,06-05-2024,26-08-2024,112,0.79
IND02677,Andhra Pradesh,Red,Millet,36.7,6.5,34.8,82.8,70.9,9.3,12-06-2024,05-10-2024,115,0.67
IND02678,Kerala,Laterite,Groundnut,23.6,6.5,26,183.1,73.6,22.1,01-01-2024,10-04-2024,100,0.62
IND02679,Odisha,Laterite,Rice,33.9,7.2,38,234.5,86,13.8,23-07-2024,17-11-2024,117,0.6
IND02680,Kerala,Laterite,Groundnut,34.1,7.2,21.6,35.5,89.3,5.7,02-04-2024,28-08-2024,148,0.77
IND02681,Rajasthan,Desert,Millet,16.5,7.8,23.8,147,79.7,34.7,17-05-2024,28-09-2024,134,0.39
IND02682,Odisha,Alluvial,Pulses,31.8,6.3,35.4,155.5,41.4,3.2,07-02-2024,20-06-2024,134,0.62
IND02683,Karnataka,Black,Cotton,13.1,7.2,34.9,284.5,52.9,11,14-11-2024,03-03-2025,109,0.38
IND02684,Uttar Pradesh,Alluvial,Rice,26.3,6.3,30.6,134,69.1,22.8,20-06-2024,21-11-2024,154,0.76
IND02685,Tamil Nadu,Red,Pulses,39.7,7.6,32.3,33.3,62.1,21,23-06-2024,22-09-2024,91,0.52
IND02686,Haryana,Alluvial,Pulses,44.2,6.3,36.6,184,74.9,16.5,09-04-2024,09-09-2024,153,0.48
IND02687,Uttar Pradesh,Alluvial,Maize,32.6,6.3,26.5,288.1,88.7,0,04-09-2024,29-12-2024,116,0.35
IND02688,Tamil Nadu,Red,Maize,41.4,7.8,24.7,31.4,48.7,20.1,20-07-2024,25-10-2024,97,0.44
IND02689,Andhra Pradesh,Red,Pulses,41.3,6.6,24.6,115.9,57.6,0,08-06-2024,13-11-2024,158,0.63
IND02690,Gujarat,Alluvial,Maize,42.7,6.2,31,106.9,41.9,32,24-08-2024,26-01-2025,155,0.58
IND02691,Kerala,Laterite,Groundnut,40.3,7.7,21.7,163.9,42.6,0.6,02-10-2024,31-12-2024,90,0.77
IND02692,Kerala,Laterite,Groundnut,37.5,7.1,25.1,89.8,61.6,5.4,09-02-2024,08-06-2024,120,0.4
IND02693,Tamil Nadu,Red,Pulses,34,6.7,33.7,272.6,46.3,9.6,04-08-2024,15-11-2024,103,0.68
IND02694,Kerala,Laterite,Groundnut,36.2,7.4,38.1,87.3,75.6,20.9,22-01-2024,19-04-2024,88,0.79
IND02695,Andhra Pradesh,Black,Cotton,36.6,6.7,35.8,274.3,75.2,11.8,24-03-2024,20-08-2024,149,0.41
IND02696,Gujarat,Alluvial,Sugarcane,36.3,6.8,21.6,143.8,61.5,13.7,12-06-2024,07-09-2024,87,0.41
IND02697,Punjab,Alluvial,Sugarcane,27,6.6,19.2,66,84.1,7.4,23-10-2024,09-02-2025,109,0.77
IND02698,Andhra Pradesh,Black,Wheat,29.6,7.6,23.8,33.8,87.9,32.1,20-07-2024,26-11-2024,129,0.82
IND02699,Telangana,Black,Sugarcane,35.6,6.4,30.1,206.3,58.2,9.5,24-05-2024,26-08-2024,94,0.66
IND02700,Kerala,Laterite,Groundnut,24,7.1,33.4,166.6,62.3,18.8,02-09-2024,01-12-2024,90,0.56
IND02701,Andhra Pradesh,Black,Sugarcane,19.2,7,36.6,39.8,50.5,17.7,15-08-2024,09-12-2024,116,0.76
IND02702,West Bengal,Alluvial,Maize,42.2,7.7,38.2,100.8,44.1,0,11-04-2024,08-08-2024,119,0.51
IND02703,Karnataka,Black,Sugarcane,34.7,7.2,36.8,226.5,58.2,15.8,18-12-2024,06-05-2025,139,0.51
IND02704,West Bengal,Laterite,Rice,29.1,7.7,25.8,48.1,63.7,20.1,12-09-2024,14-01-2025,124,0.77
IND02705,Bihar,Alluvial,Rice,33.8,6.2,33.2,28.4,41.2,24.7,17-06-2024,02-10-2024,107,0.55
IND02706,West Bengal,Laterite,Groundnut,17.1,7.7,24.9,134.6,47.8,37,19-01-2024,08-06-2024,141,0.69
IND02707,West Bengal,Laterite,Rice,38.1,7.6,24.7,297.1,52.1,0,08-05-2024,25-08-2024,109,0.84
IND02708,Andhra Pradesh,Black,Wheat,27.9,7.1,28,276.3,58.6,9.7,16-04-2024,11-08-2024,117,0.56
IND02709,Rajasthan,Alluvial,Rice,42.5,6.6,32.4,20.8,40.2,24,22-03-2024,25-08-2024,156,0.47
IND02710,Andhra Pradesh,Black,Wheat,31.8,6.1,34.3,136,58.9,24.6,22-10-2024,13-03-2025,142,0.65
IND02711,Punjab,Alluvial,Pulses,23.2,7.4,31.7,66.9,81.9,28.1,05-04-2024,15-08-2024,132,0.8
IND02712,Telangana,Red,Millet,21,6,37.9,104,82.9,43.2,21-05-2024,24-08-2024,95,0.85
IND02713,Rajasthan,Alluvial,Wheat,31.2,7.7,32.7,176.2,75.1,10.6,20-11-2024,09-04-2025,140,0.59
IND02714,Tamil Nadu,Black,Sugarcane,20.2,6.5,39.7,53.3,67.7,30.7,01-02-2024,21-06-2024,141,0.37
IND02715,Haryana,Alluvial,Maize,31.9,7.5,27.2,83.3,49.5,32.8,22-06-2024,27-10-2024,127,0.87
IND02716,Karnataka,Laterite,Rice,29.7,7.1,18.1,33.3,75.5,17.7,17-08-2024,05-12-2024,110,0.52
IND02717,Punjab,Alluvial,Maize,38.3,6.7,24.3,186.3,87.5,25.8,13-02-2024,04-07-2024,142,0.9
IND02718,West Bengal,Alluvial,Pulses,20,6.6,21.9,233.4,43.9,4.5,13-04-2024,20-08-2024,129,0.62
IND02719,Gujarat,Black,Sugarcane,36.5,7.6,23.1,90,60.6,35.9,08-01-2024,02-06-2024,146,0.85
IND02720,Telangana,Red,Pulses,12.3,7.2,30.1,263.6,47,8.5,07-04-2024,12-09-2024,158,0.56
IND02721,Andhra Pradesh,Red,Maize,39.1,7.8,27.2,30,53.2,14.5,25-01-2024,23-05-2024,119,0.59
IND02722,Punjab,Alluvial,Rice,33,6.2,34.2,109.8,43.4,32.6,15-01-2024,16-05-2024,122,0.52
IND02723,Maharashtra,Red,Millet,32,6.5,31,64.8,71.4,11.4,24-11-2024,23-03-2025,119,0.72
IND02724,Gujarat,Black,Wheat,39.9,7.4,38.3,288.3,59.6,16.7,22-01-2024,27-06-2024,157,0.76
IND02725,Kerala,Laterite,Groundnut,28.7,7,36.7,200.1,71.9,2.4,08-04-2024,24-07-2024,107,0.7
IND02726,West Bengal,Laterite,Groundnut,31.4,7.8,20.5,117.5,68.1,25.5,10-09-2024,28-12-2024,109,0.84
IND02727,Punjab,Alluvial,Pulses,28,7,32.2,47.3,63.1,23.5,15-04-2024,16-07-2024,92,0.5
IND02728,Tamil Nadu,Laterite,Groundnut,22.5,7.2,34.2,37.6,50.7,47.1,05-09-2024,27-01-2025,144,0.81
IND02729,Uttar Pradesh,Alluvial,Maize,20.4,7.4,30.4,254.6,47.7,0,15-04-2024,13-09-2024,151,0.38
IND02730,Punjab,Alluvial,Sugarcane,27.3,7.6,21.1,31.9,43.4,18.7,18-04-2024,28-07-2024,101,0.85
IND02731,Gujarat,Alluvial,Pulses,34.2,6.9,27.8,238.3,79.7,20.2,07-03-2024,12-06-2024,97,0.73
IND02732,Karnataka,Black,Sugarcane,15.9,6.9,29.1,148.4,55.1,37,15-02-2024,22-06-2024,128,0.49
IND02733,Bihar,Alluvial,Rice,14.9,7.4,34.3,94.2,76.7,22.6,04-08-2024,01-11-2024,89,0.86
IND02734,Madhya Pradesh,Black,Sugarcane,20.7,7.5,29.4,86.4,60.6,36.8,12-12-2024,25-03-2025,103,0.78
IND02735,Tamil Nadu,Laterite,Rice,17,6.4,35.4,244.3,40.1,9.5,10-02-2024,14-07-2024,155,0.38
IND02736,Kerala,Laterite,Rice,12,7,25.2,102.7,62.4,22.2,21-07-2024,17-12-2024,149,0.74
IND02737,Gujarat,Alluvial,Sugarcane,36.7,7.7,31.9,283.2,80.8,1.7,24-01-2024,12-05-2024,109,0.46
IND02738,Madhya Pradesh,Red,Groundnut,20.3,7.2,27.9,93.9,87.6,38.8,19-06-2024,14-10-2024,117,0.87
IND02739,West Bengal,Alluvial,Rice,13.5,6.1,34.3,51.4,65.8,42.9,15-06-2024,17-11-2024,155,0.36
IND02740,Bihar,Alluvial,Sugarcane,34.9,7.3,27.3,247.7,66.4,9.7,01-06-2024,01-11-2024,153,0.48
IND02741,West Bengal,Laterite,Rice,43.3,7,36.1,53.1,68.1,9.6,07-04-2024,13-08-2024,128,0.8
IND02742,Madhya Pradesh,Black,Cotton,16.5,6.4,34,286.3,89.5,0,02-07-2024,14-11-2024,135,0.76
IND02743,Tamil Nadu,Laterite,Groundnut,37.9,6.3,20.1,174.5,88.3,27.4,22-01-2024,28-06-2024,158,0.85
IND02744,West Bengal,Laterite,Rice,38,6.5,21.6,267.2,88.6,7.6,14-03-2024,22-06-2024,100,0.76
IND02745,Maharashtra,Black,Wheat,22.5,6.3,27.7,67.3,52,28.9,20-05-2024,17-08-2024,89,0.54
IND02746,Bihar,Alluvial,Wheat,32.8,7.1,21.4,86.4,51,4.7,06-05-2024,05-10-2024,152,0.68
IND02747,Maharashtra,Black,Wheat,38.8,7.1,36.8,98.1,75.1,17.1,03-04-2024,09-09-2024,159,0.61
IND02748,Tamil Nadu,Red,Millet,37.8,6.3,19.4,150.8,75.3,19.1,20-08-2024,16-12-2024,118,0.57
IND02749,Odisha,Laterite,Rice,33,7.8,36.6,24.4,54.3,26.9,16-03-2024,12-07-2024,118,0.79
IND02750,Haryana,Alluvial,Wheat,23.5,7.7,31.5,273.4,43,3.9,09-02-2024,02-07-2024,144,0.65
IND02751,Gujarat,Alluvial,Sugarcane,18.6,6.7,32.1,283.4,51.6,12.2,16-05-2024,29-08-2024,105,0.64
IND02752,Bihar,Alluvial,Pulses,38.8,6.8,25.7,93.5,76.7,35.4,22-03-2024,26-07-2024,126,0.4
IND02753,Uttar Pradesh,Alluvial,Maize,33.6,6.8,34.7,190.7,70.5,29.1,08-12-2024,28-03-2025,110,0.38
IND02754,Bihar,Alluvial,Wheat,15.6,7.4,25.8,78.2,45.6,23.3,25-02-2024,27-06-2024,123,0.86
IND02755,Gujarat,Alluvial,Sugarcane,13,7.1,37.4,111.9,86,20.5,21-10-2024,12-02-2025,114,0.87
IND02756,Madhya Pradesh,Black,Wheat,23,6.3,39.5,281.3,51.8,4.6,11-03-2024,19-06-2024,100,0.4
IND02757,Bihar,Alluvial,Maize,26,6.2,35.5,122.3,50.5,35.3,21-11-2024,21-04-2025,151,0.59
IND02758,Haryana,Alluvial,Pulses,26.7,6.7,37.9,159.8,83.6,15.2,08-07-2024,11-11-2024,126,0.7
IND02759,Kerala,Laterite,Rice,42.6,6.2,25.9,133.4,45.7,31,25-10-2024,19-02-2025,117,0.54
IND02760,Punjab,Alluvial,Maize,35.6,6.1,34.7,175.6,42.3,25,21-01-2024,15-04-2024,85,0.48
IND02761,Haryana,Alluvial,Rice,35.1,6.9,39.3,44.4,40.9,33.7,23-05-2024,22-10-2024,152,0.58
IND02762,Kerala,Laterite,Groundnut,14.6,6.1,34.7,98.8,66,29.4,23-12-2024,18-05-2025,146,0.83
IND02763,Bihar,Alluvial,Maize,31,6.8,27.4,157.9,49.2,9,10-10-2024,18-01-2025,100,0.77
IND02764,Rajasthan,Desert,Millet,17.8,6.5,29.4,166.1,67.6,28.4,05-02-2024,02-05-2024,87,0.68
IND02765,Gujarat,Black,Sugarcane,13.6,6.6,33.5,254.6,83.8,0,05-11-2024,01-02-2025,88,0.58
IND02766,West Bengal,Laterite,Groundnut,13.8,6.2,21.1,274,52.2,24.7,01-12-2024,25-04-2025,145,0.82
IND02767,Uttar Pradesh,Alluvial,Rice,32.3,7.6,25.5,122.1,62.7,6.4,22-11-2024,19-03-2025,117,0.89
IND02768,Gujarat,Alluvial,Maize,43.5,6.1,25.2,217.6,84.9,12.6,10-10-2024,03-03-2025,144,0.58
IND02769,Uttar Pradesh,Alluvial,Rice,30.4,6.9,35,112,82.6,17.3,01-02-2024,16-06-2024,136,0.6
IND02770,Telangana,Black,Cotton,36.9,6.2,34.6,105.5,46.4,34.5,08-01-2024,15-06-2024,159,0.87
IND02771,Uttar Pradesh,Alluvial,Sugarcane,42.5,7.8,36,97.9,80.8,3.9,21-10-2024,07-03-2025,137,0.7
IND02772,Bihar,Alluvial,Wheat,27.3,7.4,34.2,111,47.3,29.3,24-08-2024,18-11-2024,86,0.4
IND02773,Gujarat,Alluvial,Pulses,37.6,6.2,27.2,155,54,10.2,25-01-2024,24-04-2024,90,0.54
IND02774,Andhra Pradesh,Red,Pulses,21.2,6.6,38.6,283.9,85.8,27.3,11-08-2024,25-12-2024,136,0.77
IND02775,Haryana,Alluvial,Maize,21.3,7.1,27.1,143.1,68,14.7,21-02-2024,19-05-2024,88,0.46
IND02776,Karnataka,Black,Cotton,21.4,7.3,38.8,257.5,41.2,29.1,21-03-2024,24-07-2024,125,0.81
IND02777,Haryana,Alluvial,Sugarcane,23.3,6.1,21.6,84,48.5,28.7,05-05-2024,12-10-2024,160,0.61
IND02778,Madhya Pradesh,Red,Pulses,44.9,7.7,21.6,245,85.4,0,12-01-2024,03-06-2024,143,0.68
IND02779,Madhya Pradesh,Red,Millet,12.1,6.7,37.6,187.8,88,31.6,03-02-2024,17-06-2024,135,0.56
IND02780,Bihar,Alluvial,Sugarcane,37.3,7.5,39.2,70.6,50.3,15.5,04-02-2024,13-07-2024,160,0.8
IND02781,Tamil Nadu,Laterite,Groundnut,35.2,6.9,35.2,243.6,59.7,11.1,01-09-2024,29-01-2025,150,0.5
IND02782,Haryana,Alluvial,Wheat,12.1,6.5,20.4,186.3,51.2,7.5,08-02-2024,07-06-2024,120,0.48
IND02783,Maharashtra,Black,Sugarcane,39.1,6.3,28,40.3,84.2,40.8,19-07-2024,04-11-2024,108,0.44
IND02784,Bihar,Alluvial,Wheat,19.6,7.8,24.1,106.3,67.4,9.8,11-01-2024,07-04-2024,87,0.36
IND02785,Karnataka,Laterite,Groundnut,32.1,7.1,34,51.4,65.2,16.9,18-03-2024,07-07-2024,111,0.64
IND02786,Tamil Nadu,Laterite,Groundnut,25.3,7.2,22.2,175.6,75.6,25.9,19-07-2024,10-12-2024,144,0.45
IND02787,Madhya Pradesh,Black,Cotton,44,7.6,19.8,195,69.2,17,20-10-2024,18-02-2025,121,0.54
IND02788,Karnataka,Laterite,Rice,14.9,6.2,26.6,22.9,77.7,29.7,24-02-2024,02-07-2024,129,0.56
IND02789,Karnataka,Laterite,Rice,22.4,6.1,19.3,229.9,88,0,22-02-2024,17-05-2024,85,0.63
IND02790,Madhya Pradesh,Red,Groundnut,23.9,6.5,34.9,152.6,62.8,6.7,19-09-2024,23-02-2025,157,0.83
IND02791,Uttar Pradesh,Alluvial,Maize,15.6,6.7,37.8,67.7,75.2,42.2,03-11-2024,08-02-2025,97,0.83
IND02792,Maharashtra,Laterite,Groundnut,31.6,6.7,20.2,280.5,89.3,0,09-04-2024,07-08-2024,120,0.43
IND02793,Andhra Pradesh,Black,Sugarcane,19,6.1,38.9,299.3,67.2,26.5,08-11-2024,13-03-2025,125,0.41
IND02794,Madhya Pradesh,Red,Groundnut,44.4,6.6,25.5,175.6,82.6,0,25-08-2024,14-12-2024,111,0.37
IND02795,Andhra Pradesh,Red,Groundnut,33.6,7.3,34,86.8,65.9,37.8,04-01-2024,29-05-2024,146,0.36
IND02796,Karnataka,Red,Millet,24.6,7.5,38.9,109.2,82.2,11,07-09-2024,27-12-2024,111,0.76
IND02797,West Bengal,Laterite,Rice,23.2,6.9,26.2,21.4,49.3,36.4,20-02-2024,03-06-2024,104,0.73
IND02798,Maharashtra,Black,Wheat,27.8,7.7,32.2,89.6,74.7,41.4,05-08-2024,23-11-2024,110,0.72
IND02799,Odisha,Alluvial,Wheat,27.6,7.1,39.1,202.2,78.6,0,13-05-2024,15-10-2024,155,0.42
IND02800,Telangana,Red,Millet,39.3,6,35.8,268.5,54.3,0,07-03-2024,21-06-2024,106,0.65
IND02801,Gujarat,Black,Cotton,34.2,7.2,26.6,270.8,86.9,22,19-04-2024,18-09-2024,152,0.88
IND02802,Andhra Pradesh,Black,Wheat,23.4,7.6,26.9,299.2,51.7,3.9,16-08-2024,10-11-2024,86,0.7
IND02803,Rajasthan,Alluvial,Rice,43,6.2,18.7,76,66.8,18.6,17-03-2024,14-08-2024,150,0.49
IND02804,Madhya Pradesh,Red,Millet,13.3,7.4,25.7,210.7,61.6,4,01-10-2024,09-02-2025,131,0.37
IND02805,Kerala,Laterite,Rice,25.3,7,38.3,246.3,51.8,6.9,17-05-2024,13-10-2024,149,0.51
IND02806,West Bengal,Laterite,Rice,41.8,7.3,20.6,205.8,46,16.6,17-06-2024,09-10-2024,114,0.83
IND02807,Madhya Pradesh,Black,Wheat,29.6,7.2,38.7,63,42.4,37.4,14-09-2024,31-01-2025,139,0.42
IND02808,Andhra Pradesh,Red,Pulses,12.8,6.2,36.6,56.2,47.2,20.2,25-04-2024,13-08-2024,110,0.43
IND02809,West Bengal,Alluvial,Wheat,36.1,6.5,26.9,297.5,61.8,9.1,03-08-2024,29-12-2024,148,0.74
IND02810,Bihar,Alluvial,Rice,29.8,6,19.9,264.1,86.5,21.4,13-02-2024,16-07-2024,154,0.67
IND02811,West Bengal,Alluvial,Sugarcane,35.4,6.6,26.6,168.7,81.2,0,21-03-2024,19-06-2024,90,0.37
IND02812,Gujarat,Black,Cotton,34.4,6.3,35.3,48.7,68.9,26.8,03-11-2024,25-02-2025,114,0.87
IND02813,West Bengal,Laterite,Groundnut,30.2,7.6,19.2,182.8,78.1,17.7,04-08-2024,19-11-2024,107,0.69
IND02814,Kerala,Laterite,Rice,30.6,7,23,148.9,68.9,0,19-08-2024,13-11-2024,86,0.71
IND02815,Haryana,Alluvial,Wheat,16.1,7.3,34.3,27.4,85.9,37.6,03-10-2024,04-02-2025,124,0.56
IND02816,Odisha,Alluvial,Sugarcane,33.8,6.7,38.4,144.7,72,0,11-04-2024,21-07-2024,101,0.75
IND02817,Bihar,Alluvial,Pulses,30.2,6.6,20.5,190.5,74.4,22.3,12-06-2024,08-11-2024,149,0.72
IND02818,Odisha,Alluvial,Pulses,43.9,6.9,21.6,177.1,41.2,16.4,10-09-2024,08-12-2024,89,0.88
IND02819,Gujarat,Black,Wheat,25.9,6.2,34.3,292.5,55.8,14,11-01-2024,01-06-2024,142,0.75
IND02820,Haryana,Alluvial,Pulses,22.4,7.4,25.9,141.6,73.8,8.8,22-08-2024,24-01-2025,155,0.81
IND02821,Madhya Pradesh,Black,Wheat,17,7.6,32.1,69.8,83.5,34.3,05-04-2024,11-09-2024,159,0.52
IND02822,Maharashtra,Laterite,Groundnut,18.4,6.6,29.1,216.6,60.7,18.6,10-06-2024,28-09-2024,110,0.83
IND02823,Kerala,Laterite,Groundnut,32.7,6.5,33.2,229.4,50.4,20.9,18-11-2024,09-03-2025,111,0.69
IND02824,Madhya Pradesh,Black,Wheat,26.1,7.7,20.8,125.3,49.9,4.5,05-06-2024,31-08-2024,87,0.5
IND02825,West Bengal,Laterite,Rice,28.7,7.2,30.9,295.6,80.4,23,06-11-2024,30-01-2025,85,0.53
IND02826,Haryana,Alluvial,Sugarcane,24.7,6.3,25.7,280.8,54.2,0,01-11-2024,19-03-2025,138,0.66
IND02827,Madhya Pradesh,Black,Wheat,42.9,7.7,39.1,107.4,46.8,17,03-11-2024,26-02-2025,115,0.56
IND02828,Maharashtra,Laterite,Rice,40.2,6.6,27,125.2,41.4,23,03-11-2024,07-03-2025,124,0.72
IND02829,Rajasthan,Desert,Millet,25.2,6.5,19.9,37.7,76.8,23.6,11-06-2024,25-09-2024,106,0.58
IND02830,Kerala,Laterite,Groundnut,23.3,6.9,29.8,202.1,74,13.4,03-02-2024,28-04-2024,85,0.59
IND02831,Gujarat,Alluvial,Wheat,25.4,6.8,29,178.4,88.3,0,18-08-2024,04-12-2024,108,0.67
IND02832,Kerala,Laterite,Groundnut,35.3,7.2,33,188.4,42.1,28,06-12-2024,26-04-2025,141,0.82
IND02833,Karnataka,Black,Wheat,16.7,6.5,19.1,103.2,49.1,35.7,20-11-2024,31-03-2025,131,0.49
IND02834,Karnataka,Black,Cotton,31.9,7.2,31.4,175.1,81.3,29,07-07-2024,06-10-2024,91,0.51
IND02835,Karnataka,Red,Millet,27.5,6.5,30.5,70.3,49.1,18.9,02-09-2024,29-01-2025,149,0.54
IND02836,Bihar,Alluvial,Maize,25.6,7,28.9,120,67.8,33.1,21-01-2024,20-06-2024,151,0.54
IND02837,Tamil Nadu,Black,Cotton,42.7,7.1,38.8,24.4,85.7,31.4,13-10-2024,26-02-2025,136,0.63
IND02838,Karnataka,Black,Wheat,36.2,7,29.7,82.5,57.9,31,06-08-2024,07-12-2024,123,0.68
IND02839,Uttar Pradesh,Alluvial,Rice,21.9,6.4,29.4,114.2,69.5,12,11-10-2024,20-01-2025,101,0.73
IND02840,Andhra Pradesh,Red,Pulses,31.1,6.6,20.6,32.5,44.5,28.7,12-03-2024,05-06-2024,85,0.72
IND02841,Gujarat,Alluvial,Maize,22.5,7.3,19.9,34.2,42.7,43.1,22-02-2024,17-07-2024,146,0.37
IND02842,Rajasthan,Alluvial,Wheat,15.1,7.6,25.4,35.3,49.4,34.8,18-10-2024,26-03-2025,159,0.46
IND02843,Madhya Pradesh,Black,Cotton,27,6.4,25.1,187,61,1,09-12-2024,09-03-2025,90,0.7
IND02844,Maharashtra,Black,Cotton,38.3,6.3,34.3,52.6,57,22.1,09-10-2024,20-01-2025,103,0.56
IND02845,Madhya Pradesh,Black,Sugarcane,33.1,6.3,34.3,238.1,40.4,24.7,14-12-2024,25-04-2025,132,0.74
IND02846,Kerala,Laterite,Groundnut,12.9,7,22.3,145.5,43.8,33.1,17-09-2024,24-01-2025,129,0.35
IND02847,Haryana,Alluvial,Pulses,45,6.2,18.4,284.8,83.2,14.5,23-08-2024,15-12-2024,114,0.85
IND02848,Punjab,Alluvial,Wheat,36.5,6.4,29.8,264.8,42.5,0,23-11-2024,25-03-2025,122,0.79
IND02849,Haryana,Alluvial,Pulses,35.3,7,39.9,112.8,69.5,0,23-08-2024,05-12-2024,104,0.59
IND02850,Madhya Pradesh,Red,Millet,37.4,7,26.1,127.8,74.4,9.2,19-08-2024,20-11-2024,93,0.7
IND02851,Andhra Pradesh,Black,Wheat,13.6,7.4,37.7,152.9,69.6,32.1,13-04-2024,18-08-2024,127,0.66
IND02852,Haryana,Alluvial,Maize,14.2,7.8,27.2,234.5,59.9,13.2,06-01-2024,03-04-2024,88,0.82
IND02853,Telangana,Red,Pulses,19,7.5,28.8,120.3,74.2,25.6,09-03-2024,16-07-2024,129,0.53
IND02854,Tamil Nadu,Red,Millet,27.7,6.4,25.1,159.5,87.7,31.9,04-11-2024,19-02-2025,107,0.46
IND02855,Punjab,Alluvial,Sugarcane,40.7,7.6,22,203.2,49.1,3.7,19-04-2024,09-09-2024,143,0.7
IND02856,Gujarat,Black,Sugarcane,26.6,7.6,21.1,205.1,75.6,0,12-08-2024,13-01-2025,154,0.79
IND02857,Bihar,Alluvial,Pulses,19.4,7.7,33.5,184.8,81.7,29.9,01-07-2024,28-10-2024,119,0.55
IND02858,Punjab,Alluvial,Pulses,41.1,6.7,28.6,97.6,74.5,25,14-09-2024,14-01-2025,122,0.89
IND02859,Punjab,Alluvial,Wheat,40.9,6.1,31.8,252,54.8,0,03-06-2024,30-08-2024,88,0.52
IND02860,Maharashtra,Red,Pulses,41,6.1,28.9,283.2,44.9,13.3,20-04-2024,16-08-2024,118,0.75
IND02861,Tamil Nadu,Red,Groundnut,34.4,7.7,28.3,101.9,76.8,35.2,02-02-2024,26-05-2024,114,0.84
IND02862,Gujarat,Alluvial,Pulses,27,7.7,22.2,207.6,77.5,11.9,01-03-2024,24-06-2024,115,0.57
IND02863,Punjab,Alluvial,Wheat,37.4,7.1,36.2,263.6,70.7,0,13-07-2024,26-10-2024,105,0.87
IND02864,Gujarat,Alluvial,Pulses,20.7,6.1,28.8,232.3,66.2,0.9,20-06-2024,08-11-2024,141,0.82
IND02865,Haryana,Alluvial,Pulses,18.7,6.1,20,243.7,80.8,12.9,13-07-2024,04-11-2024,114,0.36
IND02866,Karnataka,Black,Wheat,14.1,7.2,18.6,206,68.8,2.7,11-03-2024,31-07-2024,142,0.66
IND02867,Tamil Nadu,Black,Cotton,41.1,6.7,38.6,275,43.7,4,19-09-2024,17-12-2024,89,0.51
IND02868,Tamil Nadu,Laterite,Rice,37.5,7.1,30.9,50.9,64.6,8.2,18-07-2024,13-10-2024,87,0.81
IND02869,Rajasthan,Alluvial,Wheat,18.1,6.5,35.2,166.2,51.4,30.6,01-09-2024,12-01-2025,133,0.48
IND02870,Haryana,Alluvial,Sugarcane,13.8,6.5,25.9,116.9,40.8,17.1,10-08-2024,10-11-2024,92,0.85
IND02871,Rajasthan,Desert,Millet,38.7,6.5,35.2,133.7,42.9,2.9,21-06-2024,23-11-2024,155,0.49
IND02872,Andhra Pradesh,Black,Sugarcane,24.6,6.2,18.9,53.9,76.6,29.6,06-02-2024,11-06-2024,126,0.64
IND02873,Gujarat,Black,Wheat,29.6,6.4,31.4,231.7,64.2,9.4,01-08-2024,21-11-2024,112,0.81
IND02874,Madhya Pradesh,Red,Maize,32,7.4,31.2,261.9,52.6,0,25-09-2024,04-02-2025,132,0.53
IND02875,Punjab,Alluvial,Sugarcane,32.6,7.3,22.4,55.5,80.4,35.1,05-09-2024,25-01-2025,142,0.43
IND02876,Tamil Nadu,Black,Sugarcane,12.5,6.3,38.8,145.6,41.2,12.7,03-03-2024,06-07-2024,125,0.68
IND02877,Rajasthan,Alluvial,Maize,29.5,6.3,18.2,146.8,71.4,15.2,23-03-2024,17-07-2024,116,0.58
IND02878,Madhya Pradesh,Red,Maize,30.8,7.8,25.5,169.2,41.3,26.9,19-12-2024,20-03-2025,91,0.5
IND02879,West Bengal,Laterite,Rice,44.2,6.6,29.6,50.4,44.4,11.2,21-02-2024,22-07-2024,152,0.46
IND02880,Bihar,Alluvial,Pulses,31.1,6.2,22,136,73.6,9.3,08-02-2024,25-06-2024,138,0.83
IND02881,Tamil Nadu,Laterite,Groundnut,36.2,6.1,22.9,105.7,63.3,31,12-06-2024,03-11-2024,144,0.71
IND02882,Odisha,Alluvial,Maize,34.7,6.1,20,288.7,70.6,9.4,07-07-2024,22-10-2024,107,0.77
IND02883,Uttar Pradesh,Alluvial,Sugarcane,28.8,6.4,33.5,66.5,81.8,5.6,13-06-2024,26-10-2024,135,0.88
IND02884,Telangana,Black,Cotton,13.7,6,20.1,175.4,50.5,34.8,19-11-2024,14-03-2025,115,0.68
IND02885,Telangana,Red,Groundnut,23.2,6.8,37.9,170.5,44.4,21.1,03-04-2024,22-07-2024,110,0.89
IND02886,Rajasthan,Alluvial,Pulses,16.6,6.7,21.4,249.8,82.8,12.3,18-08-2024,28-11-2024,102,0.82
IND02887,Telangana,Black,Sugarcane,19.3,6.4,32.9,265.6,60.4,23.4,06-07-2024,29-10-2024,115,0.64
IND02888,Gujarat,Alluvial,Maize,15.1,6.3,19.8,200.1,41.3,15.8,11-06-2024,13-10-2024,124,0.8
IND02889,West Bengal,Laterite,Groundnut,44.7,6.4,30.2,135.1,42.9,26.8,19-10-2024,22-01-2025,95,0.82
IND02890,Rajasthan,Alluvial,Wheat,25.3,6.1,23.9,195.1,40.6,23.4,15-09-2024,21-01-2025,128,0.51
IND02891,West Bengal,Alluvial,Wheat,37.6,7.7,32.2,101.2,82.2,4.4,04-06-2024,02-09-2024,90,0.82
IND02892,Telangana,Black,Wheat,33.1,7.2,26,40.8,66.2,27.4,10-02-2024,21-06-2024,132,0.7
IND02893,Odisha,Alluvial,Maize,32.8,6.2,30.9,280.7,61.5,0,14-12-2024,10-03-2025,86,0.86
IND02894,Telangana,Red,Maize,31.9,7.6,32.9,40.6,45.9,8.2,14-10-2024,30-01-2025,108,0.89
IND02895,Gujarat,Black,Wheat,25.7,6.9,23.9,226.9,58.2,28.7,25-08-2024,01-01-2025,129,0.82
IND02896,Kerala,Laterite,Rice,27.8,7.2,24.9,271.7,42.5,0,24-11-2024,17-04-2025,144,0.71
IND02897,Haryana,Alluvial,Maize,40.9,6.5,32.9,78.8,80.6,15.2,12-12-2024,02-04-2025,111,0.75
IND02898,Odisha,Alluvial,Rice,13.8,6.6,29.1,48.3,44.4,21.2,03-10-2024,12-03-2025,160,0.52
IND02899,Bihar,Alluvial,Pulses,42.4,6.3,26.2,269.5,75.9,5.9,13-12-2024,19-04-2025,127,0.64
IND02900,Kerala,Laterite,Rice,21,6.8,36.4,242,64.7,21.9,06-12-2024,19-03-2025,103,0.46
IND02901,Punjab,Alluvial,Rice,33.1,7,29.7,282.8,54.1,13.5,06-05-2024,11-10-2024,158,0.75
IND02902,Uttar Pradesh,Alluvial,Maize,37,6.5,38.3,29.1,49.8,12.9,06-11-2024,24-03-2025,138,0.41
IND02903,Kerala,Laterite,Groundnut,19.1,7.1,38,32.3,64.1,38.4,25-04-2024,01-09-2024,129,0.5
IND02904,Maharashtra,Red,Millet,12.2,6.1,21.3,281.9,89.5,0,22-05-2024,21-10-2024,152,0.79
IND02905,Maharashtra,Laterite,Groundnut,21.1,6.3,33.2,145.9,66.3,34.5,09-06-2024,10-11-2024,154,0.64
IND02906,Tamil Nadu,Red,Groundnut,24.5,7.7,30.3,247,88.3,14.3,01-07-2024,25-10-2024,116,0.6
IND02907,Karnataka,Red,Millet,37.1,6.5,29.3,280.5,87.7,3.3,15-09-2024,17-01-2025,124,0.57
IND02908,Telangana,Red,Groundnut,42,6.9,20,117.9,78.1,19.4,03-04-2024,01-08-2024,120,0.77
IND02909,Kerala,Laterite,Rice,14.8,7,28,111.2,81.1,15.6,25-04-2024,19-09-2024,147,0.55
IND02910,Madhya Pradesh,Red,Pulses,39.5,6.6,34.9,131.8,89.8,30.9,24-04-2024,23-07-2024,90,0.68
IND02911,Andhra Pradesh,Red,Millet,33.8,7.4,37.9,181.4,45.8,7.3,09-07-2024,02-12-2024,146,0.46
IND02912,Maharashtra,Black,Sugarcane,12.4,7.5,36.9,286.9,44.7,16.9,02-03-2024,09-07-2024,129,0.43
IND02913,West Bengal,Alluvial,Wheat,17.3,6.7,20.8,49.6,48.4,29.8,15-07-2024,10-10-2024,87,0.85
IND02914,Uttar Pradesh,Alluvial,Pulses,27.6,7.3,19.2,128.3,45,17.3,03-09-2024,20-01-2025,139,0.42
IND02915,Bihar,Alluvial,Pulses,37.6,7.6,23,25.3,79.1,6.6,17-08-2024,16-11-2024,91,0.74
IND02916,Gujarat,Alluvial,Rice,20.1,7.4,28.2,256.5,56.4,0,09-04-2024,26-07-2024,108,0.62
IND02917,Odisha,Alluvial,Pulses,41.7,6.6,34.3,159.4,73.2,30.2,24-10-2024,19-01-2025,87,0.85
IND02918,Karnataka,Laterite,Rice,19.1,7.8,33.3,159.3,86.5,10.5,05-04-2024,31-07-2024,117,0.36
IND02919,Gujarat,Black,Wheat,23.8,7.6,22.6,114.3,60.3,37.8,06-06-2024,15-09-2024,101,0.84
IND02920,Haryana,Alluvial,Maize,21,7.5,29,88.4,86.4,17.5,03-12-2024,02-04-2025,120,0.81
IND02921,Gujarat,Alluvial,Maize,17.3,6.5,18.9,217.5,79.6,31.7,02-01-2024,11-04-2024,100,0.46
IND02922,Maharashtra,Laterite,Rice,21.1,7.7,18.6,151.5,44.6,24.1,11-02-2024,28-05-2024,107,0.46
IND02923,Haryana,Alluvial,Rice,13.9,7.2,22.4,237.4,86.2,0,03-11-2024,27-01-2025,85,0.77
IND02924,Gujarat,Alluvial,Maize,12.2,6.2,20.5,23,67.3,17,25-08-2024,19-12-2024,116,0.37
IND02925,Gujarat,Black,Sugarcane,22.3,7.2,29,181,42.9,33.7,15-07-2024,19-11-2024,127,0.35
IND02926,Haryana,Alluvial,Rice,44,6.8,37.2,178.9,61.3,11.5,17-04-2024,21-07-2024,95,0.52
IND02927,West Bengal,Alluvial,Pulses,31.3,6.3,38.6,151.1,47.4,0.3,19-08-2024,21-01-2025,155,0.43
IND02928,Odisha,Laterite,Rice,22.2,6.9,24.9,167,51.7,9.6,14-04-2024,08-08-2024,116,0.49
IND02929,Uttar Pradesh,Alluvial,Maize,25.9,7.7,27.3,190.8,75.1,29.3,18-06-2024,28-09-2024,102,0.89
IND02930,Uttar Pradesh,Alluvial,Wheat,44.9,6.1,35.5,176.9,89.8,19.3,03-12-2024,18-03-2025,105,0.42
IND02931,Gujarat,Black,Wheat,31.5,7.3,39.7,263.6,61.2,0,11-12-2024,06-03-2025,85,0.71
IND02932,Telangana,Black,Sugarcane,42,6.4,37.8,113.4,77.1,16,23-07-2024,28-11-2024,128,0.52
IND02933,Tamil Nadu,Red,Millet,17,6.8,38.7,178.8,70.8,1.4,09-09-2024,15-01-2025,128,0.76
IND02934,Odisha,Alluvial,Rice,14.8,6.8,36.4,188.5,87.1,7.4,14-02-2024,26-06-2024,133,0.45
IND02935,Tamil Nadu,Laterite,Rice,34.2,7.1,23,111.3,78.1,13.3,24-02-2024,02-07-2024,129,0.43
IND02936,Maharashtra,Black,Cotton,19.8,7.3,27.6,294.3,40.6,12,11-01-2024,15-04-2024,95,0.54
IND02937,Bihar,Alluvial,Wheat,16.5,7.6,22.6,239.5,68.3,10.2,13-07-2024,13-10-2024,92,0.69
IND02938,Tamil Nadu,Red,Groundnut,43.2,7.4,28.1,294.5,64.9,0,11-03-2024,15-06-2024,96,0.38
IND02939,Kerala,Laterite,Groundnut,31,6.2,19.7,246.7,43.4,0,21-03-2024,10-08-2024,142,0.83
IND02940,Karnataka,Black,Wheat,21.2,6.3,28.1,131.2,52.6,17.1,07-01-2024,12-04-2024,96,0.88
IND02941,Haryana,Alluvial,Rice,44.4,7,29.3,256.5,40.8,0,25-09-2024,25-01-2025,122,0.43
IND02942,Rajasthan,Alluvial,Wheat,12.3,6.5,19.4,207.6,56.8,0,17-01-2024,03-05-2024,107,0.44
IND02943,Maharashtra,Laterite,Groundnut,28.4,6.8,32.9,292.5,77.6,3.6,11-01-2024,26-05-2024,136,0.84
IND02944,Tamil Nadu,Black,Wheat,40,7.3,20.2,295.7,85.2,0,01-02-2024,07-07-2024,157,0.83
IND02945,West Bengal,Laterite,Rice,41.6,6.8,36.9,280.1,46.2,0,24-10-2024,16-03-2025,143,0.4
IND02946,Madhya Pradesh,Black,Sugarcane,36.2,7.6,20.5,259.3,47.5,0,07-06-2024,02-10-2024,117,0.79
IND02947,Andhra Pradesh,Black,Wheat,31.3,6.4,38.2,35.5,54.9,39.7,24-12-2024,26-03-2025,92,0.77
IND02948,Madhya Pradesh,Black,Sugarcane,19.1,7.7,34.6,192.5,42.8,15.7,07-05-2024,05-10-2024,151,0.78
IND02949,Haryana,Alluvial,Rice,40.8,6.7,36.1,162.1,70.6,12.8,04-11-2024,23-02-2025,111,0.66
IND02950,Kerala,Laterite,Groundnut,35.8,7,19.5,126.6,87.6,28.2,10-12-2024,27-03-2025,107,0.68
IND02951,Uttar Pradesh,Alluvial,Wheat,32.5,7.2,25.7,35.2,64.8,6.2,17-04-2024,02-08-2024,107,0.42
IND02952,Bihar,Alluvial,Pulses,15.9,6.9,28.1,49.9,64.2,34.8,01-12-2024,14-04-2025,134,0.88
IND02953,Bihar,Alluvial,Wheat,36.1,7,29.3,212.6,78.8,24.3,17-10-2024,25-02-2025,131,0.35
IND02954,Rajasthan,Desert,Millet,24.5,7.4,28.8,63.7,42.1,43.6,21-07-2024,26-12-2024,158,0.55
IND02955,Tamil Nadu,Red,Pulses,18.2,7,28.7,175,75.1,13.3,03-01-2024,06-04-2024,94,0.4
IND02956,Rajasthan,Alluvial,Pulses,17.6,7.1,21,20.1,49.3,42.4,23-02-2024,13-06-2024,111,0.62
IND02957,Haryana,Alluvial,Rice,33.8,6.6,32.6,34.4,78.8,12.3,11-02-2024,06-06-2024,116,0.88
IND02958,Bihar,Alluvial,Sugarcane,24,6.2,29.4,182.1,50.7,0,17-03-2024,12-07-2024,117,0.42
IND02959,Maharashtra,Black,Wheat,15.9,7.4,36.9,285.8,76.1,1.2,11-08-2024,23-12-2024,134,0.47
IND02960,Telangana,Red,Maize,35.3,7.4,37.5,247.8,46.3,23.6,22-07-2024,18-10-2024,88,0.79
IND02961,Odisha,Alluvial,Sugarcane,43.3,6.7,27.8,211.5,74.5,0,08-11-2024,18-02-2025,102,0.82
IND02962,Maharashtra,Black,Wheat,37.1,6.9,23.4,154.6,64.9,29.4,15-03-2024,27-06-2024,104,0.83
IND02963,Tamil Nadu,Red,Groundnut,24.8,7.6,21.1,246.3,51.1,30.1,15-04-2024,03-09-2024,141,0.38
IND02964,Telangana,Black,Wheat,38.9,6.1,25.1,54.5,77.1,9.8,25-09-2024,31-01-2025,128,0.75
IND02965,Tamil Nadu,Laterite,Rice,37.6,6.7,24.9,188.3,68.2,21.3,24-11-2024,29-03-2025,125,0.64
IND02966,Punjab,Alluvial,Wheat,14.1,6.8,38.5,109.9,60.8,13.5,09-08-2024,15-12-2024,128,0.43
IND02967,Karnataka,Laterite,Groundnut,22.3,6.3,19.1,90.4,74.2,30.6,02-01-2024,15-04-2024,104,0.85
IND02968,Odisha,Alluvial,Rice,29.7,6.1,35.6,269.3,73.4,22.7,02-12-2024,26-04-2025,145,0.67
IND02969,Karnataka,Black,Cotton,18.2,6.4,32.6,100.1,80.1,16.4,24-10-2024,01-02-2025,100,0.86
IND02970,Andhra Pradesh,Red,Maize,16.8,6.9,19.6,127.9,61.1,42.3,09-01-2024,22-04-2024,104,0.83
IND02971,Gujarat,Alluvial,Maize,25.9,6.5,36.3,276.7,76.2,8,25-12-2024,01-06-2025,158,0.63
IND02972,Karnataka,Red,Millet,37.9,7.6,38.3,218.7,54.7,20.8,18-11-2024,19-02-2025,93,0.54
IND02973,Haryana,Alluvial,Maize,22.5,7.6,26.6,264.4,78.1,29.4,18-12-2024,17-03-2025,89,0.76
IND02974,Rajasthan,Alluvial,Rice,20.9,6.7,20.5,214.8,89.6,4.2,18-06-2024,17-09-2024,91,0.59
IND02975,Haryana,Alluvial,Pulses,20.3,6.9,20.6,119,45.8,41.5,14-05-2024,25-08-2024,103,0.42
IND02976,West Bengal,Laterite,Rice,16.6,7.6,37.9,183.5,55.3,7.3,21-11-2024,12-04-2025,142,0.7
IND02977,Telangana,Black,Sugarcane,18.1,6.1,25.5,140.5,42.2,14.2,20-07-2024,09-11-2024,112,0.45
IND02978,Rajasthan,Alluvial,Pulses,36.9,6.1,39.3,237,52.4,0,22-08-2024,24-11-2024,94,0.85
IND02979,Punjab,Alluvial,Maize,15.2,7.6,35.4,109.1,60.9,32.7,07-06-2024,29-09-2024,114,0.55
IND02980,Kerala,Laterite,Rice,26.9,6.6,38.8,146,79.1,36.6,18-09-2024,17-01-2025,121,0.7
IND02981,West Bengal,Laterite,Groundnut,43.5,6.3,31.6,232.3,57.7,0,21-11-2024,17-03-2025,116,0.69
IND02982,Maharashtra,Black,Cotton,29,6.6,21.5,126.5,41.2,2.1,02-04-2024,12-07-2024,101,0.77
IND02983,Bihar,Alluvial,Maize,23.8,6.4,18.4,183.3,54.2,1.4,19-01-2024,18-05-2024,120,0.59
IND02984,Andhra Pradesh,Red,Groundnut,38.5,7.7,35.6,216.2,71.6,20.7,24-09-2024,25-12-2024,92,0.36
IND02985,Haryana,Alluvial,Rice,29.9,6.8,27.3,191.6,60.3,1.8,25-12-2024,31-03-2025,96,0.81
IND02986,West Bengal,Laterite,Rice,39,6.3,25.4,36.9,42.4,25,14-01-2024,26-04-2024,103,0.45
IND02987,West Bengal,Alluvial,Rice,23.1,7.5,19.7,152.2,77.5,3.5,11-02-2024,22-05-2024,101,0.49
IND02988,Bihar,Alluvial,Maize,16,6.5,34.7,218.8,47.7,32.5,14-03-2024,18-08-2024,157,0.45
IND02989,Odisha,Laterite,Groundnut,13.5,7.6,21.5,272.3,56.6,14.1,22-01-2024,21-05-2024,120,0.52
IND02990,Odisha,Alluvial,Wheat,25.9,6.5,28.2,165.2,67.9,4.8,02-03-2024,06-08-2024,157,0.66
IND02991,Gujarat,Black,Sugarcane,15.2,6.2,35.9,123.3,84.7,40.9,10-08-2024,06-01-2025,149,0.63
IND02992,Bihar,Alluvial,Sugarcane,20.3,6,31,193.7,59.2,2.5,01-04-2024,04-07-2024,94,0.66
IND02993,Odisha,Alluvial,Maize,36.4,7.2,31.9,219,80.6,21.7,24-08-2024,23-11-2024,91,0.85
IND02994,Madhya Pradesh,Red,Groundnut,36.1,6.2,31.9,245.8,57.3,22.3,13-02-2024,11-06-2024,119,0.64
IND02995,Odisha,Laterite,Groundnut,33.7,6.1,26,144.3,72.1,26.9,12-09-2024,29-01-2025,139,0.83
IND02996,Andhra Pradesh,Red,Maize,12.5,6.7,31.9,156.7,43.3,5.3,01-04-2024,30-06-2024,90,0.7
IND02997,Uttar Pradesh,Alluvial,Pulses,15.2,6.7,32.5,76.7,56.8,35,07-10-2024,19-01-2025,104,0.79
IND02998,Uttar Pradesh,Alluvial,Maize,43,6.7,39.1,295.3,47.4,3.9,14-07-2024,03-12-2024,142,0.89
IND02999,Maharashtra,Black,Cotton,15.9,6.9,18.9,257.5,72.2,10.3,01-10-2024,03-01-2025,94,0.64
IND03000,Rajasthan,Alluvial,Sugarcane,31.4,6.1,37.4,292.6,48.5,0,03-05-2024,30-07-2024,88,0.5
IND03001,Maharashtra,Red,Millet,34.7,6.7,23.1,178.9,42.4,0,18-01-2024,13-05-2024,116,0.42
IND03002,Gujarat,Alluvial,Wheat,43.8,6.1,29.7,119.7,44.1,16.2,13-11-2024,02-04-2025,140,0.9
IND03003,Karnataka,Laterite,Rice,17.5,6.9,39.3,249.2,67.2,24.4,24-04-2024,01-08-2024,99,0.48
IND03004,West Bengal,Laterite,Groundnut,35.7,7,36.2,98.5,82.4,26.2,16-10-2024,01-03-2025,136,0.64
IND03005,West Bengal,Alluvial,Sugarcane,44.7,6.3,38.5,187.8,75.8,14.4,16-07-2024,03-11-2024,110,0.63
IND03006,Bihar,Alluvial,Rice,41.9,6.6,20.4,39.3,55.2,37.5,13-07-2024,24-11-2024,134,0.46
IND03007,Bihar,Alluvial,Wheat,24.4,7.1,29.7,248.1,55.1,6.4,19-11-2024,02-04-2025,134,0.4
IND03008,Haryana,Alluvial,Wheat,40.4,7.7,39.4,54.2,89.3,14.3,15-11-2024,19-02-2025,96,0.83
IND03009,Odisha,Laterite,Groundnut,44.9,6.7,19.4,165.6,65.5,0.3,01-03-2024,03-06-2024,94,0.44
IND03010,Bihar,Alluvial,Rice,41.5,7.4,37.9,48.6,48,21.5,07-08-2024,15-12-2024,130,0.38
IND03011,Gujarat,Alluvial,Rice,24,7.5,38,226.3,86.3,21.7,22-08-2024,28-01-2025,159,0.52
IND03012,Maharashtra,Black,Wheat,43.4,6.1,23.8,188.7,46.4,0,16-02-2024,11-05-2024,85,0.36
IND03013,Andhra Pradesh,Red,Millet,21.2,6.8,35,90.7,45.8,14.6,16-09-2024,01-01-2025,107,0.38
IND03014,Uttar Pradesh,Alluvial,Maize,39.5,7,23.2,125.6,84.1,27.8,17-05-2024,11-08-2024,86,0.8
IND03015,Kerala,Laterite,Groundnut,24.7,7.4,32.8,275.1,80.9,21,03-07-2024,31-10-2024,120,0.54
IND03016,Bihar,Alluvial,Rice,34.1,6.7,28.7,266.8,47.8,1.2,04-12-2024,11-05-2025,158,0.62
IND03017,Andhra Pradesh,Red,Maize,39.2,7.2,28.7,205.4,74.3,0,24-03-2024,15-08-2024,144,0.43
IND03018,Karnataka,Black,Cotton,43.1,6.1,24,64.6,80.2,14,09-11-2024,08-04-2025,150,0.43
IND03019,Rajasthan,Desert,Millet,30.5,6.2,20.3,154.3,79.5,7.5,21-08-2024,24-12-2024,125,0.5
IND03020,Maharashtra,Black,Wheat,31.9,7.1,21.4,242.3,82.4,26.9,25-06-2024,23-10-2024,120,0.78
IND03021,Uttar Pradesh,Alluvial,Pulses,19.6,6.8,21.5,232.4,55.6,26.7,08-07-2024,20-10-2024,104,0.63
IND03022,Andhra Pradesh,Black,Sugarcane,14.3,6.6,26.4,81.9,50.7,27.2,05-03-2024,15-06-2024,102,0.79
IND03023,Maharashtra,Black,Wheat,21.3,6.2,28.7,295.5,84.4,0,22-02-2024,30-06-2024,129,0.49
IND03024,Uttar Pradesh,Alluvial,Wheat,21.2,7.5,27.4,232.7,71.1,28,01-10-2024,01-03-2025,151,0.47
IND03025,Madhya Pradesh,Red,Groundnut,20.6,6.9,30,108.2,57.1,29.5,23-08-2024,14-12-2024,113,0.74
IND03026,Uttar Pradesh,Alluvial,Pulses,27.8,7.5,28.2,112.6,42.7,8.1,13-08-2024,03-01-2025,143,0.5
IND03027,Punjab,Alluvial,Wheat,21.8,6.1,25.4,113.8,65.2,35.3,18-11-2024,17-02-2025,91,0.72
IND03028,Andhra Pradesh,Black,Sugarcane,18.3,7.8,28.2,177.1,52.6,6.8,11-12-2024,23-04-2025,133,0.79
IND03029,Maharashtra,Laterite,Rice,14,6.1,24.4,65.7,46.6,20,25-01-2024,30-04-2024,96,0.4
IND03030,Haryana,Alluvial,Maize,28.3,7.2,35.1,42.6,66.9,33.4,08-02-2024,16-07-2024,159,0.53
IND03031,Bihar,Alluvial,Pulses,43.5,7.1,18.8,246.3,83.9,10.1,12-04-2024,19-09-2024,160,0.8
IND03032,Haryana,Alluvial,Sugarcane,38,7,35.1,48.6,81.3,21.3,11-01-2024,17-05-2024,127,0.79
IND03033,Tamil Nadu,Laterite,Rice,39.9,7,26.9,82.7,64.6,0,25-12-2024,02-04-2025,98,0.82
IND03034,Andhra Pradesh,Black,Cotton,20.5,7.1,31.5,187.2,71,0,24-02-2024,30-06-2024,127,0.8
IND03035,Telangana,Red,Millet,30.8,7.2,39.6,186.2,53.3,32.7,05-05-2024,02-10-2024,150,0.78
IND03036,Andhra Pradesh,Black,Cotton,13.9,7.4,35.5,85.3,53.2,37.3,13-04-2024,16-07-2024,94,0.85
IND03037,Tamil Nadu,Red,Groundnut,31.9,6.7,19.4,281.6,46.4,0,17-06-2024,13-10-2024,118,0.85
IND03038,Karnataka,Laterite,Rice,16.9,6.9,39.5,173.7,75.3,2.5,12-04-2024,28-07-2024,107,0.87
IND03039,West Bengal,Alluvial,Wheat,19.2,6.8,31.9,160.5,50.3,28.6,05-11-2024,03-04-2025,149,0.53
IND03040,Karnataka,Red,Millet,42.5,6.3,27.5,78.1,71.7,18.9,23-01-2024,26-05-2024,124,0.54
IND03041,Andhra Pradesh,Black,Cotton,24.8,6.1,28.7,210.5,45.5,27.3,22-07-2024,20-12-2024,151,0.44
IND03042,Maharashtra,Red,Pulses,34.4,7.6,23.2,259.6,77.4,0,19-01-2024,07-05-2024,109,0.55
IND03043,Madhya Pradesh,Black,Cotton,19.7,6.3,23.1,30.5,71.8,41.8,07-06-2024,06-11-2024,152,0.87
IND03044,Haryana,Alluvial,Sugarcane,41.4,6.1,29.4,149.5,50,1.2,13-02-2024,11-06-2024,119,0.72
IND03045,Telangana,Red,Millet,38.9,6.2,24.1,66.7,83.1,5.4,03-11-2024,02-02-2025,91,0.36
IND03046,Tamil Nadu,Laterite,Rice,14.1,7.6,20.6,105.5,60.5,23.9,12-06-2024,07-10-2024,117,0.63
IND03047,Andhra Pradesh,Black,Cotton,39.5,6.8,21.5,77.5,84.9,16.4,18-04-2024,15-07-2024,88,0.44
IND03048,Karnataka,Black,Wheat,40.6,6.1,26.2,90.9,76.9,9.8,09-12-2024,08-03-2025,89,0.66
IND03049,Madhya Pradesh,Red,Pulses,25,7,34.7,102,66.1,38.6,11-11-2024,13-02-2025,94,0.79
IND03050,Punjab,Alluvial,Wheat,28.2,6.8,37.4,90.3,74.7,33.7,08-05-2024,02-10-2024,147,0.71
IND03051,Tamil Nadu,Laterite,Groundnut,27.6,7.1,21,107.3,47.5,1.3,25-06-2024,03-11-2024,131,0.36
IND03052,Rajasthan,Desert,Millet,36.2,7,37.8,90.8,75.1,3,03-03-2024,03-06-2024,92,0.45
IND03053,Rajasthan,Alluvial,Maize,38.2,7.7,32.7,279.6,54.5,3.4,06-09-2024,19-01-2025,135,0.76
IND03054,Gujarat,Alluvial,Rice,28.5,6.1,36.2,296.3,68.7,0,21-01-2024,20-05-2024,120,0.48
IND03055,Odisha,Laterite,Groundnut,28,6.1,36.3,118.3,66.3,29,13-09-2024,18-01-2025,127,0.39
IND03056,Gujarat,Alluvial,Wheat,37,6.8,22.3,27.8,72.9,31.2,03-04-2024,04-07-2024,92,0.59
IND03057,Rajasthan,Alluvial,Rice,26.4,6.5,37.2,231.9,67,4.8,03-08-2024,06-12-2024,125,0.55
IND03058,Punjab,Alluvial,Wheat,23.8,7,21.1,180,57.9,31.5,04-02-2024,04-06-2024,121,0.54
IND03059,Kerala,Laterite,Rice,14.6,6.8,33,281.1,87.4,0,21-09-2024,27-01-2025,128,0.68
IND03060,Haryana,Alluvial,Pulses,38.8,7.4,30.6,41,51.2,37.5,10-03-2024,27-07-2024,139,0.63
IND03061,Karnataka,Black,Sugarcane,20.8,6.3,24.7,30.5,43.5,28.7,17-09-2024,15-12-2024,89,0.41
IND03062,Odisha,Alluvial,Wheat,27.6,6,34.3,61.1,72.9,4.6,23-08-2024,13-12-2024,112,0.57
IND03063,Odisha,Alluvial,Wheat,13.9,6.3,23.6,145.3,41.9,12.2,21-05-2024,17-10-2024,149,0.84
IND03064,Gujarat,Black,Sugarcane,20.8,7.4,35.2,50.8,70.3,21,15-03-2024,09-08-2024,147,0.89
IND03065,Gujarat,Alluvial,Wheat,17.4,6.2,25.9,264.4,75,0,04-06-2024,01-11-2024,150,0.77
IND03066,Gujarat,Black,Wheat,42.1,7.7,38,82.6,75.8,11.5,01-02-2024,23-05-2024,112,0.61
IND03067,Rajasthan,Desert,Millet,31.7,7.7,23.4,298.1,63.6,0,06-02-2024,23-05-2024,107,0.75
IND03068,Punjab,Alluvial,Maize,34.9,6.8,21.1,261.5,40.5,21.2,21-04-2024,15-08-2024,116,0.38
IND03069,West Bengal,Laterite,Groundnut,37.2,6.6,18.4,65.8,64.4,34.4,18-08-2024,08-12-2024,112,0.73
IND03070,Haryana,Alluvial,Pulses,19.1,6.6,38.1,163,43.9,18.6,07-03-2024,07-08-2024,153,0.63
IND03071,Uttar Pradesh,Alluvial,Maize,17.7,6.1,20.8,108,41.5,24.4,18-02-2024,26-07-2024,159,0.59
IND03072,Madhya Pradesh,Black,Wheat,44.1,7.7,33.7,107.1,40.4,28.6,16-12-2024,08-04-2025,113,0.52
IND03073,Bihar,Alluvial,Wheat,15.4,6.3,32.4,128.6,40.1,26.5,11-06-2024,19-10-2024,130,0.4
IND03074,West Bengal,Alluvial,Rice,19.3,6.6,27.2,240.2,83.9,0,09-05-2024,10-08-2024,93,0.71
IND03075,Madhya Pradesh,Black,Cotton,39.4,6.5,31.5,214.2,73.4,6.9,19-06-2024,17-09-2024,90,0.49
IND03076,Odisha,Laterite,Rice,37,7.2,37,175.7,56.7,9.4,12-03-2024,25-07-2024,135,0.6
IND03077,Karnataka,Black,Cotton,28.7,6.7,20.7,283.1,45.2,0,15-08-2024,05-01-2025,143,0.68
IND03078,West Bengal,Alluvial,Pulses,28.7,7.3,18.4,146,76.8,4.1,06-05-2024,01-10-2024,148,0.84
IND03079,Gujarat,Alluvial,Wheat,41.9,7.1,35.3,232.8,57.4,5,05-08-2024,13-12-2024,130,0.44
IND03080,Telangana,Red,Maize,43.1,7.3,33.3,42.3,71.3,2.7,12-12-2024,07-04-2025,116,0.66
IND03081,Uttar Pradesh,Alluvial,Pulses,39.6,6.2,22.6,187.6,89.2,7.3,17-06-2024,13-10-2024,118,0.62
IND03082,Odisha,Laterite,Groundnut,40.7,6.3,32.2,60.8,89,24.9,13-11-2024,24-02-2025,103,0.61
IND03083,Rajasthan,Desert,Millet,22.5,6.6,21.4,278.2,84,0.8,07-10-2024,24-01-2025,109,0.63
IND03084,Andhra Pradesh,Red,Pulses,37.7,6.2,31.9,73,89.5,32.3,10-02-2024,20-06-2024,131,0.78
IND03085,Andhra Pradesh,Black,Cotton,39.3,7.6,37,239.2,43.1,0,10-08-2024,08-12-2024,120,0.84
IND03086,Kerala,Laterite,Groundnut,27.3,6.7,36.6,194.2,44.4,19.8,04-12-2024,02-04-2025,119,0.85
IND03087,Odisha,Alluvial,Pulses,44.8,7.5,30.9,129.6,45,25.4,06-11-2024,13-02-2025,99,0.58
IND03088,Haryana,Alluvial,Sugarcane,14.7,7.3,37.1,196.8,86.5,13.1,15-01-2024,21-06-2024,158,0.77
IND03089,Uttar Pradesh,Alluvial,Sugarcane,16.2,7.7,33.1,99.1,43.3,22,21-07-2024,18-10-2024,89,0.78
IND03090,Karnataka,Laterite,Rice,40,7.4,39.6,255,71.1,0,21-03-2024,12-08-2024,144,0.61
IND03091,Karnataka,Laterite,Groundnut,41,6.5,36.8,50.4,88.1,32.7,19-01-2024,23-04-2024,95,0.72
IND03092,Gujarat,Alluvial,Maize,19.4,7.4,22.1,234.4,60.8,0,21-03-2024,11-08-2024,143,0.57
IND03093,Telangana,Red,Maize,14.4,7.1,20.1,232.4,71,25.2,25-03-2024,26-07-2024,123,0.53
IND03094,Haryana,Alluvial,Rice,24.9,7.1,31.6,279.6,85.7,5.2,19-07-2024,26-11-2024,130,0.66
IND03095,Gujarat,Alluvial,Maize,34.2,7.8,32.7,278.5,75,0,22-08-2024,09-12-2024,109,0.72
IND03096,Rajasthan,Alluvial,Maize,15,7.1,25.3,118.8,74.1,9.3,14-06-2024,13-11-2024,152,0.78
IND03097,Uttar Pradesh,Alluvial,Wheat,18.9,7.2,28.6,272.7,85.1,0,21-09-2024,26-12-2024,96,0.53
IND03098,Rajasthan,Alluvial,Sugarcane,43.6,7.1,37.8,184.8,86.1,0,15-05-2024,18-10-2024,156,0.83
IND03099,Gujarat,Alluvial,Wheat,38,7.7,29.4,101.1,63.4,32.9,21-10-2024,17-02-2025,119,0.41
IND03100,Odisha,Alluvial,Rice,40.9,6.7,38.3,120.6,40.2,5.2,06-04-2024,02-08-2024,118,0.63
IND03101,Odisha,Laterite,Rice,14.1,7.2,39.7,267.5,43.6,5.9,24-11-2024,25-04-2025,152,0.56
IND03102,Uttar Pradesh,Alluvial,Wheat,22.1,7.4,30.5,139.2,86.3,35.4,05-03-2024,02-06-2024,89,0.56
IND03103,Bihar,Alluvial,Pulses,28.3,7.4,23.3,214.8,70.1,6.9,23-03-2024,16-07-2024,115,0.41
IND03104,Kerala,Laterite,Rice,42.3,7.2,30.9,225.1,58,6,03-02-2024,08-05-2024,95,0.88
IND03105,Karnataka,Black,Sugarcane,35,6.8,35.1,279.4,45.3,2.6,10-06-2024,14-11-2024,157,0.71
IND03106,Odisha,Laterite,Rice,14.7,6.9,34.7,278.6,59.6,20.3,14-03-2024,02-08-2024,141,0.7
IND03107,Rajasthan,Desert,Millet,38.1,7.7,26.5,104.8,87.1,11.5,17-08-2024,05-01-2025,141,0.87
IND03108,Haryana,Alluvial,Wheat,33.3,7.2,27.8,194.4,51.4,16.3,13-02-2024,13-05-2024,90,0.38
IND03109,Karnataka,Black,Cotton,42.4,7.1,26.1,274.7,61.8,0,08-01-2024,26-04-2024,109,0.64
IND03110,Uttar Pradesh,Alluvial,Sugarcane,24.6,7.4,23.8,84.8,85.6,10.1,04-06-2024,04-10-2024,122,0.53
IND03111,Haryana,Alluvial,Sugarcane,44.7,6.2,26.6,134.6,87.8,2.4,21-07-2024,18-12-2024,150,0.47
IND03112,Telangana,Red,Pulses,39.2,6.1,38.9,104.1,56.6,12.3,09-09-2024,27-12-2024,109,0.57
IND03113,Gujarat,Alluvial,Wheat,12.1,7.4,29.2,131.5,58.1,17.7,02-01-2024,29-03-2024,87,0.78
IND03114,Maharashtra,Red,Maize,42.4,6.2,23.3,170.3,45.4,10.7,23-03-2024,14-08-2024,144,0.58
IND03115,Bihar,Alluvial,Sugarcane,36.6,6.7,38,79.1,83.7,8.4,23-08-2024,02-01-2025,132,0.6
IND03116,Telangana,Black,Sugarcane,28.4,6.1,24.6,183.5,57.5,29.8,13-05-2024,24-09-2024,134,0.76
IND03117,Punjab,Alluvial,Maize,26.7,7.2,39,205,73.3,4.9,03-10-2024,09-02-2025,129,0.73
IND03118,Telangana,Red,Pulses,12.9,6.5,22.9,182.2,67.7,24.9,02-06-2024,01-09-2024,91,0.64
IND03119,Punjab,Alluvial,Rice,12.1,6.5,28.4,220.5,42.5,11.9,22-06-2024,04-11-2024,135,0.4
IND03120,Haryana,Alluvial,Pulses,22.5,7.4,37.1,120.8,47.6,27.1,13-10-2024,05-02-2025,115,0.39
IND03121,Uttar Pradesh,Alluvial,Maize,27.9,6.6,27.8,237.9,59.3,20.4,10-02-2024,03-07-2024,144,0.64
IND03122,Bihar,Alluvial,Sugarcane,43.4,6.3,27.1,108.2,52.1,15.2,22-01-2024,11-06-2024,141,0.37
IND03123,Telangana,Black,Wheat,43.4,7.7,23.9,242.4,50.6,6.9,24-01-2024,02-07-2024,160,0.45
IND03124,Rajasthan,Alluvial,Sugarcane,32.9,6.4,35.3,130.1,83,6.7,23-10-2024,25-02-2025,125,0.54
IND03125,Madhya Pradesh,Red,Pulses,43.7,6.2,19.6,69.5,74.4,0,11-06-2024,11-10-2024,122,0.78
IND03126,Andhra Pradesh,Black,Cotton,37.9,6.7,29.5,170.4,59.6,0,09-03-2024,30-06-2024,113,0.81
IND03127,Uttar Pradesh,Alluvial,Pulses,17.6,7.6,37.4,150.2,56.4,24.6,11-04-2024,07-09-2024,149,0.53
IND03128,Telangana,Black,Wheat,19.4,6.1,38.7,171.8,46.6,34.9,19-11-2024,12-04-2025,144,0.61
IND03129,Gujarat,Black,Sugarcane,39.2,7.1,38,243.8,77.8,0,07-11-2024,09-02-2025,94,0.57
IND03130,Telangana,Black,Cotton,26.4,6.1,23.7,104,56.1,14.6,23-06-2024,10-10-2024,109,0.89
IND03131,Madhya Pradesh,Red,Millet,37.8,7.5,20.6,87.5,69.5,23,01-07-2024,25-10-2024,116,0.51
IND03132,Haryana,Alluvial,Rice,28.7,6.9,32.3,81.4,63.2,17.6,15-01-2024,22-06-2024,159,0.82
IND03133,Maharashtra,Red,Groundnut,44.8,7.3,23.5,64.2,56.3,16.3,20-11-2024,06-04-2025,137,0.73
IND03134,Kerala,Laterite,Rice,34.4,7.1,23.5,216,77.5,0,24-04-2024,05-08-2024,103,0.51
IND03135,Uttar Pradesh,Alluvial,Maize,30.7,7,30.6,182.5,84.3,25.9,16-05-2024,09-10-2024,146,0.36
IND03136,Rajasthan,Desert,Millet,24.7,6.3,24.4,170.1,44.1,5.5,05-05-2024,03-10-2024,151,0.56
IND03137,Gujarat,Alluvial,Rice,33.3,7.2,30.4,99.2,75.5,0,13-04-2024,12-09-2024,152,0.68
IND03138,Rajasthan,Alluvial,Sugarcane,12.2,7.4,25,72.9,41.6,14.9,25-09-2024,25-01-2025,122,0.41
IND03139,Haryana,Alluvial,Maize,38.8,7.3,22,162.5,70.2,31.4,03-02-2024,17-06-2024,135,0.63
IND03140,Uttar Pradesh,Alluvial,Pulses,13.4,6.1,36.1,40.6,82.4,12.6,12-12-2024,20-04-2025,129,0.67
IND03141,Bihar,Alluvial,Rice,25.9,6.2,20.7,133.5,83.9,23.1,14-01-2024,01-05-2024,108,0.53
IND03142,Telangana,Black,Sugarcane,25.7,7.6,33.8,257.3,88.3,10.5,22-02-2024,13-06-2024,112,0.66
IND03143,Karnataka,Black,Wheat,27.2,7.7,19.9,127.4,87.8,7.6,04-03-2024,17-07-2024,135,0.71
IND03144,Uttar Pradesh,Alluvial,Maize,23.9,6.3,30,148.5,77.5,1.4,25-05-2024,30-08-2024,97,0.39
IND03145,Andhra Pradesh,Red,Millet,19.6,6.8,29.4,113.4,47,8.1,03-03-2024,05-06-2024,94,0.76
IND03146,Haryana,Alluvial,Pulses,23,6.8,35,138.5,51.2,31.5,09-10-2024,18-03-2025,160,0.44
IND03147,Uttar Pradesh,Alluvial,Maize,13.5,7,20.4,98.9,59.7,34.6,22-02-2024,31-07-2024,160,0.46
IND03148,Gujarat,Alluvial,Wheat,26.5,7.1,36.7,168.3,63,15,12-02-2024,23-06-2024,132,0.88
IND03149,Odisha,Laterite,Rice,42.3,6.8,27,143.4,60.8,12.5,23-01-2024,06-06-2024,135,0.48
IND03150,Kerala,Laterite,Rice,40.4,7,31.9,194.7,57.9,27.3,04-02-2024,28-05-2024,114,0.81
IND03151,Gujarat,Alluvial,Pulses,39,6.6,34.6,105.3,84.5,9.3,23-02-2024,01-08-2024,160,0.81
IND03152,Haryana,Alluvial,Maize,32.7,7.2,34.7,241.8,88,0,02-08-2024,26-12-2024,146,0.42
IND03153,Gujarat,Alluvial,Rice,43.7,6.7,26.4,236,66.6,0,24-03-2024,13-07-2024,111,0.39
IND03154,Punjab,Alluvial,Rice,14.5,7.6,35.6,50.7,58.3,18.6,08-12-2024,23-03-2025,105,0.44
IND03155,Bihar,Alluvial,Maize,17.3,7.4,30,245.3,84.5,3,05-01-2024,09-06-2024,156,0.6
IND03156,Gujarat,Alluvial,Rice,26.9,7,23.9,288,46.6,25.5,04-07-2024,19-11-2024,138,0.72
IND03157,Haryana,Alluvial,Maize,12.9,6.2,23.3,123.5,43.4,11.4,20-03-2024,14-06-2024,86,0.68
IND03158,Madhya Pradesh,Black,Sugarcane,18,7.5,33.9,153.7,60.5,2.6,01-02-2024,05-06-2024,125,0.36
IND03159,Bihar,Alluvial,Sugarcane,27.7,6.4,30.9,45.8,79.8,6.5,13-11-2024,09-03-2025,116,0.85
IND03160,Karnataka,Red,Maize,41.4,6.1,31.1,144.6,71,25.8,17-02-2024,13-06-2024,117,0.57
IND03161,Andhra Pradesh,Black,Sugarcane,39.6,6.3,20.2,279.4,87.7,3.4,18-08-2024,24-01-2025,159,0.36
IND03162,Karnataka,Red,Groundnut,12.5,7.7,38.1,115.4,69.9,15.6,21-06-2024,05-10-2024,106,0.36
IND03163,Tamil Nadu,Laterite,Rice,40.5,6.1,25.8,67.5,83.1,35.1,04-02-2024,29-05-2024,115,0.48
IND03164,Tamil Nadu,Red,Groundnut,22.2,7.5,31.3,74.5,42.8,32.9,02-01-2024,06-04-2024,95,0.79
IND03165,Odisha,Laterite,Rice,26,7.6,18.9,46.5,58.3,7.7,02-07-2024,24-11-2024,145,0.78
IND03166,Punjab,Alluvial,Pulses,36.2,6.3,26.4,100.7,45.9,19.1,20-11-2024,10-03-2025,110,0.72
IND03167,Gujarat,Alluvial,Pulses,37.4,6.6,18.9,241.2,72,13.2,10-07-2024,28-11-2024,141,0.84
IND03168,Maharashtra,Black,Wheat,34.4,6.9,25.9,22.7,52.4,21.3,16-09-2024,10-02-2025,147,0.38
IND03169,Gujarat,Black,Sugarcane,16.7,7.8,39.9,39.8,67.8,22.7,03-08-2024,04-11-2024,93,0.85
IND03170,Kerala,Laterite,Rice,29.8,7.6,39.9,74.8,62.4,30,21-03-2024,22-06-2024,93,0.41
IND03171,Gujarat,Black,Sugarcane,23.8,7.6,18.3,289.6,74.5,0,11-03-2024,08-07-2024,119,0.68
IND03172,Punjab,Alluvial,Sugarcane,15.1,7.1,26.1,240,73.3,31.8,18-10-2024,04-02-2025,109,0.83
IND03173,Gujarat,Black,Sugarcane,16.4,6.8,25,178.7,61.3,9.1,22-11-2024,23-04-2025,152,0.53
IND03174,Uttar Pradesh,Alluvial,Wheat,41.8,6.2,32.7,128.8,62.6,7.8,12-04-2024,04-09-2024,145,0.85
IND03175,Bihar,Alluvial,Rice,43.5,7.4,35.2,238.4,46.4,0,22-08-2024,18-11-2024,88,0.78
IND03176,Madhya Pradesh,Red,Groundnut,29.9,6.8,26.2,218,63.1,9.3,25-10-2024,28-03-2025,154,0.66
IND03177,Tamil Nadu,Laterite,Rice,22.2,7.1,39.2,116.4,88.6,8.3,14-01-2024,04-05-2024,111,0.61
IND03178,Punjab,Alluvial,Rice,42.3,6.7,25.5,158.5,59.1,17.9,04-06-2024,01-09-2024,89,0.55
IND03179,Karnataka,Laterite,Groundnut,16.6,7.6,32.1,232.5,44.8,0,09-11-2024,10-03-2025,121,0.64
IND03180,Rajasthan,Alluvial,Wheat,36.7,6.7,38.6,199.3,75.8,22.5,06-11-2024,15-03-2025,129,0.75
IND03181,West Bengal,Laterite,Rice,32.5,6.2,30.8,218.7,65.4,19.9,05-11-2024,16-03-2025,131,0.41
IND03182,Bihar,Alluvial,Pulses,18.2,6.9,34.5,134.5,47.1,6.1,05-06-2024,08-09-2024,95,0.39
IND03183,Uttar Pradesh,Alluvial,Wheat,31.6,7.2,35.5,266.3,58.7,10.3,14-04-2024,08-07-2024,85,0.8
IND03184,Telangana,Black,Cotton,42.1,7.1,36.3,188.8,70,0,22-08-2024,04-12-2024,104,0.64
IND03185,Haryana,Alluvial,Rice,12.8,7.2,39.2,128.6,75.3,27,02-02-2024,23-05-2024,111,0.45
IND03186,Uttar Pradesh,Alluvial,Sugarcane,19.3,7.5,31.6,66.3,71.2,46.3,18-05-2024,15-09-2024,120,0.61
IND03187,Andhra Pradesh,Red,Maize,28,6.7,25.1,65.1,61.1,35.6,02-11-2024,03-04-2025,152,0.74
IND03188,West Bengal,Laterite,Groundnut,15.4,6.8,35.2,261.8,54.8,25.5,18-12-2024,05-04-2025,108,0.74
IND03189,Maharashtra,Black,Sugarcane,26.1,7,36.8,21.2,74,14.8,03-11-2024,08-04-2025,156,0.63
IND03190,Maharashtra,Red,Groundnut,29.3,6.8,25.2,69.3,59,29.9,21-07-2024,10-11-2024,112,0.87
IND03191,Kerala,Laterite,Rice,27.6,6.2,27.5,177.7,83.3,9.7,19-04-2024,18-09-2024,152,0.58
IND03192,Kerala,Laterite,Groundnut,41.9,6.8,24.9,215.3,64.8,3.5,18-05-2024,11-08-2024,85,0.59
IND03193,Haryana,Alluvial,Maize,31.6,6.6,29.6,221.7,44,24.7,25-03-2024,12-07-2024,109,0.54
IND03194,Bihar,Alluvial,Sugarcane,29.5,6.9,32.3,275.9,67,0,13-03-2024,27-06-2024,106,0.42
IND03195,Uttar Pradesh,Alluvial,Sugarcane,38.5,7.2,24.8,115.3,64.4,11.1,19-09-2024,02-01-2025,105,0.5
IND03196,Punjab,Alluvial,Wheat,14.6,6.6,33.9,30.5,65.4,42.9,02-06-2024,06-10-2024,126,0.61
IND03197,Telangana,Black,Sugarcane,27.5,7.2,26.9,32.8,65.6,19.8,07-09-2024,08-02-2025,154,0.69
IND03198,Odisha,Alluvial,Rice,31.3,6.3,31.1,87,50.3,32.5,12-10-2024,28-02-2025,139,0.85
IND03199,West Bengal,Alluvial,Rice,35.1,7.1,38.8,250.9,74,20.9,15-11-2024,07-03-2025,112,0.62
IND03200,Bihar,Alluvial,Maize,19.2,6.5,30.1,220,64,0,06-12-2024,18-03-2025,102,0.37
IND03201,Andhra Pradesh,Black,Sugarcane,37.8,6.5,31.3,155.8,81.8,5.1,13-01-2024,25-04-2024,103,0.62
IND03202,West Bengal,Alluvial,Sugarcane,15.7,7.7,34.6,124.3,73.1,40.3,10-08-2024,04-01-2025,147,0.85
IND03203,Kerala,Laterite,Rice,44.5,6.5,26.9,34.1,62.4,32.3,07-07-2024,03-11-2024,119,0.85
IND03204,Kerala,Laterite,Rice,39.5,7.5,20.9,261.8,42.3,19.4,20-07-2024,26-10-2024,98,0.76
IND03205,Haryana,Alluvial,Wheat,21.8,7.1,32.6,125.4,74.8,8.1,20-01-2024,09-06-2024,141,0.67
IND03206,Punjab,Alluvial,Rice,28.4,6.8,25.9,21,85.3,46.6,10-05-2024,12-09-2024,125,0.73
IND03207,Kerala,Laterite,Rice,42.5,7.1,25.5,35.9,73.8,1.4,13-04-2024,14-07-2024,92,0.71
IND03208,Tamil Nadu,Black,Wheat,37.4,7.5,27.3,228.8,75.1,16.7,24-03-2024,18-06-2024,86,0.59
IND03209,Maharashtra,Red,Groundnut,28.2,6.8,18.8,177.6,64.9,0,21-01-2024,26-06-2024,157,0.46
IND03210,Karnataka,Black,Sugarcane,33.7,7.8,23.5,116.6,72.5,12.1,23-02-2024,20-06-2024,118,0.69
IND03211,Telangana,Red,Pulses,33,7.2,19,277.2,72.7,22.7,03-10-2024,27-02-2025,147,0.74
IND03212,Bihar,Alluvial,Pulses,27.1,6.9,30.4,246.5,74.1,9.1,08-04-2024,24-08-2024,138,0.69
IND03213,Odisha,Laterite,Groundnut,19.6,6.1,20.3,272.4,48.9,14.4,20-04-2024,20-09-2024,153,0.79
IND03214,Kerala,Laterite,Rice,36.2,6.1,38.9,190.1,77.9,0,25-09-2024,20-01-2025,117,0.71
IND03215,Karnataka,Black,Cotton,17.4,6.8,38.7,216,81.5,9.1,12-10-2024,11-03-2025,150,0.86
IND03216,Punjab,Alluvial,Maize,34.9,6.1,32.1,223.6,73.9,15.2,20-03-2024,16-08-2024,149,0.53
IND03217,Odisha,Laterite,Rice,36.1,6.8,39.8,154.8,42.4,0,23-09-2024,12-02-2025,142,0.67
IND03218,Karnataka,Red,Groundnut,28.3,7.1,32.2,229.6,75,27.9,07-11-2024,19-03-2025,132,0.47
IND03219,Madhya Pradesh,Black,Wheat,13.5,6.8,30.4,225.9,58.4,4,10-12-2024,11-03-2025,91,0.49
IND03220,Telangana,Red,Millet,25.4,7.4,24.6,37.8,82.1,7.8,03-08-2024,27-11-2024,116,0.4
IND03221,Kerala,Laterite,Groundnut,12.6,6.4,32.1,98.9,64,25.6,16-01-2024,08-06-2024,144,0.51
IND03222,Tamil Nadu,Laterite,Rice,12.1,6.8,22.5,56.6,46.1,39.6,06-08-2024,02-01-2025,149,0.83
IND03223,Bihar,Alluvial,Pulses,34.4,6.4,36.2,145.4,72.6,0,18-06-2024,23-11-2024,158,0.51
IND03224,Gujarat,Alluvial,Pulses,44.1,6.9,37,45.7,84,11.7,10-04-2024,11-07-2024,92,0.82
IND03225,Andhra Pradesh,Red,Maize,44.1,7.3,27.4,37.1,84.6,4.2,22-08-2024,27-11-2024,97,0.87
IND03226,Tamil Nadu,Laterite,Groundnut,37.7,6.3,30.9,159,42.9,5.3,07-03-2024,23-06-2024,108,0.83
IND03227,West Bengal,Alluvial,Pulses,16.2,6.8,33.4,241.6,84.8,14.9,22-07-2024,17-10-2024,87,0.71
IND03228,Maharashtra,Black,Sugarcane,39.7,7.6,26.8,275.1,68.6,2.3,22-03-2024,05-08-2024,136,0.42
IND03229,Punjab,Alluvial,Rice,44.4,6.5,31,297.1,68.1,4.9,12-08-2024,25-11-2024,105,0.85
IND03230,Rajasthan,Alluvial,Rice,41.3,7.6,32.3,221.4,84.4,0,14-10-2024,20-03-2025,157,0.66
IND03231,Rajasthan,Desert,Millet,40.2,7.1,37.6,280.5,71.6,0,03-01-2024,16-04-2024,104,0.67
IND03232,Bihar,Alluvial,Sugarcane,22.7,6.6,21.4,166.2,84.7,23.6,20-08-2024,21-01-2025,154,0.4
IND03233,Haryana,Alluvial,Sugarcane,43.7,6.5,22.6,71.7,47.2,6.5,22-10-2024,30-01-2025,100,0.87
IND03234,Haryana,Alluvial,Sugarcane,39.1,7.5,39.7,200,73.2,10.1,23-10-2024,09-03-2025,137,0.81
IND03235,Punjab,Alluvial,Maize,39.3,6.2,20.3,175,59.6,6.3,04-07-2024,11-11-2024,130,0.67
IND03236,Kerala,Laterite,Groundnut,27.6,6.7,36,75.5,69,40.2,09-12-2024,10-04-2025,122,0.4
IND03237,Odisha,Laterite,Groundnut,28.3,6.4,31.9,168.4,56.8,0,06-08-2024,11-01-2025,158,0.82
IND03238,Bihar,Alluvial,Rice,14.3,7.5,35.3,172.4,82.4,13.1,10-11-2024,16-04-2025,157,0.41
IND03239,West Bengal,Alluvial,Pulses,42.2,7.4,32.3,215.5,79.5,11.7,04-04-2024,30-08-2024,148,0.39
IND03240,Karnataka,Red,Millet,34.2,6.7,37.8,194.3,53.7,26.2,24-04-2024,23-07-2024,90,0.79
IND03241,Karnataka,Red,Maize,17.5,6.3,20.6,24.9,84.4,24.7,14-06-2024,16-09-2024,94,0.41
IND03242,Punjab,Alluvial,Maize,41.4,7.4,32.4,293.9,58.7,8.2,25-02-2024,07-06-2024,103,0.48
IND03243,West Bengal,Alluvial,Sugarcane,39.1,6,23.1,64.8,74.7,15.6,20-12-2024,31-03-2025,101,0.5
IND03244,Rajasthan,Desert,Millet,28.5,6.4,19.6,101.1,59.3,19,10-05-2024,09-10-2024,152,0.66
IND03245,Tamil Nadu,Laterite,Groundnut,17,7.8,23.1,122.2,85.4,31,10-11-2024,31-03-2025,141,0.72
IND03246,Uttar Pradesh,Alluvial,Pulses,33.1,6.8,25.5,297.3,56.5,1.1,06-07-2024,31-10-2024,117,0.51
IND03247,Odisha,Alluvial,Wheat,19.4,6.8,18.6,164.1,80.1,28.2,18-08-2024,08-12-2024,112,0.65
IND03248,West Bengal,Alluvial,Rice,33.3,7.3,29.7,142.3,83.1,20.7,01-04-2024,06-08-2024,127,0.52
IND03249,Telangana,Red,Groundnut,37,7.2,24,29.7,81.5,2.9,17-01-2024,17-06-2024,152,0.82
IND03250,Andhra Pradesh,Black,Wheat,20.1,6.5,36.6,128.9,54.8,19.6,11-09-2024,13-02-2025,155,0.53
IND03251,Maharashtra,Black,Sugarcane,42,6.4,29,172.6,55.7,0,19-07-2024,30-10-2024,103,0.6
IND03252,West Bengal,Laterite,Groundnut,38.6,7.7,19.5,130.3,85.5,2.1,17-06-2024,17-10-2024,122,0.65
IND03253,Odisha,Alluvial,Pulses,13.3,7.5,26.9,170.8,53.9,5.4,18-01-2024,15-05-2024,118,0.84
IND03254,Tamil Nadu,Red,Groundnut,33.6,6.9,26,128.4,66.2,11.2,21-02-2024,01-06-2024,101,0.7
IND03255,West Bengal,Laterite,Groundnut,41.3,7.3,21.3,280.2,62.6,0,21-02-2024,25-06-2024,125,0.58
IND03256,Kerala,Laterite,Groundnut,26.2,7.7,35.6,106.2,44.1,40.9,19-05-2024,11-09-2024,115,0.84
IND03257,Uttar Pradesh,Alluvial,Pulses,35.3,7.3,38.1,252.8,48.1,22.1,18-02-2024,14-07-2024,147,0.84
IND03258,West Bengal,Laterite,Rice,43,7.5,34.7,23.4,76.5,2.7,20-07-2024,14-10-2024,86,0.74
IND03259,Madhya Pradesh,Red,Groundnut,42.2,6.2,19.5,111.2,87.8,1.8,17-10-2024,01-02-2025,107,0.42
IND03260,Rajasthan,Desert,Millet,41.9,6.9,19.3,242.2,87.9,20.2,20-08-2024,23-12-2024,125,0.39
IND03261,Madhya Pradesh,Red,Maize,14.2,7.8,36.1,33.7,61.3,33.1,11-08-2024,18-11-2024,99,0.7
IND03262,Telangana,Red,Pulses,13.6,6.9,29.3,145.4,55.7,29.3,09-11-2024,12-03-2025,123,0.4
IND03263,Gujarat,Black,Wheat,36.2,7.6,31.9,29.7,75.2,14.8,09-06-2024,09-11-2024,153,0.73
IND03264,Madhya Pradesh,Black,Cotton,14,6.1,29.1,200.1,54.5,6.1,06-12-2024,13-04-2025,128,0.87
IND03265,West Bengal,Alluvial,Maize,13,6.7,25.9,192.5,53.6,29.7,06-09-2024,10-12-2024,95,0.39
IND03266,Kerala,Laterite,Groundnut,24.6,6.2,30.6,43.6,69.6,33.4,09-10-2024,20-02-2025,134,0.38
IND03267,Gujarat,Black,Wheat,41.6,6.7,24.4,269.1,78.8,0,24-11-2024,31-03-2025,127,0.69
IND03268,Odisha,Laterite,Groundnut,41.9,7.7,34.7,208.4,46.4,0,04-11-2024,30-03-2025,146,0.59
IND03269,Uttar Pradesh,Alluvial,Wheat,13.2,7.5,23.9,132.9,56.8,27.1,12-10-2024,28-01-2025,108,0.38
IND03270,Karnataka,Laterite,Groundnut,34.6,7.1,28.3,87.4,56.9,24.2,07-12-2024,09-05-2025,153,0.35
IND03271,Odisha,Laterite,Rice,18.6,7.4,32.2,194.7,44.6,3.2,15-04-2024,22-08-2024,129,0.36
IND03272,West Bengal,Laterite,Groundnut,41.7,6,20.3,209.8,50.3,23.2,21-05-2024,27-09-2024,129,0.47
IND03273,Haryana,Alluvial,Maize,29.4,6.1,25.6,245.8,55.6,17.7,06-10-2024,14-02-2025,131,0.6
IND03274,West Bengal,Alluvial,Maize,14.8,6.7,31.2,212.4,88.5,35.4,15-09-2024,25-12-2024,101,0.54
IND03275,Tamil Nadu,Red,Pulses,27.2,7.4,19.7,134.6,66.2,21.3,15-03-2024,11-06-2024,88,0.42
IND03276,Punjab,Alluvial,Sugarcane,41.7,6.7,32.1,137.8,82.5,7.5,09-02-2024,02-07-2024,144,0.53
IND03277,Karnataka,Red,Groundnut,40.5,7,25.7,45.2,51.9,21.6,11-11-2024,29-03-2025,138,0.9
IND03278,Tamil Nadu,Black,Sugarcane,17.2,7.3,22.7,83.8,48.7,8.3,20-10-2024,02-03-2025,133,0.78
IND03279,Andhra Pradesh,Black,Wheat,34.9,7.1,19,197.5,66.2,6.2,05-05-2024,12-09-2024,130,0.52
IND03280,Punjab,Alluvial,Maize,37,6.9,37.9,174.8,67.3,0,10-09-2024,15-01-2025,127,0.47
IND03281,Karnataka,Black,Sugarcane,38.2,6.8,33.8,219.4,86.5,22,03-05-2024,03-09-2024,123,0.58
IND03282,Kerala,Laterite,Rice,28.6,7.7,33.2,294.7,70.5,16.9,24-08-2024,11-12-2024,109,0.69
IND03283,Andhra Pradesh,Black,Wheat,39.9,7.1,26.8,34.2,66.7,6.1,22-07-2024,27-11-2024,128,0.52
IND03284,Odisha,Laterite,Groundnut,35.4,7.5,33.4,27.8,71.7,15,23-01-2024,27-04-2024,95,0.67
IND03285,Telangana,Red,Pulses,21.6,6.4,22,183.3,41.5,11.5,23-10-2024,02-03-2025,130,0.4
IND03286,Haryana,Alluvial,Sugarcane,14,6.2,23.2,137.2,62.6,34.1,14-11-2024,28-03-2025,134,0.43
IND03287,Maharashtra,Black,Wheat,12.5,6.4,22.8,114.8,41.7,35.9,03-04-2024,18-07-2024,106,0.48
IND03288,Andhra Pradesh,Red,Millet,23.1,7.3,22.8,120.4,62.1,4,14-06-2024,09-10-2024,117,0.69
IND03289,Madhya Pradesh,Red,Groundnut,20.5,6.4,30.7,209.5,45.6,0,22-02-2024,26-07-2024,155,0.67
IND03290,Karnataka,Laterite,Rice,12.7,6.2,36.6,114.2,85.5,45.6,04-02-2024,23-06-2024,140,0.52
IND03291,Odisha,Laterite,Rice,30.2,6.8,30.9,289.6,53.9,9.1,14-12-2024,22-04-2025,129,0.58
IND03292,Rajasthan,Alluvial,Maize,32,7.1,29.3,189.4,81.5,0,05-10-2024,06-03-2025,152,0.75
IND03293,Andhra Pradesh,Red,Millet,41.7,7.2,18.8,223.9,70,0,19-06-2024,26-11-2024,160,0.86
IND03294,Gujarat,Alluvial,Pulses,21.2,6.7,30.4,134.3,59.6,3.7,12-11-2024,20-02-2025,100,0.77
IND03295,Gujarat,Alluvial,Sugarcane,29.8,7.4,19.3,54.9,77.7,24.8,21-04-2024,12-09-2024,144,0.48
IND03296,Odisha,Laterite,Rice,37.7,6.9,33.9,262.3,76.9,22.2,12-07-2024,27-10-2024,107,0.84
IND03297,Haryana,Alluvial,Wheat,22,7,32.4,24.3,56.9,9.4,24-02-2024,14-07-2024,141,0.46
IND03298,Telangana,Black,Sugarcane,24.6,7.8,29.6,65.7,80.8,6.3,25-07-2024,27-10-2024,94,0.48
IND03299,Bihar,Alluvial,Maize,16.1,7.4,36.2,35.3,83.4,32.3,01-05-2024,02-08-2024,93,0.48
IND03300,Kerala,Laterite,Groundnut,12.2,7.1,39.4,123.2,72.7,36.3,15-12-2024,07-04-2025,113,0.6
IND03301,Rajasthan,Alluvial,Sugarcane,25,6.1,37.4,269.9,78.9,0,11-12-2024,16-05-2025,156,0.37
IND03302,Haryana,Alluvial,Maize,35.9,6.3,35.3,125,63.7,0,23-04-2024,30-09-2024,160,0.38
IND03303,Tamil Nadu,Black,Wheat,44.9,6.4,31.4,66.1,88.3,0.5,14-01-2024,12-06-2024,150,0.73
IND03304,Kerala,Laterite,Rice,40.1,6.9,27.3,24.7,53,27.7,21-10-2024,28-02-2025,130,0.38
IND03305,Haryana,Alluvial,Maize,31.6,7.3,23.5,147.2,43.2,20.5,07-07-2024,31-10-2024,116,0.62
IND03306,Telangana,Black,Cotton,21.2,7.5,28.3,116.6,71.6,38.8,11-06-2024,06-10-2024,117,0.55
IND03307,Bihar,Alluvial,Maize,41.9,6.3,21.7,147.8,69.8,14.6,09-02-2024,07-07-2024,149,0.61
IND03308,Tamil Nadu,Red,Pulses,29.1,7.3,24.8,156.6,43.2,20.3,21-10-2024,06-02-2025,108,0.85
IND03309,Gujarat,Black,Wheat,26.9,6.4,18.1,111.7,66.8,3.9,01-08-2024,21-12-2024,142,0.67
IND03310,Haryana,Alluvial,Pulses,33.3,6.6,26.6,245,49.7,0,20-05-2024,22-10-2024,155,0.85
IND03311,Bihar,Alluvial,Sugarcane,42.5,6.2,27,105.1,86.9,20.6,13-11-2024,05-04-2025,143,0.65
IND03312,Andhra Pradesh,Red,Millet,42.4,6.1,27.9,236.3,86.1,0,06-02-2024,25-06-2024,140,0.45
IND03313,Karnataka,Red,Maize,32.6,6.7,20.2,76.5,43.1,23.8,14-08-2024,30-12-2024,138,0.79
IND03314,Gujarat,Black,Cotton,29.9,7.6,25.6,42.6,45.5,20.1,08-06-2024,04-10-2024,118,0.48
IND03315,Madhya Pradesh,Black,Sugarcane,18.4,6.4,38,125.2,69.4,33.3,20-03-2024,20-06-2024,92,0.51
IND03316,West Bengal,Alluvial,Pulses,28.6,7,35.2,85.4,74.7,35.9,08-06-2024,03-11-2024,148,0.74
IND03317,Madhya Pradesh,Red,Pulses,22.4,7.3,25.2,264.6,51.2,8.3,03-07-2024,02-11-2024,122,0.56
IND03318,Bihar,Alluvial,Maize,16.1,6.3,28.6,37,46.9,30,24-06-2024,30-11-2024,159,0.58
IND03319,Kerala,Laterite,Groundnut,43,6.5,20,201,89.7,0,11-03-2024,04-07-2024,115,0.72
IND03320,Tamil Nadu,Laterite,Groundnut,18.6,7.4,26.4,26.2,74.3,13,01-04-2024,05-08-2024,126,0.63
IND03321,Tamil Nadu,Laterite,Groundnut,22.7,7.3,23.9,193.7,79.4,0,01-07-2024,21-11-2024,143,0.9
IND03322,Maharashtra,Laterite,Groundnut,16.4,7,24.3,141.1,87.4,36.9,25-11-2024,13-04-2025,139,0.74
IND03323,Odisha,Laterite,Groundnut,36.5,7.7,25.1,107.6,88.3,35.8,11-06-2024,10-09-2024,91,0.48
IND03324,Gujarat,Alluvial,Maize,29.2,6.3,21.8,90.1,44.7,26.3,14-05-2024,21-09-2024,130,0.78
IND03325,Madhya Pradesh,Red,Maize,44.7,7.8,30.9,57.8,50,1.5,12-08-2024,04-12-2024,114,0.37
IND03326,Haryana,Alluvial,Maize,24.6,6.5,20,105.4,81.3,6,23-11-2024,10-04-2025,138,0.54
IND03327,Odisha,Laterite,Groundnut,21.3,7.7,23.5,167.5,49.4,17.9,20-01-2024,07-06-2024,139,0.55
IND03328,Telangana,Red,Pulses,20.8,6.7,36.2,196.6,78.4,8.9,03-03-2024,24-06-2024,113,0.62
IND03329,Maharashtra,Black,Sugarcane,13.9,7.4,28,67.2,70.4,25.3,04-08-2024,07-12-2024,125,0.68
IND03330,West Bengal,Alluvial,Pulses,39.8,6.3,26.2,252.4,75.7,4.8,18-11-2024,04-04-2025,137,0.45
IND03331,West Bengal,Laterite,Rice,35.1,7.2,34.5,110,82.2,29.7,02-12-2024,05-05-2025,154,0.7
IND03332,Odisha,Alluvial,Maize,18.9,6.8,21.1,266.9,87.6,14.5,01-09-2024,16-12-2024,106,0.59
IND03333,Tamil Nadu,Laterite,Rice,34.4,7.6,26.2,186.7,75.4,0,19-06-2024,10-11-2024,144,0.61
IND03334,Haryana,Alluvial,Sugarcane,19.8,7.2,26.4,38.4,83.1,32.3,13-10-2024,15-02-2025,125,0.88
IND03335,Karnataka,Black,Wheat,34,7.2,39.9,217.6,87.4,9.1,09-10-2024,02-02-2025,116,0.48
IND03336,Madhya Pradesh,Black,Wheat,17.5,7.4,24,114.5,81.6,16.8,06-08-2024,11-12-2024,127,0.8
IND03337,Maharashtra,Laterite,Groundnut,13.4,7.1,22.6,275.9,83.5,31.3,20-02-2024,02-06-2024,103,0.42
IND03338,Karnataka,Black,Wheat,36,7.1,26.5,208.5,83.4,25.4,01-04-2024,04-08-2024,125,0.81
IND03339,West Bengal,Alluvial,Rice,35.2,6.6,34.9,292.3,69.3,0,05-08-2024,12-01-2025,160,0.68
IND03340,Maharashtra,Red,Groundnut,31.5,6.2,21.4,93.7,76.2,12.6,15-02-2024,22-06-2024,128,0.86
IND03341,Madhya Pradesh,Black,Cotton,33,7,37.1,31.9,88.1,19.6,02-01-2024,05-04-2024,94,0.88
IND03342,Maharashtra,Black,Sugarcane,31.4,7,26.2,89.3,86.5,24,23-02-2024,29-06-2024,127,0.71
IND03343,Rajasthan,Desert,Millet,15.5,7.4,36.9,224,66.8,32.6,06-11-2024,04-04-2025,149,0.37
IND03344,Telangana,Black,Sugarcane,36.9,7,28,67.7,84.8,3,02-05-2024,22-08-2024,112,0.37
IND03345,West Bengal,Alluvial,Rice,26.3,7.8,38.1,204.4,55,0,03-01-2024,09-06-2024,158,0.82
IND03346,Rajasthan,Alluvial,Pulses,16.2,6.6,32.8,69.9,55.2,40.7,20-10-2024,21-01-2025,93,0.71
IND03347,Telangana,Black,Sugarcane,24.5,6.9,37.7,207.6,44.9,13.6,14-08-2024,17-01-2025,156,0.6
IND03348,Kerala,Laterite,Groundnut,23.3,7,28.6,273.4,85.8,24,23-12-2024,03-05-2025,131,0.57
IND03349,West Bengal,Alluvial,Rice,17.7,7.4,24.2,34.4,62.3,11.4,25-11-2024,19-02-2025,86,0.71
IND03350,Tamil Nadu,Red,Maize,33.7,7.3,28.6,30.9,57.4,13.2,07-03-2024,12-06-2024,97,0.59
IND03351,Odisha,Alluvial,Maize,17.3,6.6,35,211.2,81.1,4.6,04-09-2024,17-12-2024,104,0.37
IND03352,Kerala,Laterite,Rice,18.9,6.5,34.1,67.5,84.4,39.6,14-09-2024,28-01-2025,136,0.76
IND03353,Andhra Pradesh,Black,Wheat,19.9,6.5,33.6,167.4,58.9,1.2,22-03-2024,20-07-2024,120,0.8
IND03354,Rajasthan,Alluvial,Sugarcane,44.3,7.6,39.2,196.7,78.1,2,22-02-2024,09-06-2024,108,0.85
IND03355,West Bengal,Alluvial,Wheat,24.3,7.2,24.3,274.9,51.3,16.8,22-06-2024,17-11-2024,148,0.84
IND03356,Gujarat,Black,Wheat,15.8,7.5,20.5,42.9,87.5,38.2,17-11-2024,23-02-2025,98,0.59
IND03357,Gujarat,Alluvial,Maize,31.3,7,20.9,151.2,42.7,19.5,12-07-2024,06-12-2024,147,0.78
IND03358,Uttar Pradesh,Alluvial,Pulses,30.3,7.5,30.8,179.1,74.3,32.2,17-12-2024,13-04-2025,117,0.75
IND03359,Tamil Nadu,Red,Millet,37.1,7.7,24,237,90,13.3,16-07-2024,07-12-2024,144,0.59
IND03360,Bihar,Alluvial,Maize,16,7.8,29.8,34.3,63.3,17.4,19-04-2024,19-08-2024,122,0.47
IND03361,Maharashtra,Black,Sugarcane,20.3,6.4,22.3,21.5,57.5,11.2,09-01-2024,16-06-2024,159,0.4
IND03362,Madhya Pradesh,Black,Cotton,31.9,7.6,20.4,174.5,69.2,12.8,09-06-2024,17-09-2024,100,0.64
IND03363,Madhya Pradesh,Black,Wheat,20.2,7.5,20.2,275.1,66.6,15.6,22-01-2024,24-06-2024,154,0.35
IND03364,Madhya Pradesh,Red,Pulses,23.6,6.5,39.4,123.3,76.7,20.9,15-09-2024,02-02-2025,140,0.62
IND03365,Karnataka,Red,Millet,18.9,6.3,26,90.9,56.3,13.6,02-10-2024,04-01-2025,94,0.68
IND03366,West Bengal,Alluvial,Wheat,23.1,6.8,35.1,134.2,43,13.8,20-04-2024,20-07-2024,91,0.53
IND03367,Maharashtra,Black,Sugarcane,27.6,6.9,27.2,297.5,62.6,0,06-04-2024,20-08-2024,136,0.65
IND03368,Bihar,Alluvial,Sugarcane,38.7,7.6,21.7,23.6,73.8,6.9,06-05-2024,19-09-2024,136,0.87
IND03369,Haryana,Alluvial,Rice,43.9,6.4,27.7,286.2,88,11.9,09-02-2024,30-05-2024,111,0.6
IND03370,Haryana,Alluvial,Pulses,44.9,7.6,27.2,27.4,71.9,13,19-12-2024,26-05-2025,158,0.43
IND03371,Rajasthan,Desert,Millet,19.9,7.1,20.4,68,45.9,38.6,02-10-2024,02-03-2025,151,0.45
IND03372,Maharashtra,Red,Pulses,39.7,7.8,24.9,35.5,66.6,3.3,19-06-2024,24-11-2024,158,0.67
IND03373,Rajasthan,Alluvial,Maize,42.6,7.6,22.5,123.3,82.5,18.6,16-12-2024,01-05-2025,136,0.43
IND03374,Haryana,Alluvial,Maize,18.4,6.5,39.3,163.1,59.7,0.4,22-12-2024,22-05-2025,151,0.58
IND03375,Karnataka,Laterite,Groundnut,41.1,7.6,34.9,180.7,53.5,0,03-04-2024,02-07-2024,90,0.61
IND03376,Maharashtra,Laterite,Groundnut,40.2,6.8,36.5,141.7,58.9,0,22-10-2024,28-03-2025,157,0.69
IND03377,Punjab,Alluvial,Maize,24.1,6.3,30.4,68.6,51.4,44.8,15-02-2024,30-05-2024,105,0.86
IND03378,Tamil Nadu,Red,Millet,15.5,7.2,34.4,98.6,42.9,27.1,12-11-2024,23-03-2025,131,0.71
IND03379,Madhya Pradesh,Black,Wheat,25.1,7.5,39.9,194.4,60.1,6.1,25-05-2024,31-08-2024,98,0.89
IND03380,West Bengal,Alluvial,Pulses,25,6.8,39.5,113.9,41,35.1,13-04-2024,29-08-2024,138,0.9
IND03381,Tamil Nadu,Laterite,Groundnut,20.4,6.1,22,232.1,84,30.2,07-07-2024,09-10-2024,94,0.51
IND03382,Punjab,Alluvial,Maize,20,7.7,22.3,224.7,77.7,12.2,16-08-2024,24-11-2024,100,0.82
IND03383,West Bengal,Laterite,Rice,19,7.2,24.8,164.3,60.3,28.1,18-12-2024,01-05-2025,134,0.52
IND03384,Uttar Pradesh,Alluvial,Pulses,14.1,7.8,28.2,246.3,41.6,7.9,09-01-2024,27-04-2024,109,0.8
IND03385,Punjab,Alluvial,Pulses,28.8,7.1,20.6,199.8,71.1,5.2,08-02-2024,20-06-2024,133,0.75
IND03386,West Bengal,Laterite,Rice,30.3,7.1,39.5,53.7,67.2,10.6,16-10-2024,13-02-2025,120,0.79
IND03387,Telangana,Red,Maize,38.6,6.7,25.7,219.2,50.2,7.3,13-01-2024,26-05-2024,134,0.64
IND03388,Andhra Pradesh,Red,Millet,36.7,6.7,27.4,208.2,66,18.1,08-04-2024,11-09-2024,156,0.48
IND03389,West Bengal,Laterite,Rice,16.6,6.5,27.1,241,74.3,0,23-06-2024,27-10-2024,126,0.85
IND03390,Maharashtra,Black,Cotton,21.4,7.2,27.6,273.4,69.3,19.1,07-08-2024,29-12-2024,144,0.47
IND03391,Karnataka,Red,Millet,40.8,6.8,21.6,101.2,51.9,29.2,15-05-2024,12-10-2024,150,0.38
IND03392,Haryana,Alluvial,Maize,13.6,7.6,33.4,61.2,73.2,15,12-03-2024,10-07-2024,120,0.64
IND03393,Kerala,Laterite,Rice,29.3,6.4,30.9,68.8,43.2,13.7,14-08-2024,14-11-2024,92,0.84
IND03394,Haryana,Alluvial,Rice,43,6,37.9,294.5,88.5,13.2,05-09-2024,08-02-2025,156,0.65
IND03395,Bihar,Alluvial,Sugarcane,41.2,7.1,25.6,130.8,86.6,5.2,04-01-2024,14-05-2024,131,0.61
IND03396,Andhra Pradesh,Black,Wheat,29.7,6.9,21.1,110.7,72.4,6.6,01-12-2024,06-05-2025,156,0.56
IND03397,Gujarat,Black,Cotton,41.7,6.5,38.8,263,53.3,11.5,11-10-2024,15-01-2025,96,0.51
IND03398,Haryana,Alluvial,Rice,40.1,6.8,39.2,275.7,72.3,0,10-06-2024,07-11-2024,150,0.73
IND03399,Tamil Nadu,Red,Maize,38.4,7.7,20,190.5,64.2,11.6,21-02-2024,26-05-2024,95,0.67
IND03400,Rajasthan,Alluvial,Maize,33.3,7.8,34.5,142.2,41.5,21.2,07-08-2024,27-11-2024,112,0.72
IND03401,Rajasthan,Alluvial,Wheat,13.5,6.5,31.2,79.6,60.5,26.3,02-02-2024,08-06-2024,127,0.56
IND03402,Tamil Nadu,Laterite,Rice,25.8,6.9,37.6,267.3,69.4,13.1,13-04-2024,20-07-2024,98,0.37
IND03403,Gujarat,Alluvial,Wheat,35.2,7.6,36.9,41.2,67.9,32.9,20-08-2024,25-12-2024,127,0.66
IND03404,Gujarat,Alluvial,Sugarcane,38.3,6.6,29.7,27.6,73.9,3.5,02-04-2024,03-08-2024,123,0.59
IND03405,Bihar,Alluvial,Pulses,29.6,6.3,29.6,66.4,55.3,13.8,19-02-2024,13-07-2024,145,0.55
IND03406,Uttar Pradesh,Alluvial,Maize,20.8,7.1,18.7,47.6,83.1,38.7,22-05-2024,29-08-2024,99,0.9
IND03407,Madhya Pradesh,Red,Pulses,28.3,6.3,23.9,227.9,48,17.8,20-10-2024,21-03-2025,152,0.89
IND03408,Maharashtra,Black,Wheat,35.9,7,30,169,59,5.2,19-11-2024,17-03-2025,118,0.44
IND03409,Gujarat,Alluvial,Maize,28.2,7.1,31.7,200.8,40,28.2,02-01-2024,30-04-2024,119,0.43
IND03410,Odisha,Laterite,Rice,39.5,6.7,28.7,216.1,53,23,08-03-2024,11-07-2024,125,0.79
IND03411,Maharashtra,Black,Wheat,22.4,6.3,27.3,145.6,53,33.5,20-10-2024,14-03-2025,145,0.35
IND03412,Bihar,Alluvial,Wheat,30,6.6,28.4,221.3,71.7,25.2,09-09-2024,04-02-2025,148,0.87
IND03413,Madhya Pradesh,Red,Pulses,26.2,6.4,33.7,191,44,0,02-10-2024,02-01-2025,92,0.62
IND03414,Tamil Nadu,Black,Wheat,41.7,6.5,22.9,295.1,77,3.2,08-09-2024,06-02-2025,151,0.48
IND03415,Bihar,Alluvial,Pulses,34.4,7.5,19.4,101.4,79.7,19.7,02-12-2024,01-04-2025,120,0.41
IND03416,Tamil Nadu,Red,Pulses,32.9,7.1,34.7,168.8,86.1,4.8,12-04-2024,09-09-2024,150,0.62
IND03417,Tamil Nadu,Black,Wheat,19.8,6.5,34.9,212.4,78.1,5,09-04-2024,28-08-2024,141,0.58
IND03418,West Bengal,Alluvial,Sugarcane,17,6.5,24.9,81.5,59.7,36.1,17-01-2024,21-05-2024,125,0.35
IND03419,Haryana,Alluvial,Maize,42.4,7.5,19.5,193.5,64.7,9,21-09-2024,22-02-2025,154,0.56
IND03420,Odisha,Alluvial,Sugarcane,38,7.3,37.7,177.4,46.8,1.6,05-04-2024,03-08-2024,120,0.88
IND03421,Punjab,Alluvial,Wheat,14.3,7.3,29.6,103.2,81.8,15.8,23-05-2024,27-10-2024,157,0.5
IND03422,Haryana,Alluvial,Wheat,39.7,7.4,38.8,255,89.9,6.1,14-12-2024,11-05-2025,148,0.56
IND03423,Rajasthan,Alluvial,Pulses,13.1,7.1,28.9,32.9,74.3,51,17-02-2024,15-05-2024,88,0.38
IND03424,Karnataka,Black,Sugarcane,28.1,6.6,33.6,102.7,40.4,23.3,03-10-2024,06-03-2025,154,0.44
IND03425,Rajasthan,Desert,Millet,33.2,7.4,35.5,120.5,86,18.7,25-02-2024,18-06-2024,114,0.78
IND03426,Rajasthan,Desert,Millet,19.5,7.7,23.7,260,55.4,2.7,07-03-2024,26-06-2024,111,0.86
IND03427,Karnataka,Red,Groundnut,12.3,7.6,31.6,285.5,68.1,18.1,23-04-2024,20-07-2024,88,0.88
IND03428,Odisha,Alluvial,Sugarcane,18,6.3,24.2,50.7,41.6,22.7,16-10-2024,16-03-2025,151,0.89
IND03429,Haryana,Alluvial,Pulses,33.5,6.9,35,222.7,67,7,22-05-2024,22-08-2024,92,0.88
IND03430,Kerala,Laterite,Groundnut,25.4,7.4,33.7,176.8,81.4,10.8,06-08-2024,22-12-2024,138,0.8
IND03431,Kerala,Laterite,Rice,37.5,7.3,32.7,223.4,62.3,24.1,20-09-2024,06-01-2025,108,0.88
IND03432,Kerala,Laterite,Rice,44.3,7.6,33,101.1,47.5,25.7,10-06-2024,13-09-2024,95,0.45
IND03433,Bihar,Alluvial,Maize,22.6,7.1,21.7,188,42.1,16.1,20-09-2024,14-12-2024,85,0.81
IND03434,Telangana,Red,Groundnut,14.9,7.3,35.5,221.2,54,33,13-09-2024,29-12-2024,107,0.53
IND03435,Uttar Pradesh,Alluvial,Wheat,39.7,6.5,23.5,98.6,81.1,10.1,08-09-2024,03-12-2024,86,0.85
IND03436,Haryana,Alluvial,Maize,42.3,7.6,38.2,254.7,61,0,08-06-2024,01-10-2024,115,0.79
IND03437,Odisha,Laterite,Groundnut,15.7,7.7,24.7,262.3,51.2,32,08-06-2024,06-11-2024,151,0.47
IND03438,Gujarat,Alluvial,Pulses,17.6,7.3,21.2,144.2,85.9,15.6,10-08-2024,13-01-2025,156,0.87
IND03439,Madhya Pradesh,Red,Maize,30.8,6.7,20.2,181.5,45.7,7.4,10-08-2024,19-12-2024,131,0.82
IND03440,Telangana,Black,Cotton,14.2,6.9,34.2,199.7,46.3,26.3,20-07-2024,22-12-2024,155,0.36
IND03441,Tamil Nadu,Laterite,Rice,20.3,6.2,34.1,46.9,65.1,14.4,20-08-2024,03-01-2025,136,0.42
IND03442,Odisha,Laterite,Rice,20.3,7.4,26.8,116.4,55.8,21.6,08-02-2024,11-05-2024,93,0.6
IND03443,Gujarat,Alluvial,Pulses,30.9,7.3,32.4,137.5,60.9,31.3,09-09-2024,16-01-2025,129,0.54
IND03444,West Bengal,Alluvial,Sugarcane,41.8,6.1,30.2,131.7,42.6,9.6,24-05-2024,20-09-2024,119,0.78
IND03445,Tamil Nadu,Laterite,Groundnut,27.9,7.5,21.9,278.3,65.8,1.3,22-09-2024,03-02-2025,134,0.77
IND03446,West Bengal,Laterite,Groundnut,13.3,6,19.5,45.7,41,40.5,17-11-2024,16-03-2025,119,0.86
IND03447,Bihar,Alluvial,Maize,12.7,7.6,25.6,209.1,55.7,14.2,17-02-2024,03-07-2024,137,0.39
IND03448,Gujarat,Alluvial,Maize,36.4,6.4,24.4,285.1,64,13.8,11-01-2024,12-06-2024,153,0.6
IND03449,Madhya Pradesh,Black,Sugarcane,27.9,7,36.9,45.9,72,40.7,06-12-2024,10-03-2025,94,0.4
IND03450,Odisha,Laterite,Groundnut,42.8,6.2,34.8,219.1,83.7,0,18-05-2024,28-09-2024,133,0.68
IND03451,Haryana,Alluvial,Maize,23.7,7.5,27.1,97.8,59,40.6,11-08-2024,11-01-2025,153,0.79
IND03452,Bihar,Alluvial,Pulses,27,6.4,24.4,144.3,78.4,13.1,18-05-2024,25-09-2024,130,0.69
IND03453,Karnataka,Laterite,Rice,43,7.1,19.1,82.8,84.8,15,07-06-2024,16-10-2024,131,0.74
IND03454,Tamil Nadu,Red,Groundnut,27.5,7.6,37.9,102.6,57.9,2.5,14-05-2024,19-09-2024,128,0.84
IND03455,Gujarat,Alluvial,Maize,36.5,6.1,37.1,167.8,53.9,19.5,11-07-2024,25-11-2024,137,0.59
IND03456,Punjab,Alluvial,Rice,24.6,7.1,29,281.6,47.4,12.1,22-09-2024,28-01-2025,128,0.63
IND03457,Kerala,Laterite,Groundnut,34.8,6.8,26.5,238,45.4,8.8,20-12-2024,16-05-2025,147,0.43
IND03458,Rajasthan,Desert,Millet,37.2,6.2,20.2,22.6,70.8,43.1,04-08-2024,13-12-2024,131,0.41
IND03459,West Bengal,Laterite,Groundnut,37.3,7.7,24.7,245,46.4,0,18-08-2024,19-12-2024,123,0.86
IND03460,Gujarat,Alluvial,Wheat,20,6.5,19.5,255.7,58,9.9,18-08-2024,15-11-2024,89,0.78
IND03461,Kerala,Laterite,Groundnut,36,6.1,36.1,297.7,64.9,0,12-07-2024,01-12-2024,142,0.51
IND03462,Tamil Nadu,Black,Sugarcane,13.9,6.8,27.5,206.2,47.8,7.7,14-05-2024,31-08-2024,109,0.89
IND03463,Uttar Pradesh,Alluvial,Wheat,40.7,6.4,29.8,263.9,61.7,0,07-07-2024,05-10-2024,90,0.47
IND03464,Madhya Pradesh,Red,Millet,25,6.6,24.4,45.9,44.7,35.2,19-05-2024,26-10-2024,160,0.39
IND03465,Odisha,Laterite,Rice,33.1,7.7,28,121.7,54.3,35.4,04-08-2024,11-01-2025,160,0.87
IND03466,Odisha,Alluvial,Sugarcane,17.9,7.4,31.8,183.2,49.6,14.5,19-02-2024,24-05-2024,95,0.42
IND03467,Telangana,Black,Wheat,34.1,6.3,38.1,222.6,73.5,0,09-05-2024,06-09-2024,120,0.42
IND03468,Rajasthan,Alluvial,Wheat,23.9,6.8,33,28.2,44,9,04-09-2024,18-01-2025,136,0.48
IND03469,Punjab,Alluvial,Rice,24.3,7.2,26,279.8,76.5,11.2,21-12-2024,19-03-2025,88,0.82
IND03470,Bihar,Alluvial,Maize,31.9,6.4,38.4,265.2,48,23,11-01-2024,22-05-2024,132,0.56
IND03471,Tamil Nadu,Laterite,Groundnut,28.7,6.7,34.6,92.1,58.6,16.8,12-08-2024,04-01-2025,145,0.51
IND03472,West Bengal,Laterite,Rice,42.4,6.3,35.2,92.7,40,23.3,23-12-2024,26-03-2025,93,0.45
IND03473,Kerala,Laterite,Rice,14.5,6.2,20.9,125.8,61.4,23.9,22-08-2024,29-01-2025,160,0.48
IND03474,Bihar,Alluvial,Rice,18.9,7.1,37.2,223.7,44.3,20.7,20-04-2024,02-09-2024,135,0.82
IND03475,Rajasthan,Alluvial,Maize,42.6,6.4,33.9,84.2,41.8,7.7,08-02-2024,17-06-2024,130,0.74
IND03476,Rajasthan,Desert,Millet,21.7,6.8,31.8,105,83,19.9,08-01-2024,13-06-2024,157,0.59
IND03477,West Bengal,Alluvial,Wheat,17.4,6.4,36.5,131.2,40.2,7.1,02-06-2024,17-10-2024,137,0.54
IND03478,Odisha,Laterite,Groundnut,20.1,7.4,37.5,79.4,82.5,30,17-12-2024,20-03-2025,93,0.89
IND03479,Uttar Pradesh,Alluvial,Sugarcane,27,7,30.7,21.1,63.4,37.6,25-08-2024,01-01-2025,129,0.66
IND03480,Bihar,Alluvial,Rice,16.6,6.8,25.4,290.3,52.6,29.4,04-04-2024,19-08-2024,137,0.37
IND03481,Haryana,Alluvial,Wheat,36.9,7.3,33.3,207,80.5,0,04-11-2024,14-02-2025,102,0.43
IND03482,Bihar,Alluvial,Pulses,38.7,6,30.5,167.3,46.2,6.7,14-06-2024,20-10-2024,128,0.48
IND03483,Madhya Pradesh,Black,Cotton,42.9,7.1,23.8,206.5,43.7,18.7,08-12-2024,10-04-2025,123,0.42
IND03484,West Bengal,Alluvial,Wheat,44.8,6.2,22.9,235,57.4,9.6,09-01-2024,29-04-2024,111,0.47
IND03485,Andhra Pradesh,Red,Pulses,25.3,7.1,39,24.9,45.8,38.1,09-03-2024,05-08-2024,149,0.85
IND03486,Rajasthan,Desert,Millet,33.4,6.8,25.4,217.9,77.1,0,13-09-2024,05-01-2025,114,0.64
IND03487,Punjab,Alluvial,Wheat,21.8,7.3,21.5,233,44.4,8,03-12-2024,08-03-2025,95,0.82
IND03488,Haryana,Alluvial,Pulses,44.8,6.3,20.8,171.9,57.7,20.2,18-08-2024,22-11-2024,96,0.51
IND03489,Punjab,Alluvial,Wheat,23.2,6.2,38.5,84.9,59.9,23.7,19-10-2024,23-02-2025,127,0.62
IND03490,Punjab,Alluvial,Wheat,13.5,7.2,38.5,227.8,78.4,0,08-06-2024,05-10-2024,119,0.63
IND03491,Madhya Pradesh,Black,Sugarcane,38.5,6.2,24.3,207.3,46.2,19.4,09-09-2024,09-12-2024,91,0.58
IND03492,Karnataka,Black,Sugarcane,21.8,7.8,38.8,221.3,64.9,12.9,05-07-2024,13-10-2024,100,0.37
IND03493,Karnataka,Black,Cotton,25.8,6.9,23.3,239.5,56,22,20-11-2024,18-04-2025,149,0.78
IND03494,Karnataka,Red,Millet,27.1,7.2,24.6,138.8,45.4,16.4,11-10-2024,14-01-2025,95,0.57
IND03495,Telangana,Red,Millet,13.5,6.6,33.1,26.3,49.6,19.2,14-05-2024,22-08-2024,100,0.77
IND03496,West Bengal,Alluvial,Wheat,37.9,6.2,24.5,217.8,63.2,26.1,06-06-2024,15-09-2024,101,0.7
IND03497,Andhra Pradesh,Red,Pulses,25.7,7.5,21,41.6,77.1,18.8,04-07-2024,21-10-2024,109,0.37
IND03498,Punjab,Alluvial,Rice,17.6,6,23.6,179.7,60.5,3.6,09-05-2024,18-09-2024,132,0.37
IND03499,Telangana,Black,Wheat,39.3,7.4,22.2,294.1,68.4,12.5,01-10-2024,29-01-2025,120,0.63
IND03500,Haryana,Alluvial,Pulses,27.6,7.5,27.1,204.7,71.9,3.7,18-05-2024,30-08-2024,104,0.85
IND03501,Uttar Pradesh,Alluvial,Maize,28.2,6.9,18.2,203.6,62.1,23.3,04-05-2024,14-09-2024,133,0.76
IND03502,Bihar,Alluvial,Rice,27.9,7.3,34.8,180.8,51.2,32.2,21-07-2024,26-10-2024,97,0.76
IND03503,Telangana,Black,Cotton,34.6,6.9,24,285.4,46.2,8.9,13-12-2024,14-05-2025,152,0.52
IND03504,Andhra Pradesh,Red,Millet,44.7,7.4,33.7,127.9,59.6,26.3,20-07-2024,09-11-2024,112,0.36
IND03505,Andhra Pradesh,Red,Maize,44.2,6.5,37.8,143.3,84.2,27.3,02-02-2024,26-05-2024,114,0.67
IND03506,Gujarat,Black,Wheat,28.5,7.6,33.9,160.2,63.3,35.2,09-04-2024,08-09-2024,152,0.63
IND03507,Gujarat,Black,Cotton,33.2,6.8,35.1,48.4,83.8,42.1,23-07-2024,22-10-2024,91,0.4
IND03508,Madhya Pradesh,Black,Sugarcane,14.9,7.5,39.5,270.9,83.2,0,21-09-2024,21-02-2025,153,0.51
IND03509,Kerala,Laterite,Groundnut,39.3,7.1,27.6,70.9,82.6,2.8,06-05-2024,07-08-2024,93,0.69
IND03510,Punjab,Alluvial,Rice,13.7,7.5,25.7,126.4,52.4,36,17-04-2024,30-07-2024,104,0.85
IND03511,Karnataka,Laterite,Rice,34.1,6.6,20,56.4,79.9,26.7,21-04-2024,22-09-2024,154,0.86
IND03512,Andhra Pradesh,Black,Wheat,14.1,6,28.8,108.5,78.7,8.3,05-09-2024,08-12-2024,94,0.7
IND03513,Andhra Pradesh,Red,Pulses,41.1,7.5,35.7,237.6,73.4,0,19-01-2024,25-06-2024,158,0.37
IND03514,Tamil Nadu,Red,Groundnut,16.5,7.3,34.3,103,60.3,44.3,24-01-2024,13-06-2024,141,0.51
IND03515,Rajasthan,Alluvial,Maize,14.2,6.8,38.9,126.3,74.3,38.9,01-01-2024,04-04-2024,94,0.66
IND03516,Kerala,Laterite,Rice,12.4,7.1,37.2,280.2,52.2,23.3,09-05-2024,04-09-2024,118,0.81
IND03517,Karnataka,Black,Cotton,22.1,6,19.6,83.3,63.4,10.5,22-04-2024,02-08-2024,102,0.4
IND03518,Odisha,Laterite,Rice,31.9,6.3,35.9,274.1,58.6,22.7,07-07-2024,13-12-2024,159,0.83
IND03519,Karnataka,Red,Groundnut,26.3,6.4,30.1,26.3,59.2,24.5,04-03-2024,12-07-2024,130,0.54
IND03520,Rajasthan,Desert,Millet,24.1,7.7,29.4,231.5,86.2,0.9,22-06-2024,28-09-2024,98,0.66
IND03521,Haryana,Alluvial,Maize,17.4,6.2,35.5,113.5,75,34.2,18-04-2024,08-08-2024,112,0.54
IND03522,Karnataka,Red,Millet,29.6,6.4,36.3,293.8,56.1,0,10-03-2024,25-07-2024,137,0.71
IND03523,Telangana,Black,Wheat,27.3,7.4,27.9,62.1,65.7,22,20-12-2024,03-05-2025,134,0.4
IND03524,Karnataka,Black,Sugarcane,13.7,6.5,39.6,83.1,61.4,17,02-07-2024,13-11-2024,134,0.59
IND03525,Haryana,Alluvial,Wheat,14.3,7.4,40,198.1,76.9,22.5,07-04-2024,02-08-2024,117,0.63
IND03526,Andhra Pradesh,Black,Cotton,17.8,7.5,21,281.2,52,17.8,20-08-2024,31-12-2024,133,0.83
IND03527,Karnataka,Red,Groundnut,27.3,7.1,37.6,54.7,63.2,11,24-08-2024,15-12-2024,113,0.82
IND03528,Punjab,Alluvial,Wheat,37.4,6.8,32.7,63.6,56.1,11,05-01-2024,30-04-2024,116,0.68
IND03529,Madhya Pradesh,Red,Maize,34.2,7.3,23.9,136,89.8,24.4,10-12-2024,08-05-2025,149,0.39
IND03530,Punjab,Alluvial,Sugarcane,31.3,7.8,25.9,254.2,62.3,21.7,01-10-2024,15-01-2025,106,0.35
IND03531,Gujarat,Black,Sugarcane,37.8,6.6,31.5,164.4,67.2,3.2,19-07-2024,27-11-2024,131,0.67
IND03532,Punjab,Alluvial,Sugarcane,38.8,7.2,39.3,290.7,85.2,0,11-05-2024,04-08-2024,85,0.55
IND03533,Kerala,Laterite,Groundnut,18.2,6.6,35.1,185.3,58.8,1.8,21-07-2024,06-11-2024,108,0.85
IND03534,Bihar,Alluvial,Sugarcane,36.1,6.7,36.3,248.3,83.6,0,22-08-2024,21-11-2024,91,0.68
IND03535,Odisha,Alluvial,Pulses,18.3,7.3,25.9,137.7,63.1,22.8,09-09-2024,24-01-2025,137,0.62
IND03536,Punjab,Alluvial,Rice,32.4,6,32.4,131.1,42.5,34.5,17-12-2024,07-05-2025,141,0.44
IND03537,Bihar,Alluvial,Pulses,25.5,6.1,23.6,32.7,78.3,42.9,19-01-2024,02-06-2024,135,0.38
IND03538,Haryana,Alluvial,Wheat,34.4,7.4,20.2,224.5,62,0,03-11-2024,10-04-2025,158,0.78
IND03539,Punjab,Alluvial,Sugarcane,41.9,6.3,31.2,34.1,70.4,28.1,22-09-2024,26-02-2025,157,0.78
IND03540,Maharashtra,Black,Wheat,28.4,6.2,29.8,171.8,65.7,25.4,03-02-2024,23-05-2024,110,0.47
IND03541,Karnataka,Laterite,Rice,16,6.3,27.2,40.3,81.2,49.3,15-05-2024,28-08-2024,105,0.61
IND03542,Andhra Pradesh,Red,Millet,30.6,7.5,31.3,159.1,72.1,1,02-10-2024,27-12-2024,86,0.85
IND03543,Andhra Pradesh,Red,Groundnut,29.8,7.5,18.6,106.8,60.6,27.7,24-10-2024,12-03-2025,139,0.89
IND03544,Maharashtra,Laterite,Rice,28.3,6,28.1,140.2,68.8,32.5,07-10-2024,31-01-2025,116,0.7
IND03545,Andhra Pradesh,Red,Groundnut,23.7,7.4,28.8,291.5,89.4,0.3,09-07-2024,16-12-2024,160,0.77
IND03546,Bihar,Alluvial,Pulses,29.2,7.4,34.6,271.6,67.4,6.3,12-03-2024,01-08-2024,142,0.41
IND03547,Madhya Pradesh,Red,Pulses,35.3,6.3,27.3,93.2,71.5,17.6,25-04-2024,30-07-2024,96,0.66
IND03548,Madhya Pradesh,Black,Sugarcane,42.7,6.8,34.7,106.2,55,0,18-04-2024,11-08-2024,115,0.52
IND03549,Telangana,Red,Maize,20,7.7,19.3,73.5,57.3,8.2,24-12-2024,21-04-2025,118,0.6
IND03550,Uttar Pradesh,Alluvial,Rice,27.1,7.6,23.3,146.3,63.2,13.1,25-01-2024,06-06-2024,133,0.6
IND03551,Madhya Pradesh,Red,Millet,43,7.3,30.6,281.6,85.4,19.6,20-07-2024,20-11-2024,123,0.66
IND03552,Rajasthan,Desert,Millet,29.5,6.7,30.6,204.3,41.2,13.6,18-03-2024,06-08-2024,141,0.7
IND03553,Odisha,Laterite,Rice,35.9,7.4,25.6,67.6,59.2,4.5,21-07-2024,26-12-2024,158,0.85
IND03554,Andhra Pradesh,Black,Cotton,26.8,6.9,21.5,136.4,63.9,9.5,02-09-2024,08-01-2025,128,0.54
IND03555,Tamil Nadu,Laterite,Groundnut,38.6,7.6,26.5,293.6,88.3,0,03-06-2024,12-10-2024,131,0.71
IND03556,Haryana,Alluvial,Pulses,21.2,6.7,20.8,47.8,80,24.8,19-10-2024,06-02-2025,110,0.85
IND03557,Telangana,Red,Maize,13,7.6,31.4,177.7,62.4,39.3,17-08-2024,15-01-2025,151,0.72
IND03558,Gujarat,Black,Wheat,21.2,7.3,21.3,257.4,81.5,5.6,07-03-2024,06-06-2024,91,0.7
IND03559,Punjab,Alluvial,Pulses,27.9,7.5,21.1,163.9,57.1,28.6,24-10-2024,25-03-2025,152,0.89
IND03560,Karnataka,Black,Sugarcane,32.9,6,21.8,109.6,46.8,22.5,01-07-2024,19-10-2024,110,0.69
IND03561,Karnataka,Laterite,Rice,20.9,6.9,21.3,105.2,79.8,12.8,06-04-2024,13-07-2024,98,0.51
IND03562,Telangana,Black,Cotton,32.1,6.9,29.2,63.6,88.3,12.3,19-12-2024,30-04-2025,132,0.61
IND03563,Rajasthan,Alluvial,Rice,41.7,7.1,35.6,288.4,60.3,0,01-11-2024,24-03-2025,143,0.36
IND03564,Gujarat,Black,Wheat,34.3,7.8,32.2,239,58.8,0,21-12-2024,22-04-2025,122,0.77
IND03565,Gujarat,Black,Wheat,13.1,6,34.7,145.8,43.2,22.6,02-01-2024,11-05-2024,130,0.87
IND03566,Madhya Pradesh,Black,Wheat,44.5,7.3,27.6,100.5,70.7,17.7,01-07-2024,28-09-2024,89,0.45
IND03567,Rajasthan,Desert,Millet,12.1,7,30.2,90.1,58.2,14.4,04-08-2024,06-11-2024,94,0.51
IND03568,Telangana,Black,Sugarcane,35.1,7.4,38.5,114.6,77.9,25.6,08-08-2024,01-11-2024,85,0.6
IND03569,Kerala,Laterite,Rice,32.3,6.9,28.2,126.3,70,23.4,03-10-2024,01-02-2025,121,0.73
IND03570,Maharashtra,Laterite,Rice,42.5,7.8,34.4,20,64.9,11.4,07-10-2024,02-03-2025,146,0.55
IND03571,Punjab,Alluvial,Rice,19.8,6.5,30.6,201.9,46.6,5.3,16-07-2024,14-12-2024,151,0.71
IND03572,Bihar,Alluvial,Sugarcane,14.9,6.4,28,105,56.5,22.1,09-02-2024,14-05-2024,95,0.75
IND03573,Gujarat,Black,Sugarcane,22.3,7,23.5,258.9,75.3,1.3,10-08-2024,18-11-2024,100,0.79
IND03574,Karnataka,Red,Pulses,23.3,7.4,30.5,220.2,42.4,26.2,05-03-2024,10-08-2024,158,0.54
IND03575,Andhra Pradesh,Red,Groundnut,24.9,6.7,35,168.1,72.9,2.7,19-01-2024,26-05-2024,128,0.44
IND03576,Madhya Pradesh,Red,Groundnut,33.4,7.4,28.1,29,60.6,13.6,06-04-2024,13-09-2024,160,0.57
IND03577,Haryana,Alluvial,Pulses,17.7,7.7,22.2,122.7,62.6,39.9,23-02-2024,20-06-2024,118,0.76
IND03578,West Bengal,Laterite,Groundnut,23.2,6.8,24.8,37.9,70.6,44.7,01-11-2024,02-03-2025,121,0.69
IND03579,Kerala,Laterite,Groundnut,33.3,6.6,25.9,79.3,62.8,28.1,17-11-2024,03-04-2025,137,0.85
IND03580,Karnataka,Laterite,Rice,43.1,7.5,39.3,234,81.6,0,09-12-2024,07-03-2025,88,0.42
IND03581,West Bengal,Laterite,Rice,19.3,6.4,23.4,58.3,62,13,05-10-2024,20-02-2025,138,0.53
IND03582,Punjab,Alluvial,Wheat,41.9,6.1,28.9,35.7,82.3,21.1,17-02-2024,10-06-2024,114,0.51
IND03583,Tamil Nadu,Laterite,Groundnut,28.5,6.9,24.8,96.9,76.3,27.7,16-04-2024,14-09-2024,151,0.63
IND03584,Maharashtra,Laterite,Groundnut,40,6.1,39.2,104.8,52.3,12.2,22-06-2024,23-10-2024,123,0.43
IND03585,Madhya Pradesh,Black,Cotton,28.2,7.3,28.5,101.8,46.9,39.2,10-01-2024,18-06-2024,160,0.79
IND03586,Punjab,Alluvial,Rice,37.5,6.4,33.9,80.7,77.2,28.8,22-01-2024,19-06-2024,149,0.56
IND03587,Karnataka,Red,Maize,36.7,6.4,29.4,195.6,74.7,0,17-04-2024,17-08-2024,122,0.68
IND03588,Kerala,Laterite,Rice,14,7.4,21.8,128.3,56.4,33.8,04-01-2024,17-04-2024,104,0.65
IND03589,Odisha,Alluvial,Pulses,42.7,6.8,19.5,234.3,83.4,0,01-04-2024,20-07-2024,110,0.78
IND03590,Kerala,Laterite,Groundnut,42.1,6.7,26.7,24.7,55.2,37.6,01-08-2024,14-12-2024,135,0.84
IND03591,Telangana,Red,Groundnut,38.1,6,37.8,191.5,66.6,7.7,14-01-2024,09-05-2024,116,0.84
IND03592,Odisha,Alluvial,Sugarcane,14.2,6.6,39.1,22.9,62.6,49.2,08-09-2024,04-02-2025,149,0.81
IND03593,Karnataka,Laterite,Groundnut,37.9,6.6,28.1,185.9,40.9,23.5,23-05-2024,19-08-2024,88,0.5
IND03594,Bihar,Alluvial,Pulses,29.5,7,23.9,269.1,74.8,0,05-02-2024,06-05-2024,91,0.37
IND03595,Telangana,Black,Sugarcane,33.9,6.4,22.9,248,86.7,0,19-06-2024,07-10-2024,110,0.85
IND03596,Karnataka,Laterite,Rice,27.7,6.1,23.3,196.8,75.6,5.9,20-12-2024,06-05-2025,137,0.35
IND03597,Odisha,Laterite,Rice,25.4,6.4,21.9,80.2,45.5,33.5,19-05-2024,27-09-2024,131,0.48
IND03598,Gujarat,Alluvial,Pulses,25.3,6.5,33.1,203.5,78.8,10.7,15-08-2024,30-12-2024,137,0.35
IND03599,Odisha,Laterite,Rice,20.2,7.3,31.6,202.3,43.3,5.3,15-10-2024,12-03-2025,148,0.45
IND03600,West Bengal,Laterite,Groundnut,25.8,7.2,38.1,153.9,70,5.9,11-09-2024,21-12-2024,101,0.37
IND03601,Kerala,Laterite,Groundnut,16.9,7.4,22,53.9,63.1,40.5,25-05-2024,08-09-2024,106,0.77
IND03602,Telangana,Black,Cotton,12.4,6.9,20.8,261.1,89.2,27,14-08-2024,02-12-2024,110,0.75
IND03603,Telangana,Black,Cotton,20.7,7.7,35.8,180.8,81.8,36.1,07-06-2024,27-09-2024,112,0.73
IND03604,Madhya Pradesh,Black,Wheat,26.3,7.5,19.1,147.6,62.9,23.9,12-11-2024,16-03-2025,124,0.57
IND03605,Telangana,Red,Maize,39.9,6.6,33.6,225.1,74.4,8,14-11-2024,04-03-2025,110,0.56
IND03606,Odisha,Alluvial,Wheat,33.2,7.7,24.5,221.8,50.8,6,03-01-2024,11-04-2024,99,0.72
IND03607,Haryana,Alluvial,Pulses,42.4,6.4,33.8,47.8,89.8,0,10-01-2024,23-05-2024,134,0.57
IND03608,Uttar Pradesh,Alluvial,Rice,14.1,6.4,25,264.1,78.6,3.4,21-06-2024,14-09-2024,85,0.5
IND03609,Bihar,Alluvial,Rice,32,6.3,21.6,119.2,68.8,31.8,01-05-2024,17-08-2024,108,0.5
IND03610,Rajasthan,Desert,Millet,33.4,6.3,22.3,212.7,51,14,04-11-2024,29-01-2025,86,0.61
IND03611,Telangana,Black,Sugarcane,16.5,6.5,27.8,293.3,57.1,4.9,09-12-2024,23-03-2025,104,0.53
IND03612,Maharashtra,Black,Cotton,13.1,6.7,34.7,292.9,78.6,6.9,18-12-2024,20-03-2025,92,0.41
IND03613,Odisha,Alluvial,Maize,18.9,7.1,24.3,190.6,51.8,3.4,15-12-2024,23-03-2025,98,0.6
IND03614,Telangana,Red,Groundnut,13.2,7.5,33.4,258.1,41.7,8.2,24-08-2024,30-11-2024,98,0.46
IND03615,Telangana,Black,Sugarcane,43.6,6.8,19.1,252.6,63.8,0,05-12-2024,01-04-2025,117,0.47
IND03616,Tamil Nadu,Red,Groundnut,42.5,6.4,29.1,268,78.5,3.6,15-11-2024,14-04-2025,150,0.48
IND03617,Maharashtra,Black,Cotton,13.6,7.5,20.9,88.3,41,24.1,25-04-2024,09-09-2024,137,0.71
IND03618,Telangana,Black,Sugarcane,41.7,6.5,27.6,163.9,41,24,01-12-2024,12-04-2025,132,0.7
IND03619,Uttar Pradesh,Alluvial,Wheat,35.1,7.3,34.6,183.2,66.9,0,03-06-2024,08-11-2024,158,0.72
IND03620,Haryana,Alluvial,Rice,15.4,7,33.4,60,44.6,46.5,15-02-2024,23-05-2024,98,0.4
IND03621,Gujarat,Alluvial,Maize,34.4,7,18.7,125.8,57.9,33.2,23-11-2024,27-04-2025,155,0.9
IND03622,Odisha,Laterite,Groundnut,44.5,7.8,28.2,25.1,74.4,30.6,11-06-2024,20-10-2024,131,0.62
IND03623,Odisha,Alluvial,Wheat,40.3,6.1,21.6,149.2,68.8,0.5,20-09-2024,09-02-2025,142,0.57
IND03624,Telangana,Red,Millet,20.3,6.1,29.8,104.8,70.1,13.6,16-11-2024,04-04-2025,139,0.49
IND03625,West Bengal,Laterite,Rice,33.7,7.5,37.2,82,81.7,34.3,25-12-2024,19-05-2025,145,0.78
IND03626,Gujarat,Black,Wheat,32,6.4,30.3,258.3,63.5,0,14-10-2024,08-01-2025,86,0.89
IND03627,Gujarat,Alluvial,Sugarcane,39,6,24.6,128.2,69.2,20.5,07-07-2024,20-10-2024,105,0.89
IND03628,Haryana,Alluvial,Sugarcane,26.2,7.5,22.2,139.6,86.1,22.9,22-08-2024,16-12-2024,116,0.52
IND03629,Haryana,Alluvial,Maize,12.4,7.3,31.5,211.1,84.9,6.7,17-04-2024,04-08-2024,109,0.43
IND03630,Andhra Pradesh,Red,Pulses,34.9,6.2,31.7,159.7,63.9,0.2,14-06-2024,02-11-2024,141,0.73
IND03631,Rajasthan,Alluvial,Wheat,39.2,7.6,29.7,93.1,42.8,24.1,08-05-2024,02-10-2024,147,0.77
IND03632,Rajasthan,Alluvial,Maize,44.5,6.4,37.4,135.1,53.3,29,07-08-2024,14-01-2025,160,0.56
IND03633,Uttar Pradesh,Alluvial,Wheat,24.6,7.2,28.7,171.9,47.2,36.1,11-11-2024,15-02-2025,96,0.56
IND03634,Telangana,Black,Wheat,19.9,6.4,19.8,208.9,76.6,18.5,07-06-2024,14-09-2024,99,0.59
IND03635,Odisha,Laterite,Groundnut,33.5,7.5,30.9,247.6,85.7,0,10-06-2024,05-11-2024,148,0.7
IND03636,Karnataka,Red,Millet,41.1,7.2,32.8,98.1,79.9,5.3,14-08-2024,11-01-2025,150,0.58
IND03637,Rajasthan,Alluvial,Wheat,38.5,7.6,25.6,195.6,64.5,12.5,09-07-2024,16-11-2024,130,0.41
IND03638,Odisha,Alluvial,Wheat,15.8,6.6,35.8,102.3,60.4,32.9,21-05-2024,25-10-2024,157,0.65
IND03639,Kerala,Laterite,Rice,33.2,7.2,26.2,261.6,65.8,7.9,15-03-2024,14-06-2024,91,0.44
IND03640,Kerala,Laterite,Rice,33.7,6.8,26.1,287.8,49.3,0,07-03-2024,30-06-2024,115,0.86
IND03641,Bihar,Alluvial,Maize,17.9,7.2,20.1,57.5,54.5,47.3,13-04-2024,13-09-2024,153,0.68
IND03642,West Bengal,Alluvial,Rice,40.4,6.1,30.3,172.2,54.5,0,11-01-2024,17-05-2024,127,0.54
IND03643,Kerala,Laterite,Rice,39.4,6.3,26.6,137.9,57.4,11.1,12-10-2024,20-01-2025,100,0.49
IND03644,Gujarat,Alluvial,Wheat,28.8,6.1,28.5,273.2,63.6,3.3,02-02-2024,06-06-2024,125,0.75
IND03645,Haryana,Alluvial,Wheat,27.5,6.9,33.5,149.9,44.9,29.7,01-06-2024,05-09-2024,96,0.84
IND03646,Telangana,Black,Sugarcane,40.6,6.1,28.6,189.2,43.7,24,03-07-2024,24-11-2024,144,0.87
IND03647,West Bengal,Alluvial,Wheat,21.5,6.3,36.1,168.7,82.9,0,14-02-2024,05-06-2024,112,0.6
IND03648,Punjab,Alluvial,Rice,25.8,6.5,22.3,290.6,52.3,21.3,03-12-2024,25-04-2025,143,0.44
IND03649,Madhya Pradesh,Black,Cotton,22.4,7.1,29.5,167.5,86.4,36.3,23-06-2024,24-10-2024,123,0.36
IND03650,Uttar Pradesh,Alluvial,Rice,30.2,7.8,38.8,254.7,54.9,0,08-02-2024,25-05-2024,107,0.81
IND03651,Odisha,Alluvial,Sugarcane,40.5,7.6,18.4,113,83.6,20.5,15-05-2024,08-10-2024,146,0.57
IND03652,Odisha,Laterite,Groundnut,25.2,6.9,25.9,27,77.3,46.1,02-07-2024,17-10-2024,107,0.52
IND03653,Telangana,Red,Pulses,18.9,6.3,21.7,113.8,69.4,38.6,13-07-2024,04-11-2024,114,0.67
IND03654,Telangana,Black,Wheat,29.4,6.3,30,49.1,69.2,32.9,09-12-2024,04-04-2025,116,0.69
IND03655,Bihar,Alluvial,Wheat,40,6.7,31.7,206.1,40.9,15.6,25-02-2024,21-07-2024,147,0.55
IND03656,Tamil Nadu,Laterite,Groundnut,41.2,7.5,18.1,277.7,54.7,6.6,09-03-2024,30-06-2024,113,0.37
IND03657,Odisha,Laterite,Rice,12.4,6.4,29.2,109.4,72.6,42.7,15-12-2024,24-04-2025,130,0.45
IND03658,Andhra Pradesh,Red,Millet,30.9,6.2,27.4,166.5,44.7,18.3,06-02-2024,06-06-2024,121,0.64
IND03659,Odisha,Alluvial,Pulses,21.5,6.7,35.2,180.2,78.8,31.3,03-12-2024,11-03-2025,98,0.88
IND03660,Kerala,Laterite,Groundnut,41.1,7.2,26.6,142.6,80.8,0,02-07-2024,13-11-2024,134,0.7
IND03661,Maharashtra,Black,Sugarcane,27.8,7.6,27.2,101.4,48.8,9,07-06-2024,07-09-2024,92,0.49
IND03662,Punjab,Alluvial,Wheat,24.6,7.6,19.1,212.6,80.5,0.9,15-06-2024,07-11-2024,145,0.6
IND03663,Rajasthan,Alluvial,Wheat,27.1,6.8,24.1,100.7,82.6,21.4,20-03-2024,07-08-2024,140,0.87
IND03664,Punjab,Alluvial,Wheat,26,7.6,18.5,264.7,56.8,5.5,04-01-2024,26-04-2024,113,0.39
IND03665,Odisha,Laterite,Rice,40.6,6.5,26.1,148.4,65.7,0,03-09-2024,13-12-2024,101,0.68
IND03666,Andhra Pradesh,Red,Pulses,18.1,6.2,30.4,64,89.9,35.8,19-05-2024,15-10-2024,149,0.67
IND03667,Haryana,Alluvial,Pulses,14.7,7,36.5,124.9,47.3,24.9,04-05-2024,28-09-2024,147,0.4
IND03668,Maharashtra,Laterite,Groundnut,32,7.5,30.6,253,79.7,0,14-12-2024,23-03-2025,99,0.48
IND03669,Maharashtra,Red,Pulses,28.1,7.3,29.6,110.2,86.2,34.8,08-01-2024,17-05-2024,130,0.48
IND03670,Bihar,Alluvial,Wheat,13.2,6.9,29.5,170.1,67.5,6.4,16-06-2024,15-10-2024,121,0.74
IND03671,Haryana,Alluvial,Wheat,37.5,7.4,35.2,111,53.6,12,19-04-2024,16-07-2024,88,0.88
IND03672,Haryana,Alluvial,Pulses,27.3,6.7,34.6,239.1,56.4,20.9,06-03-2024,07-06-2024,93,0.4
IND03673,Tamil Nadu,Red,Millet,20.8,7.3,26.5,72.8,77.7,39.9,05-06-2024,25-10-2024,142,0.61
IND03674,Punjab,Alluvial,Sugarcane,41.3,6.7,20.4,30.2,57.7,11.1,07-06-2024,27-09-2024,112,0.48
IND03675,Punjab,Alluvial,Rice,21.4,6,33.5,111,43.3,6.1,02-05-2024,18-09-2024,139,0.46
IND03676,Bihar,Alluvial,Sugarcane,15.9,7.1,28.9,204.5,81.4,10.2,24-04-2024,31-07-2024,98,0.56
IND03677,Punjab,Alluvial,Sugarcane,12.1,6.4,31.6,116,51.3,14.8,25-02-2024,15-07-2024,141,0.46
IND03678,Haryana,Alluvial,Sugarcane,42.6,6.2,36.7,130.5,50.1,28.8,23-11-2024,03-03-2025,100,0.68
IND03679,Odisha,Laterite,Rice,18.9,7.5,26.3,41.1,42.2,47.2,03-09-2024,07-01-2025,126,0.63
IND03680,Telangana,Black,Wheat,38.1,7.5,26.7,75.4,79.1,14.1,24-01-2024,25-05-2024,122,0.72
IND03681,West Bengal,Alluvial,Wheat,25.7,7.1,24.4,21.6,46.7,9.7,04-03-2024,15-06-2024,103,0.43
IND03682,Punjab,Alluvial,Rice,33.5,6.8,20,128.8,68.8,6.2,23-01-2024,18-05-2024,116,0.4
IND03683,Kerala,Laterite,Rice,39.9,6.6,39.3,189,57.6,10.8,06-02-2024,25-05-2024,109,0.61
IND03684,Haryana,Alluvial,Maize,17.8,7.4,24.2,178.1,60.9,16.9,22-09-2024,02-02-2025,133,0.37
IND03685,Uttar Pradesh,Alluvial,Rice,40.5,6.9,31.8,117.6,67.3,7.6,20-04-2024,14-07-2024,85,0.88
IND03686,Maharashtra,Red,Maize,21.2,6.1,39.3,134,72.5,20.3,07-12-2024,08-03-2025,91,0.5
IND03687,Andhra Pradesh,Red,Groundnut,17.3,7.1,33.5,120.4,85.3,14.3,25-06-2024,05-11-2024,133,0.64
IND03688,Gujarat,Black,Cotton,42,7.4,19.1,287.9,73.5,0,09-07-2024,18-10-2024,101,0.41
IND03689,Madhya Pradesh,Black,Sugarcane,29,7.8,19.5,26.9,80.9,21.4,05-02-2024,04-07-2024,150,0.36
IND03690,Uttar Pradesh,Alluvial,Pulses,22,7.7,39,27.2,55.1,23.4,21-08-2024,30-11-2024,101,0.69
IND03691,Tamil Nadu,Black,Wheat,42.4,7.3,21.2,291.2,88.8,0,14-02-2024,20-05-2024,96,0.73
IND03692,Karnataka,Red,Groundnut,44.4,6.7,27.2,285.2,45.4,1.8,24-01-2024,02-07-2024,160,0.61
IND03693,Uttar Pradesh,Alluvial,Sugarcane,20.6,6.5,36.4,255.2,82.2,26.7,10-08-2024,30-11-2024,112,0.68
IND03694,Gujarat,Black,Cotton,17.3,7.6,28,85.3,46,26,19-05-2024,04-10-2024,138,0.49
IND03695,Karnataka,Red,Groundnut,42.7,6.4,19.3,116.4,68,21.3,20-05-2024,05-10-2024,138,0.47
IND03696,Haryana,Alluvial,Maize,18.4,7.8,37.4,293.5,54.5,2.1,18-01-2024,05-06-2024,139,0.9
IND03697,Bihar,Alluvial,Rice,17.6,6.8,32.4,72.3,61.1,10.4,24-06-2024,28-09-2024,96,0.68
IND03698,Uttar Pradesh,Alluvial,Maize,41.1,6.5,21.1,161.4,58.7,0,23-02-2024,14-06-2024,112,0.63
IND03699,West Bengal,Alluvial,Wheat,38.2,6.8,23.7,89.8,80.7,12.2,22-07-2024,13-12-2024,144,0.5
IND03700,Odisha,Laterite,Rice,20.7,7,20.1,242.3,72.9,3.2,16-07-2024,21-10-2024,97,0.6
IND03701,Uttar Pradesh,Alluvial,Rice,37.4,6.1,32.5,57.1,76.5,5.4,18-05-2024,01-10-2024,136,0.67
IND03702,Madhya Pradesh,Red,Millet,40.3,7.1,40,263.3,76.7,3.5,22-05-2024,18-08-2024,88,0.56
IND03703,Kerala,Laterite,Groundnut,19.9,7,39.2,62.4,42.9,31,16-05-2024,14-09-2024,121,0.37
IND03704,Bihar,Alluvial,Sugarcane,24.2,6.3,30.2,28.7,43.7,43.3,05-12-2024,23-03-2025,108,0.63
IND03705,Haryana,Alluvial,Pulses,17.3,7.4,20.5,198.5,70.3,7.1,18-05-2024,04-09-2024,109,0.66
IND03706,Tamil Nadu,Black,Sugarcane,30.8,6.9,18.5,107.7,72.2,24.5,19-02-2024,29-06-2024,131,0.76
IND03707,Andhra Pradesh,Black,Sugarcane,39.2,6.8,19.3,59.9,79.8,11.7,08-01-2024,25-05-2024,138,0.56
IND03708,Andhra Pradesh,Black,Cotton,42.6,6.3,33.9,245.1,86.5,22,23-10-2024,25-03-2025,153,0.87
IND03709,Uttar Pradesh,Alluvial,Rice,38.1,7.8,31.2,197,86.7,28.5,25-09-2024,02-02-2025,130,0.46
IND03710,Kerala,Laterite,Groundnut,39.1,6.5,24.9,190.9,43.1,1.8,13-07-2024,15-11-2024,125,0.58
IND03711,Madhya Pradesh,Black,Cotton,42.9,7.3,24.3,188.7,41.1,0,16-11-2024,20-03-2025,124,0.7
IND03712,Odisha,Laterite,Rice,16.9,6.3,32.9,250.7,42.6,18,02-12-2024,06-04-2025,125,0.67
IND03713,Telangana,Black,Wheat,43.3,7,23.6,241.6,89.8,5.1,24-01-2024,24-06-2024,152,0.71
IND03714,Bihar,Alluvial,Sugarcane,19.8,6.5,38,212.1,85,31.2,04-04-2024,09-08-2024,127,0.85
IND03715,Kerala,Laterite,Groundnut,25.1,7.1,35.9,109,66.2,35.9,04-08-2024,19-11-2024,107,0.49
IND03716,Andhra Pradesh,Black,Sugarcane,18.1,6.2,36.8,202.2,65.3,26.3,08-07-2024,18-10-2024,102,0.46
IND03717,Haryana,Alluvial,Pulses,37.2,7,24.7,78.6,67,3,05-09-2024,18-01-2025,135,0.84
IND03718,Rajasthan,Desert,Millet,17.3,7.6,24,289.2,88.2,24.8,21-04-2024,30-07-2024,100,0.52
IND03719,Karnataka,Black,Wheat,25.8,6.1,38.8,275.7,62.6,5.1,15-04-2024,26-07-2024,102,0.78
IND03720,Gujarat,Alluvial,Wheat,40.3,6.2,21.3,125.4,76.9,8.7,08-01-2024,30-05-2024,143,0.81
IND03721,West Bengal,Alluvial,Wheat,15.7,7,34,135.2,85.3,11.4,07-07-2024,27-10-2024,112,0.6
IND03722,Haryana,Alluvial,Sugarcane,36.9,6.7,30.8,236.3,66.9,20.9,17-06-2024,22-09-2024,97,0.81
IND03723,Gujarat,Black,Wheat,12.3,7.6,34.3,28.8,50,16.5,12-05-2024,10-10-2024,151,0.65
IND03724,Uttar Pradesh,Alluvial,Maize,30.1,6.8,35.3,289.2,67.7,0,08-03-2024,04-06-2024,88,0.46
IND03725,Maharashtra,Black,Cotton,27.5,7.6,20.8,146.8,69.7,5.8,15-12-2024,16-03-2025,91,0.53
IND03726,Rajasthan,Desert,Millet,34.1,6.5,19.4,182.9,58,0,03-02-2024,26-05-2024,113,0.38
IND03727,Tamil Nadu,Laterite,Groundnut,37.7,7.6,23.7,216.4,59,0,05-05-2024,04-09-2024,122,0.78
IND03728,Odisha,Laterite,Rice,42.9,7.5,26.1,263,57.8,0,04-11-2024,19-03-2025,135,0.76
IND03729,Kerala,Laterite,Groundnut,26.2,6.3,29,297.1,54.2,25.2,03-12-2024,24-04-2025,142,0.63
IND03730,Bihar,Alluvial,Maize,42,7.1,22.4,211.6,62.3,24.1,09-09-2024,12-02-2025,156,0.87
IND03731,Gujarat,Black,Sugarcane,24.3,7.2,29.5,187.9,69.4,29.4,02-06-2024,24-10-2024,144,0.86
IND03732,Gujarat,Black,Cotton,30.5,6.9,21.4,49.7,79.7,43.7,13-12-2024,13-03-2025,90,0.53
IND03733,Maharashtra,Laterite,Rice,38.3,6.8,30.1,231.2,54.8,0,09-05-2024,12-08-2024,95,0.88
IND03734,Rajasthan,Desert,Millet,42.5,7.3,25.9,266.2,78.2,1.5,01-09-2024,01-01-2025,122,0.62
IND03735,Kerala,Laterite,Rice,27.9,6.6,25.4,39.1,42.3,27.1,10-10-2024,06-03-2025,147,0.46
IND03736,Rajasthan,Alluvial,Rice,35.6,7,30.6,147.2,88.6,31,04-05-2024,02-08-2024,90,0.79
IND03737,Bihar,Alluvial,Pulses,13.1,7.5,38.6,262.5,78.9,21.4,09-08-2024,02-01-2025,146,0.48
IND03738,Karnataka,Red,Groundnut,29,7.5,31.9,277,58.3,12.2,24-04-2024,29-08-2024,127,0.87
IND03739,Odisha,Laterite,Groundnut,32.2,6,28.9,40.8,63.9,23.7,25-06-2024,14-11-2024,142,0.64
IND03740,Karnataka,Black,Cotton,20.8,7.4,34.5,207,45.7,6.4,03-09-2024,02-02-2025,152,0.54
IND03741,Maharashtra,Red,Maize,28.5,7.1,22.1,183,46.3,27.1,05-08-2024,21-12-2024,138,0.75
IND03742,Karnataka,Black,Wheat,31.8,6.2,37.5,187.1,64.5,5,02-02-2024,23-06-2024,142,0.42
IND03743,Uttar Pradesh,Alluvial,Wheat,33.7,6.2,24.8,96.4,57.6,37,10-10-2024,13-03-2025,154,0.74
IND03744,Kerala,Laterite,Groundnut,19.3,7.4,28.3,63.4,62.3,23.4,23-05-2024,30-10-2024,160,0.66
IND03745,Andhra Pradesh,Red,Groundnut,26.6,7.8,27.5,24.1,69.6,37.3,14-06-2024,25-10-2024,133,0.77
IND03746,Kerala,Laterite,Rice,43.5,6.7,29.3,216.8,40.2,0,09-08-2024,26-12-2024,139,0.67
IND03747,Haryana,Alluvial,Wheat,38.8,7.4,27.4,279,54,3.3,12-08-2024,18-11-2024,98,0.48
IND03748,West Bengal,Alluvial,Sugarcane,21.2,6.9,20.7,38.9,76.8,10.9,12-10-2024,06-03-2025,145,0.43
IND03749,Kerala,Laterite,Rice,39.5,6.8,31.6,244.2,45.2,1.2,10-10-2024,26-01-2025,108,0.66
IND03750,Odisha,Laterite,Groundnut,32.7,6.1,21.8,29,50.4,17,19-07-2024,11-12-2024,145,0.57
IND03751,Haryana,Alluvial,Rice,18.4,7.3,35.7,24.5,70.9,18.5,15-11-2024,17-04-2025,153,0.39
IND03752,Gujarat,Alluvial,Wheat,26.1,7.7,20.1,290.1,77.1,25.7,11-05-2024,19-09-2024,131,0.72
IND03753,Kerala,Laterite,Rice,34.8,7.1,33.2,47.4,89.7,2.4,06-04-2024,23-08-2024,139,0.81
IND03754,Karnataka,Black,Wheat,18.9,6,27.6,23.7,42.5,14,13-12-2024,11-04-2025,119,0.43
IND03755,Maharashtra,Laterite,Groundnut,14.4,6,22.3,172.4,87.5,15.8,01-08-2024,09-11-2024,100,0.7
IND03756,Madhya Pradesh,Red,Pulses,35.6,6.6,29.5,79.7,79.4,1.5,14-05-2024,05-10-2024,144,0.8
IND03757,Rajasthan,Desert,Millet,31.2,7.7,19.9,206.9,54.3,3.4,11-06-2024,28-09-2024,109,0.55
IND03758,Haryana,Alluvial,Rice,37.7,7.8,35.1,215.6,72.1,13.8,24-01-2024,29-04-2024,96,0.65
IND03759,Kerala,Laterite,Groundnut,20.9,7.2,36.3,46.1,86.1,46.2,15-01-2024,23-06-2024,160,0.72
IND03760,Madhya Pradesh,Red,Pulses,37.2,7.6,37.6,214.4,76.2,23.8,08-10-2024,12-01-2025,96,0.36
IND03761,Gujarat,Black,Sugarcane,33.6,7.7,29.2,289.5,40.3,0,13-11-2024,19-04-2025,157,0.47
IND03762,Bihar,Alluvial,Maize,39.9,6.9,32.4,234.1,77.3,7.6,11-05-2024,13-08-2024,94,0.49
IND03763,Haryana,Alluvial,Maize,21.2,6.9,19,212,49,11.7,14-01-2024,25-04-2024,102,0.67
IND03764,Punjab,Alluvial,Pulses,34.8,6.7,24.5,272.4,44.9,14.1,14-06-2024,30-10-2024,138,0.62
IND03765,Madhya Pradesh,Red,Groundnut,36.6,7.8,33.8,157.1,45.9,0,23-04-2024,23-08-2024,122,0.76
IND03766,Rajasthan,Desert,Millet,40.9,6.1,35.3,93.9,78.4,6.6,24-12-2024,27-05-2025,154,0.57
IND03767,Odisha,Laterite,Rice,39.7,6.9,33,23.3,40.6,22.2,11-09-2024,10-01-2025,121,0.71
IND03768,Maharashtra,Laterite,Rice,33.3,6.8,30.9,75.5,76.8,36.4,03-10-2024,06-01-2025,95,0.77
IND03769,Andhra Pradesh,Black,Sugarcane,23,7.2,30.5,126.2,64.3,9.4,03-11-2024,24-03-2025,141,0.59
IND03770,Gujarat,Black,Cotton,32.6,7.4,35,176.2,42,8.2,02-01-2024,30-05-2024,149,0.62
IND03771,Kerala,Laterite,Groundnut,15.2,6.3,30,140.2,75.2,17.3,21-10-2024,18-02-2025,120,0.67
IND03772,Rajasthan,Desert,Millet,23.9,7.5,34.2,140.7,73.2,33.2,08-07-2024,01-11-2024,116,0.38
IND03773,Telangana,Red,Pulses,21.4,7,34.4,199.8,43.7,19.4,04-11-2024,16-02-2025,104,0.44
IND03774,Gujarat,Alluvial,Maize,43.5,7,19.8,249.5,85,4.2,25-06-2024,14-10-2024,111,0.84
IND03775,Tamil Nadu,Laterite,Groundnut,33.9,6.9,38,220.7,89.9,26.3,03-04-2024,03-07-2024,91,0.77
IND03776,Maharashtra,Black,Sugarcane,27.2,7.4,31.4,231.2,46,0,25-01-2024,14-05-2024,110,0.48
IND03777,Gujarat,Black,Sugarcane,18,6.1,19.6,81.1,81.2,34,09-09-2024,25-01-2025,138,0.49
IND03778,Bihar,Alluvial,Wheat,14.4,7.2,37.5,76.4,75.4,40.2,23-01-2024,26-06-2024,155,0.41
IND03779,Madhya Pradesh,Black,Cotton,16,6.3,32.1,288.3,66.4,5.1,11-02-2024,09-05-2024,88,0.64
IND03780,Rajasthan,Alluvial,Sugarcane,27.8,6.2,29.1,35.4,75.8,43.5,05-03-2024,27-07-2024,144,0.85
IND03781,Andhra Pradesh,Red,Pulses,25.2,6.2,19.7,241.5,51.1,23.2,08-07-2024,23-11-2024,138,0.48
IND03782,West Bengal,Alluvial,Sugarcane,25.3,7,23,284.8,64.9,4.8,25-09-2024,21-01-2025,118,0.47
IND03783,Maharashtra,Laterite,Rice,24.1,6.8,27.1,108.6,84.8,36.2,17-12-2024,12-03-2025,85,0.48
IND03784,Maharashtra,Laterite,Groundnut,26.7,6.8,25.7,140.6,89.6,22.1,19-04-2024,17-09-2024,151,0.74
IND03785,Andhra Pradesh,Red,Pulses,35.9,7,24.1,24.7,88.6,22.1,01-06-2024,25-09-2024,116,0.49
IND03786,Andhra Pradesh,Red,Maize,23.3,6.2,34,81.2,88,40.1,05-10-2024,21-01-2025,108,0.39
IND03787,Kerala,Laterite,Groundnut,21.4,7.1,19.7,42.8,85.5,21.5,16-12-2024,10-05-2025,145,0.43
IND03788,West Bengal,Alluvial,Wheat,18.5,7.3,28.6,110,83.3,5.7,10-09-2024,27-12-2024,108,0.86
IND03789,Andhra Pradesh,Red,Maize,29.9,7.4,23.4,118,46.7,36.2,05-02-2024,30-06-2024,146,0.57
IND03790,Telangana,Black,Sugarcane,44.7,7.5,21.5,243.1,79.1,0,03-07-2024,16-11-2024,136,0.49
IND03791,Kerala,Laterite,Groundnut,21.1,6.5,34.2,260,89.3,11.9,02-09-2024,25-12-2024,114,0.46
IND03792,Tamil Nadu,Red,Groundnut,21.7,6.2,22.3,21.9,56.1,48.9,04-04-2024,18-08-2024,136,0.56
IND03793,Telangana,Black,Sugarcane,40.3,6.9,26.2,211.6,60.2,7.6,10-02-2024,14-06-2024,125,0.53
IND03794,Telangana,Red,Groundnut,42.9,7.7,21,148.7,78,0,18-11-2024,02-03-2025,104,0.52
IND03795,Bihar,Alluvial,Wheat,44.1,6.2,30.3,200.9,53.1,0.8,25-12-2024,02-04-2025,98,0.88
IND03796,Tamil Nadu,Red,Maize,24.2,7.1,37.8,148.2,68.9,22.7,15-01-2024,16-04-2024,92,0.79
IND03797,Odisha,Laterite,Rice,21.5,6.4,34,29.3,47.4,9.4,06-10-2024,27-01-2025,113,0.47
IND03798,Rajasthan,Alluvial,Maize,33.7,7.1,36.4,131.9,43.1,30.5,18-12-2024,27-04-2025,130,0.47
IND03799,Haryana,Alluvial,Pulses,19.8,7.6,24.7,138.1,42.1,10.6,25-05-2024,29-10-2024,157,0.49
IND03800,West Bengal,Alluvial,Sugarcane,18.4,7.5,22.8,192.9,83.6,3.5,13-09-2024,25-12-2024,103,0.52
IND03801,Uttar Pradesh,Alluvial,Rice,43.2,6.8,35.5,56.3,70.3,5.5,06-04-2024,02-08-2024,118,0.39
IND03802,Andhra Pradesh,Red,Maize,37.7,7,24.8,85,80.7,37.3,12-09-2024,07-12-2024,86,0.82
IND03803,Madhya Pradesh,Black,Cotton,14.4,6.5,31.7,289.7,49.9,15.5,10-07-2024,03-11-2024,116,0.55
IND03804,Andhra Pradesh,Black,Wheat,14.3,6.5,22.7,296.6,77.3,24.2,09-07-2024,03-11-2024,117,0.75
IND03805,Tamil Nadu,Laterite,Groundnut,39.2,6.5,33.8,206.1,52.9,18.6,18-02-2024,21-07-2024,154,0.51
IND03806,Karnataka,Red,Millet,24.9,6.4,25.1,279.1,40.7,3.3,20-09-2024,17-01-2025,119,0.51
IND03807,Karnataka,Red,Pulses,41.4,6.2,21.8,48,41.3,31.2,01-06-2024,30-09-2024,121,0.56
IND03808,West Bengal,Alluvial,Pulses,34.5,6.6,35.4,150.7,68.1,7,21-04-2024,29-07-2024,99,0.88
IND03809,Madhya Pradesh,Red,Millet,25.4,6.9,25,32.9,45.6,15.1,06-02-2024,28-06-2024,143,0.56
IND03810,Bihar,Alluvial,Pulses,39,6.3,24.2,104,44.2,0,21-04-2024,27-09-2024,159,0.64
IND03811,Haryana,Alluvial,Maize,20.6,7.2,21.5,173.7,42.4,22.2,13-10-2024,19-02-2025,129,0.44
IND03812,Tamil Nadu,Black,Cotton,19.4,7.5,34,108.3,85.5,30.5,06-01-2024,29-04-2024,114,0.51
IND03813,Tamil Nadu,Laterite,Groundnut,21.9,7.2,35.3,75.1,63.2,9.3,20-10-2024,12-02-2025,115,0.44
IND03814,West Bengal,Alluvial,Maize,12.9,7.3,35.9,121.9,47.7,10,22-09-2024,28-02-2025,159,0.57
IND03815,Karnataka,Red,Groundnut,39.8,6.2,37.8,76,75.5,2.7,14-10-2024,05-03-2025,142,0.53
IND03816,Odisha,Laterite,Rice,34.4,6.8,33.8,92.4,59.6,9.4,06-04-2024,01-09-2024,148,0.76
IND03817,Bihar,Alluvial,Wheat,29.3,7.6,22,261.3,46.7,19.8,22-06-2024,28-10-2024,128,0.86
IND03818,Maharashtra,Red,Groundnut,26.1,7.8,30.6,264.5,50.8,0,21-05-2024,07-09-2024,109,0.74
IND03819,Andhra Pradesh,Black,Wheat,43.3,7.6,34.8,35.9,72.4,20.1,16-02-2024,21-06-2024,126,0.67
IND03820,Odisha,Alluvial,Rice,20.5,6.1,23.9,289.7,85.5,0,20-11-2024,16-04-2025,147,0.81
IND03821,Telangana,Red,Maize,30.9,7.3,25,230.6,83.8,0,09-10-2024,28-02-2025,142,0.41
IND03822,Punjab,Alluvial,Sugarcane,19.3,6.7,21.4,23.6,66.7,22.2,09-08-2024,28-11-2024,111,0.46
IND03823,Uttar Pradesh,Alluvial,Sugarcane,44.2,6.8,26.9,214.3,81.8,17.9,24-03-2024,03-08-2024,132,0.53
IND03824,Haryana,Alluvial,Pulses,27.2,7.3,22.9,102.9,53.5,39.1,06-01-2024,03-04-2024,88,0.77
IND03825,Bihar,Alluvial,Wheat,34.8,6,34.4,274.9,60.7,8.8,11-12-2024,10-04-2025,120,0.89
IND03826,Punjab,Alluvial,Wheat,31.2,6.3,22.9,45.2,68.8,29.8,25-02-2024,26-05-2024,91,0.71
IND03827,West Bengal,Laterite,Groundnut,39.7,7.2,29.5,150,55.5,6.3,11-02-2024,27-06-2024,137,0.83
IND03828,Maharashtra,Black,Cotton,35.5,6.3,33.4,181.3,49.1,3.5,05-02-2024,13-07-2024,159,0.39
IND03829,Odisha,Laterite,Groundnut,35,6.4,33.3,230.5,53.5,21.3,15-07-2024,23-10-2024,100,0.57
IND03830,Telangana,Black,Wheat,20.4,6.2,18.9,203.8,88.8,31.7,19-07-2024,20-12-2024,154,0.47
IND03831,Gujarat,Alluvial,Sugarcane,37.6,6.4,27.5,60,54.7,3.6,03-10-2024,06-03-2025,154,0.73
IND03832,Gujarat,Alluvial,Wheat,17.1,7.6,23.2,291.2,68.6,0,13-01-2024,11-05-2024,119,0.88
IND03833,West Bengal,Laterite,Rice,37,7.2,25.7,109.6,52.9,28.9,16-06-2024,16-10-2024,122,0.38
IND03834,Kerala,Laterite,Groundnut,42.2,6.3,25.6,158.8,52.9,0,03-06-2024,14-10-2024,133,0.48
IND03835,Kerala,Laterite,Groundnut,14.8,6.1,37.4,230.5,59.3,7.3,14-01-2024,30-04-2024,107,0.54
IND03836,Madhya Pradesh,Red,Millet,27.7,6.4,35.6,184.4,41,1.5,23-12-2024,19-05-2025,147,0.41
IND03837,Bihar,Alluvial,Wheat,13.3,7.7,18,105.2,40.8,33.2,01-12-2024,30-03-2025,119,0.72
IND03838,Maharashtra,Laterite,Rice,17.1,7.4,27.3,63,58.4,35.4,20-10-2024,16-02-2025,119,0.54
IND03839,West Bengal,Alluvial,Maize,24,6.4,30.4,85,70.8,5.5,15-05-2024,27-09-2024,135,0.71
IND03840,Uttar Pradesh,Alluvial,Sugarcane,42.7,7.6,25.8,254.1,81.7,0,08-06-2024,03-10-2024,117,0.61
IND03841,Andhra Pradesh,Red,Groundnut,34.4,7.6,33.8,108.9,86.8,0,08-08-2024,02-11-2024,86,0.78
IND03842,West Bengal,Alluvial,Sugarcane,41.9,6,38.6,295.8,68.4,17.9,17-11-2024,06-04-2025,140,0.9
IND03843,Gujarat,Black,Cotton,28,7,23.5,261.7,85.6,0,12-11-2024,12-04-2025,151,0.43
IND03844,Punjab,Alluvial,Rice,42.4,6.6,27.6,214.8,52.9,21.9,03-02-2024,02-06-2024,120,0.44
IND03845,Rajasthan,Desert,Millet,30.4,6.5,21.7,20.5,59.8,8,05-02-2024,14-07-2024,160,0.64
IND03846,Telangana,Red,Pulses,21.6,7.5,37.3,146.9,48.7,4.4,14-02-2024,20-05-2024,96,0.69
IND03847,Uttar Pradesh,Alluvial,Wheat,26,7,34.2,259.6,72.6,14.3,08-04-2024,02-07-2024,85,0.66
IND03848,Uttar Pradesh,Alluvial,Rice,30.1,6.1,20.3,255.3,42.1,0,12-09-2024,09-02-2025,150,0.38
IND03849,Telangana,Red,Maize,26.3,6.1,39.6,208.3,52.1,0,15-12-2024,08-05-2025,144,0.54
IND03850,Madhya Pradesh,Black,Sugarcane,14.5,6.1,21.4,126.9,60.8,6.7,20-02-2024,05-06-2024,106,0.7
IND03851,Rajasthan,Desert,Millet,39.7,6.3,33.1,144.4,70,23,14-03-2024,24-06-2024,102,0.47
IND03852,Telangana,Black,Wheat,33.6,6.4,35.2,107.9,78.6,22.7,01-07-2024,29-09-2024,90,0.65
IND03853,Maharashtra,Red,Pulses,38.1,6.9,21.4,132.1,50.1,18.9,17-02-2024,24-05-2024,97,0.49
IND03854,Maharashtra,Red,Millet,12.6,6.9,22.7,230.7,64.8,30.9,07-02-2024,06-05-2024,89,0.64
IND03855,Punjab,Alluvial,Wheat,20.8,7.6,39.5,228.3,58.2,29.6,12-01-2024,22-05-2024,131,0.86
IND03856,Haryana,Alluvial,Pulses,16.1,7.8,21.4,296,45.6,0,05-05-2024,15-09-2024,133,0.38
IND03857,Odisha,Alluvial,Sugarcane,41,7.4,39.9,108.8,59.4,24.6,18-07-2024,01-12-2024,136,0.69
IND03858,Madhya Pradesh,Black,Wheat,12.2,6.4,18.5,159.8,66.7,16.8,12-09-2024,16-12-2024,95,0.66
IND03859,Karnataka,Laterite,Rice,43.4,7,34.6,270,63.3,19.5,25-10-2024,24-02-2025,122,0.39
IND03860,Bihar,Alluvial,Sugarcane,37.8,7.5,29.4,48.5,71.1,11,24-11-2024,09-04-2025,136,0.58
IND03861,West Bengal,Laterite,Groundnut,30.8,7.6,32,279.1,82.4,0,01-10-2024,19-01-2025,110,0.52
IND03862,Telangana,Black,Wheat,29.1,6.2,29.3,193.7,88.7,28.2,17-05-2024,15-10-2024,151,0.83
IND03863,Odisha,Laterite,Groundnut,31.3,7.1,22.3,211.4,53.3,0,02-02-2024,30-06-2024,149,0.54
IND03864,West Bengal,Alluvial,Rice,17.6,7.3,29.8,166.6,63.5,18.4,19-01-2024,15-05-2024,117,0.41
IND03865,Maharashtra,Laterite,Groundnut,32.3,6.5,31.8,212.4,76,14.1,08-02-2024,09-06-2024,122,0.85
IND03866,Madhya Pradesh,Black,Cotton,39.7,7.6,36.8,281.1,50.6,0,21-08-2024,22-12-2024,123,0.67
IND03867,Uttar Pradesh,Alluvial,Rice,24.5,7.1,23.8,269.6,83.2,0,11-07-2024,26-11-2024,138,0.7
IND03868,Tamil Nadu,Black,Wheat,26.3,6.7,27.2,201.3,52.8,0,15-04-2024,23-08-2024,130,0.74
IND03869,Odisha,Alluvial,Pulses,34.3,7.1,31.2,134.6,40.5,30.6,08-11-2024,01-03-2025,113,0.71
IND03870,Odisha,Alluvial,Pulses,42.1,7.7,31.1,60,68.7,1,06-12-2024,04-05-2025,149,0.88
IND03871,Madhya Pradesh,Red,Groundnut,29.2,7,24.3,130.1,71.9,19.6,24-08-2024,09-12-2024,107,0.85
IND03872,Odisha,Laterite,Groundnut,18.1,6.2,33.6,299.5,55.2,0,19-10-2024,23-02-2025,127,0.76
IND03873,Punjab,Alluvial,Wheat,29.2,6.4,28.8,23.9,45.6,36,16-05-2024,27-08-2024,103,0.44
IND03874,Telangana,Red,Groundnut,23.5,7.8,25.7,48.5,51.5,25.7,06-05-2024,05-10-2024,152,0.54
IND03875,Gujarat,Alluvial,Sugarcane,43.9,6.8,36.3,24.4,47.1,29.3,04-11-2024,12-03-2025,128,0.4
IND03876,Haryana,Alluvial,Pulses,16.2,6.9,20.2,158.5,79.6,2,23-08-2024,18-11-2024,87,0.81
IND03877,Madhya Pradesh,Black,Sugarcane,40.3,6.2,21.8,158,67.1,13,15-08-2024,08-11-2024,85,0.54
IND03878,Haryana,Alluvial,Maize,25.6,6.1,30.6,213.1,49.9,22.6,10-10-2024,26-01-2025,108,0.64
IND03879,Uttar Pradesh,Alluvial,Pulses,22.4,6.7,28.5,188.1,88.3,30,14-03-2024,09-07-2024,117,0.41
IND03880,Telangana,Black,Cotton,16.6,6.6,37.8,225.2,51.5,0.9,25-06-2024,16-11-2024,144,0.82
IND03881,Bihar,Alluvial,Rice,30.3,6.6,20.2,99.5,77,18.6,22-11-2024,15-02-2025,85,0.38
IND03882,Andhra Pradesh,Black,Cotton,24.1,6.1,28.6,291.8,78.6,13.4,08-04-2024,14-09-2024,159,0.49
IND03883,Rajasthan,Desert,Millet,30.6,6.3,21.2,35.2,53.2,27.8,07-03-2024,12-06-2024,97,0.64
IND03884,Odisha,Alluvial,Wheat,38.7,6.6,26.5,199.5,64.1,11.8,14-08-2024,01-12-2024,109,0.54
IND03885,Uttar Pradesh,Alluvial,Wheat,17.6,7.7,38.6,272.4,51.9,30.6,14-12-2024,19-04-2025,126,0.8
IND03886,Punjab,Alluvial,Pulses,30.3,7.3,19.1,237.9,75.5,4.7,06-12-2024,11-05-2025,156,0.69
IND03887,Tamil Nadu,Black,Sugarcane,16,7.4,37.4,194,63.1,9.4,03-09-2024,07-01-2025,126,0.58
IND03888,Bihar,Alluvial,Sugarcane,12.9,6.6,31,24.2,73.8,25.5,23-06-2024,19-11-2024,149,0.66
IND03889,West Bengal,Alluvial,Wheat,27.8,6.6,33.3,38.1,70.4,44.4,05-04-2024,07-09-2024,155,0.7
IND03890,Punjab,Alluvial,Pulses,23.2,7.4,23.6,135.3,62.6,27.4,14-02-2024,23-06-2024,130,0.48
IND03891,Uttar Pradesh,Alluvial,Maize,36.3,6.3,22.3,51.6,80.4,6.2,25-09-2024,18-02-2025,146,0.81
IND03892,Odisha,Laterite,Groundnut,36,7.4,33.2,290.3,49.6,0,20-09-2024,03-01-2025,105,0.87
IND03893,Karnataka,Laterite,Rice,28.8,6.4,28,272.4,41.6,0,14-01-2024,18-05-2024,125,0.69
IND03894,Uttar Pradesh,Alluvial,Pulses,34.2,6.4,25.7,289.1,82.4,0,13-07-2024,14-12-2024,154,0.43
IND03895,Punjab,Alluvial,Sugarcane,41.4,6.9,22.8,96.4,66.9,24.1,13-06-2024,16-09-2024,95,0.68
IND03896,Andhra Pradesh,Black,Sugarcane,27.3,6.9,22.8,273.4,79.2,14.3,14-05-2024,26-08-2024,104,0.56
IND03897,West Bengal,Laterite,Groundnut,21.4,6.9,23.5,228.9,62.4,0,19-07-2024,24-10-2024,97,0.81
IND03898,Andhra Pradesh,Red,Maize,16.1,7.1,19.4,46.8,52.6,30.1,13-04-2024,11-08-2024,120,0.78
IND03899,Madhya Pradesh,Red,Pulses,23.5,7.2,22.4,212.9,57.4,16.8,06-03-2024,24-07-2024,140,0.62
IND03900,West Bengal,Alluvial,Rice,31.2,7.3,19.1,237.3,52.3,0.9,05-03-2024,02-07-2024,119,0.54
IND03901,Telangana,Red,Groundnut,18.8,6.3,23.8,242.2,77.3,1.8,05-07-2024,07-11-2024,125,0.53
IND03902,Andhra Pradesh,Black,Sugarcane,19.4,7.1,39.3,53.2,61.1,9.6,04-07-2024,21-11-2024,140,0.89
IND03903,Odisha,Laterite,Groundnut,39.6,6.5,20.2,228.9,70.6,0,14-11-2024,08-02-2025,86,0.53
IND03904,Madhya Pradesh,Black,Cotton,20.7,6.4,32.8,32.8,76.8,17.9,15-01-2024,03-06-2024,140,0.81
IND03905,West Bengal,Alluvial,Rice,34.3,7.3,27.7,233.1,45.2,0,16-08-2024,21-11-2024,97,0.68
IND03906,Rajasthan,Desert,Millet,39.8,7.5,20.8,33.4,43.7,36.7,01-01-2024,09-04-2024,99,0.78
IND03907,Bihar,Alluvial,Wheat,25.1,6.4,31.7,20.8,80.8,26.3,13-09-2024,28-01-2025,137,0.54
IND03908,Haryana,Alluvial,Rice,24.7,6.8,27.9,194.2,61,13.6,22-04-2024,02-09-2024,133,0.45
IND03909,Uttar Pradesh,Alluvial,Maize,43.9,6.7,32.4,52.6,85.6,20.4,18-01-2024,28-04-2024,101,0.68
IND03910,West Bengal,Laterite,Rice,17.8,6.8,34.6,243.4,89.4,0,18-06-2024,14-11-2024,149,0.57
IND03911,Punjab,Alluvial,Sugarcane,22.5,7.1,21.2,96.4,76.7,3.9,16-06-2024,20-11-2024,157,0.49
IND03912,Haryana,Alluvial,Wheat,34.1,7.1,18.6,155.7,57.6,0,21-02-2024,14-06-2024,114,0.69
IND03913,Haryana,Alluvial,Maize,34.2,6,21.4,51.5,58.9,20.3,10-03-2024,07-06-2024,89,0.54
IND03914,Rajasthan,Alluvial,Rice,40,7.7,32.7,100.6,71,6.1,23-03-2024,12-07-2024,111,0.65
IND03915,Odisha,Laterite,Rice,42.7,7.1,30.4,98.9,62.3,5.3,23-05-2024,20-09-2024,120,0.65
IND03916,Maharashtra,Laterite,Rice,17.2,7.2,32,74.2,68.1,7.9,13-01-2024,05-05-2024,113,0.58
IND03917,Karnataka,Laterite,Rice,41.2,6.1,27.5,122.4,70.1,18.7,15-11-2024,30-03-2025,135,0.46
IND03918,Uttar Pradesh,Alluvial,Sugarcane,26.8,6.5,35.9,288.4,50.3,0.2,21-04-2024,06-09-2024,138,0.59
IND03919,Maharashtra,Red,Millet,22.6,7.1,36.1,223.3,40.2,7,21-02-2024,02-07-2024,132,0.85
IND03920,Tamil Nadu,Black,Wheat,44.6,6.5,30.1,103.8,64.9,17,21-06-2024,03-10-2024,104,0.73
IND03921,West Bengal,Alluvial,Sugarcane,18.2,7,24.3,238.2,73.7,19.9,11-03-2024,13-06-2024,94,0.36
IND03922,Telangana,Black,Cotton,31.1,7.3,34.8,62.6,48.7,30.5,13-01-2024,20-06-2024,159,0.68
IND03923,Haryana,Alluvial,Wheat,12.5,6.6,27.2,200.8,89,19.5,05-04-2024,15-08-2024,132,0.71
IND03924,Odisha,Laterite,Rice,16.5,6.3,21.9,289.7,47.3,8.7,12-02-2024,14-06-2024,123,0.51
IND03925,Karnataka,Red,Maize,22,6,37.9,205.5,53.3,12.7,08-10-2024,12-01-2025,96,0.35
IND03926,Maharashtra,Laterite,Rice,22.8,6.4,28.2,263.8,64.6,0,23-07-2024,22-10-2024,91,0.42
IND03927,Odisha,Laterite,Groundnut,24.1,6.6,35.7,288.8,87.8,16.9,25-09-2024,15-02-2025,143,0.52
IND03928,Uttar Pradesh,Alluvial,Sugarcane,44.8,6.9,31.6,159.9,88.2,27.8,22-11-2024,26-02-2025,96,0.55
IND03929,Andhra Pradesh,Black,Sugarcane,22.9,7.3,20.4,184,56.3,26.1,19-12-2024,30-04-2025,132,0.45
IND03930,Bihar,Alluvial,Sugarcane,17.3,6.9,31.2,51.7,42.1,45.3,05-02-2024,10-07-2024,156,0.7
IND03931,Karnataka,Red,Maize,20.2,7,34.7,222.6,67.3,8,17-08-2024,23-11-2024,98,0.87
IND03932,Bihar,Alluvial,Rice,24.5,7.5,37.5,43.6,88.7,7,06-11-2024,10-04-2025,155,0.69
IND03933,Maharashtra,Red,Pulses,44.9,6.1,34.7,250.8,88.3,18.6,02-12-2024,18-04-2025,137,0.76
IND03934,Bihar,Alluvial,Maize,20.3,6.3,18.6,228.1,47.1,31.3,25-09-2024,04-03-2025,160,0.7
IND03935,Madhya Pradesh,Red,Maize,14,7,21.3,86,87.3,39.5,23-11-2024,19-04-2025,147,0.41
IND03936,Maharashtra,Red,Maize,32.2,6.4,34.5,121,72.7,21.3,09-12-2024,13-03-2025,94,0.38
IND03937,Andhra Pradesh,Black,Wheat,28.7,6.2,27.9,38.8,58.8,29.3,24-06-2024,18-11-2024,147,0.75
IND03938,Karnataka,Black,Wheat,22.9,6.1,33.1,267,47.7,7.3,20-11-2024,15-02-2025,87,0.51
IND03939,Telangana,Red,Millet,22.7,6.6,36.7,188,53.4,24.9,05-09-2024,30-11-2024,86,0.6
IND03940,Uttar Pradesh,Alluvial,Sugarcane,13.7,7.5,25.9,23.7,82.5,41.7,06-01-2024,17-05-2024,132,0.9
IND03941,Uttar Pradesh,Alluvial,Rice,24.1,7.2,19.9,288.3,69.4,0,22-04-2024,08-08-2024,108,0.4
IND03942,Punjab,Alluvial,Maize,20.7,7.2,23.5,107.2,74.3,36.7,23-01-2024,30-04-2024,98,0.74
IND03943,Karnataka,Red,Maize,27.7,6.1,19.5,240.9,67.3,16.2,21-03-2024,25-07-2024,126,0.52
IND03944,Kerala,Laterite,Rice,30.7,6.2,28.5,254.6,79.8,4.5,19-06-2024,16-09-2024,89,0.38
IND03945,West Bengal,Alluvial,Sugarcane,37.6,7.2,36.4,206.2,76.7,14.4,25-11-2024,02-05-2025,158,0.64
IND03946,Odisha,Laterite,Groundnut,43.9,7,29,253.4,78.3,7.3,09-02-2024,17-05-2024,98,0.49
IND03947,West Bengal,Laterite,Rice,28.4,6.7,20.3,118.7,52.5,12.7,24-07-2024,24-10-2024,92,0.88
IND03948,Rajasthan,Desert,Millet,25.1,6,25.8,271.2,46.2,4.5,01-05-2024,24-09-2024,146,0.37
IND03949,Punjab,Alluvial,Sugarcane,39,7.5,25.5,79,73,27.9,15-12-2024,15-03-2025,90,0.58
IND03950,Bihar,Alluvial,Rice,26.7,6,38.7,95.3,53.2,18.8,05-05-2024,07-09-2024,125,0.9
IND03951,Uttar Pradesh,Alluvial,Rice,27.3,7.2,20.1,80.6,40.5,9.4,10-05-2024,11-10-2024,154,0.48
IND03952,Haryana,Alluvial,Pulses,27.7,6.3,21,266.8,61.6,0,24-04-2024,01-10-2024,160,0.76
IND03953,Odisha,Alluvial,Wheat,32.1,6.5,39.5,208.9,84.5,8,21-11-2024,31-03-2025,130,0.39
IND03954,Haryana,Alluvial,Rice,37.1,7.1,21,294.4,42.2,0,23-06-2024,19-09-2024,88,0.59
IND03955,Bihar,Alluvial,Pulses,14.4,6.1,39.5,99.7,63.2,20.5,20-12-2024,16-03-2025,86,0.78
IND03956,Andhra Pradesh,Red,Maize,35.1,7.1,25.6,139.6,55.3,10.3,09-11-2024,16-03-2025,127,0.78
IND03957,Tamil Nadu,Laterite,Rice,40.7,6.6,28.8,45.5,40.5,7.3,08-02-2024,29-05-2024,111,0.86
IND03958,Maharashtra,Laterite,Groundnut,44.2,6.7,36.4,178.8,80.6,0,08-03-2024,12-08-2024,157,0.49
IND03959,Bihar,Alluvial,Rice,29.4,6.1,20.3,264.9,87.3,24.1,09-03-2024,04-08-2024,148,0.68
IND03960,Andhra Pradesh,Red,Maize,38.9,7.1,25.9,172.7,42.3,30,09-11-2024,11-02-2025,94,0.8
IND03961,Kerala,Laterite,Groundnut,14,6.6,28.8,173.5,67,18.4,19-07-2024,10-12-2024,144,0.35
IND03962,Madhya Pradesh,Red,Millet,15.6,7.4,22.6,95.6,45.9,42.2,16-02-2024,04-07-2024,139,0.6
IND03963,Gujarat,Alluvial,Rice,24.3,7.7,31.3,57.9,54.4,36.4,13-07-2024,20-11-2024,130,0.9
IND03964,Madhya Pradesh,Black,Cotton,14.1,7.3,30.6,68.6,72.6,41.3,12-02-2024,10-05-2024,88,0.62
IND03965,Odisha,Alluvial,Pulses,37.1,6.1,24.7,83.6,59.4,26.7,01-04-2024,22-08-2024,143,0.7
IND03966,Haryana,Alluvial,Wheat,31.2,6.7,21.6,23.2,75.3,15.8,07-12-2024,14-05-2025,158,0.42
IND03967,Gujarat,Alluvial,Maize,15.5,6.7,35.1,82.3,66.6,45.2,04-04-2024,30-08-2024,148,0.85
IND03968,Andhra Pradesh,Red,Millet,43.9,6.5,27.4,58.5,47.9,24.5,04-09-2024,29-12-2024,116,0.8
IND03969,Andhra Pradesh,Black,Sugarcane,26.6,6.3,26.1,161.6,81.1,8.1,04-03-2024,10-06-2024,98,0.68
IND03970,Maharashtra,Red,Pulses,12.2,7.7,24.8,66.7,48.4,41.5,11-01-2024,02-05-2024,112,0.41
IND03971,Haryana,Alluvial,Maize,15.2,7.5,36.6,270.4,86.9,10.6,20-10-2024,10-02-2025,113,0.71
IND03972,Karnataka,Red,Maize,30.6,7.3,25.9,112.4,47.5,19.8,19-04-2024,02-08-2024,105,0.5
IND03973,Haryana,Alluvial,Pulses,35.2,6.9,29.1,226.9,58.1,9.6,24-07-2024,24-12-2024,153,0.51
IND03974,West Bengal,Alluvial,Rice,29,7.4,33.5,124.5,84.5,22,21-12-2024,01-05-2025,131,0.7
IND03975,Madhya Pradesh,Red,Millet,19.2,7.3,35.8,133,78.8,20.6,04-06-2024,06-11-2024,155,0.48
IND03976,Bihar,Alluvial,Rice,44.1,7.4,27.7,23,44.7,2.5,15-03-2024,19-08-2024,157,0.51
IND03977,Maharashtra,Black,Sugarcane,44.4,6,37.2,127.9,82.2,27,19-11-2024,09-03-2025,110,0.61
IND03978,Bihar,Alluvial,Sugarcane,33.3,6.2,28.5,212.8,45.5,9.1,20-06-2024,13-11-2024,146,0.45
IND03979,Gujarat,Alluvial,Sugarcane,38.5,6.7,29.5,287.5,62.3,18.3,25-01-2024,02-06-2024,129,0.58
IND03980,Andhra Pradesh,Black,Cotton,17.7,6.9,23.1,74.4,65.5,34.9,18-03-2024,03-08-2024,138,0.45
IND03981,Tamil Nadu,Red,Millet,13.4,6.9,35.2,215.8,82.9,11,17-01-2024,28-04-2024,102,0.7
IND03982,Telangana,Red,Groundnut,29,6.8,31.6,51.1,89.8,22.4,08-04-2024,04-07-2024,87,0.58
IND03983,Madhya Pradesh,Red,Groundnut,31.1,7.3,31.1,299.5,76.9,0.6,12-07-2024,14-10-2024,94,0.41
IND03984,Maharashtra,Laterite,Rice,44.6,7.3,36.5,25.2,51.6,40,13-08-2024,20-12-2024,129,0.81
IND03985,Gujarat,Black,Sugarcane,18.7,6.9,21,268.7,76.8,0.6,19-02-2024,25-06-2024,127,0.43
IND03986,Haryana,Alluvial,Wheat,24.3,6.8,23.4,234.7,62.6,15.4,24-12-2024,09-05-2025,136,0.71
IND03987,Punjab,Alluvial,Pulses,23.7,7.5,36.7,271.8,42.6,0,16-08-2024,19-11-2024,95,0.73
IND03988,Odisha,Laterite,Groundnut,25.4,6.9,38.7,234.6,43.8,29.5,24-12-2024,25-05-2025,152,0.87
IND03989,Tamil Nadu,Laterite,Rice,15.4,6.8,38.9,153.8,60.4,25,14-06-2024,12-09-2024,90,0.84
IND03990,Karnataka,Black,Sugarcane,40.6,6.8,29.4,73.8,45,23.9,13-07-2024,18-10-2024,97,0.76
IND03991,Maharashtra,Black,Cotton,27.1,7.1,28.2,299.8,78.6,23.7,16-02-2024,28-05-2024,102,0.76
IND03992,Haryana,Alluvial,Wheat,39,7.2,32.9,124.9,49.3,0,02-02-2024,03-07-2024,152,0.63
IND03993,Bihar,Alluvial,Sugarcane,32.8,7.4,27,57.3,60.8,35.8,25-04-2024,15-09-2024,143,0.42
IND03994,Uttar Pradesh,Alluvial,Pulses,21,6.3,38.3,299,55.3,20.1,07-02-2024,27-05-2024,110,0.7
IND03995,Bihar,Alluvial,Pulses,14.9,7.6,27.3,64.1,56.2,26.3,06-08-2024,13-01-2025,160,0.39
IND03996,Karnataka,Red,Millet,39.5,7.3,26.2,190.2,42,0,24-08-2024,13-12-2024,111,0.78
IND03997,Uttar Pradesh,Alluvial,Maize,43.3,6.4,18.2,126.1,44.7,29.2,20-03-2024,23-06-2024,95,0.48
IND03998,Madhya Pradesh,Black,Cotton,14.6,6.1,38.3,170.4,60.4,27.4,07-04-2024,03-08-2024,118,0.71
IND03999,Tamil Nadu,Laterite,Groundnut,33.5,7.7,34.5,260,56.5,16.8,06-07-2024,01-12-2024,148,0.81
IND04000,Kerala,Laterite,Rice,44.8,6.7,30.6,187.6,50.2,14.4,01-03-2024,29-05-2024,89,0.62
IND04001,Tamil Nadu,Laterite,Groundnut,36.7,6.4,39.1,231.4,87.3,0,11-09-2024,04-02-2025,146,0.5
IND04002,Andhra Pradesh,Red,Pulses,44.3,7.4,25.7,295.9,82.7,3.9,15-07-2024,20-12-2024,158,0.37
IND04003,Kerala,Laterite,Groundnut,39.5,6.3,33.4,81.8,73.2,7.6,08-01-2024,24-05-2024,137,0.69
IND04004,Bihar,Alluvial,Sugarcane,35.1,7.2,25.8,213,89.7,18.6,25-06-2024,25-11-2024,153,0.84
IND04005,Punjab,Alluvial,Pulses,44.8,6.5,37.5,253.6,74.6,0,09-08-2024,04-11-2024,87,0.59
IND04006,Maharashtra,Laterite,Groundnut,12.2,7,22.3,241.3,50,28,01-02-2024,18-06-2024,138,0.72
IND04007,Uttar Pradesh,Alluvial,Maize,31.7,6.4,20.6,79.4,43.9,4.7,24-06-2024,27-10-2024,125,0.67
IND04008,Odisha,Alluvial,Wheat,30.5,6.8,34.3,290.6,78.8,16.3,20-09-2024,18-12-2024,89,0.79
IND04009,Bihar,Alluvial,Rice,43.9,7.3,20.3,153.8,52.7,1.3,11-01-2024,13-05-2024,123,0.37
IND04010,Madhya Pradesh,Red,Groundnut,42.5,6.1,36.6,21.4,55.7,33,02-10-2024,11-03-2025,160,0.73
IND04011,Andhra Pradesh,Black,Sugarcane,15.2,6.8,32,208.4,88.9,34.8,01-04-2024,15-08-2024,136,0.59
IND04012,Uttar Pradesh,Alluvial,Maize,43.1,7.4,30.8,54.1,58.7,26.6,14-01-2024,11-04-2024,88,0.77
IND04013,Tamil Nadu,Red,Maize,20.7,7.6,28,217.1,85.9,0,14-08-2024,18-01-2025,157,0.72
IND04014,Kerala,Laterite,Groundnut,30.7,7.2,19,190,80.8,29.6,22-03-2024,16-08-2024,147,0.86
IND04015,Bihar,Alluvial,Maize,32.6,7.6,34.9,43.9,40.2,30,06-09-2024,09-12-2024,94,0.49
IND04016,Madhya Pradesh,Black,Cotton,29,6.1,36.8,269,60.3,22.8,05-09-2024,17-01-2025,134,0.61
IND04017,Maharashtra,Black,Sugarcane,35.6,6.1,28.1,127.9,58.7,16.5,09-09-2024,01-01-2025,114,0.89
IND04018,Telangana,Red,Groundnut,18.9,7.7,38.2,237.7,53.4,25.3,06-12-2024,12-03-2025,96,0.54
IND04019,Odisha,Laterite,Groundnut,16.4,6.3,30.2,299.6,58,2.6,13-09-2024,09-12-2024,87,0.85
IND04020,Madhya Pradesh,Red,Pulses,42.1,6.2,23.9,145.8,56.1,13,24-03-2024,04-08-2024,133,0.37
IND04021,Gujarat,Alluvial,Sugarcane,39.3,7.1,32.9,64.4,77.7,16.8,24-03-2024,24-07-2024,122,0.76
IND04022,Telangana,Red,Maize,31.7,7.4,28.6,171.8,80.2,0,03-11-2024,23-03-2025,140,0.6
IND04023,Gujarat,Black,Sugarcane,12.9,7.6,25.1,58.2,42.8,19.3,12-07-2024,25-11-2024,136,0.84
IND04024,Tamil Nadu,Black,Wheat,18.2,7,18.4,96,63.4,40.3,14-05-2024,21-08-2024,99,0.5
IND04025,Odisha,Laterite,Rice,14.1,6.7,37.1,151.1,79.7,32.3,15-05-2024,14-10-2024,152,0.78
IND04026,Gujarat,Alluvial,Rice,36.3,7.6,36.8,56.6,69.9,28.3,16-11-2024,23-03-2025,127,0.88
IND04027,Karnataka,Black,Wheat,32.7,6.8,39,267.7,63.3,4.6,11-01-2024,07-06-2024,148,0.84
IND04028,Punjab,Alluvial,Rice,31.1,6.1,37.3,145.2,55.9,13.4,01-01-2024,26-04-2024,116,0.5
IND04029,Tamil Nadu,Laterite,Groundnut,31.8,6.8,34.1,254,40.7,12.3,12-06-2024,03-11-2024,144,0.73
IND04030,Gujarat,Black,Cotton,23.3,6.3,34.2,247.9,76.6,17.3,14-09-2024,08-12-2024,85,0.72
IND04031,Karnataka,Laterite,Groundnut,35.3,6.8,21.7,129.3,73.1,12.7,21-06-2024,23-11-2024,155,0.86
IND04032,Gujarat,Black,Cotton,23,7.8,38.5,39.7,41.8,21.5,14-08-2024,21-11-2024,99,0.56
IND04033,West Bengal,Alluvial,Sugarcane,28.8,6.5,23.9,165.7,61.7,2,02-11-2024,09-03-2025,127,0.52
IND04034,Punjab,Alluvial,Rice,38.2,6.3,31,95.2,76.5,16.5,19-03-2024,21-08-2024,155,0.44
IND04035,Tamil Nadu,Laterite,Rice,35.9,6.7,20.4,286.3,42.3,9.1,22-09-2024,17-02-2025,148,0.85
IND04036,Haryana,Alluvial,Sugarcane,29.7,7.8,37.9,50.5,52.4,11.5,08-04-2024,24-08-2024,138,0.68
IND04037,Karnataka,Laterite,Groundnut,28.7,6.4,31.2,236.4,79.8,19,01-06-2024,02-10-2024,123,0.45
IND04038,Uttar Pradesh,Alluvial,Maize,44.5,6.2,25.5,235.6,63.8,3.8,11-08-2024,14-01-2025,156,0.84
IND04039,Odisha,Alluvial,Sugarcane,31.1,6.2,20.3,139.3,56.2,1.6,15-06-2024,16-09-2024,93,0.49
IND04040,Punjab,Alluvial,Pulses,15.2,6.5,35.1,204.3,75.9,17.3,07-12-2024,16-05-2025,160,0.42
IND04041,Haryana,Alluvial,Maize,29.1,7.5,22.2,112.7,84,33.4,24-11-2024,27-04-2025,154,0.72
IND04042,Bihar,Alluvial,Sugarcane,17.5,6.6,35.4,233.7,68.2,23.2,18-04-2024,07-08-2024,111,0.58
IND04043,Gujarat,Black,Sugarcane,12.9,7.3,38.1,105.1,84.7,36.8,14-03-2024,02-08-2024,141,0.36
IND04044,Haryana,Alluvial,Maize,23.8,7.3,26.6,165,53.8,34.1,07-06-2024,06-09-2024,91,0.55
IND04045,Telangana,Black,Sugarcane,25.2,7.4,32.2,124.6,68.9,23.6,08-12-2024,17-03-2025,99,0.37
IND04046,Punjab,Alluvial,Maize,22.4,6.2,31.2,99.4,43.4,13.7,13-10-2024,09-02-2025,119,0.6
IND04047,Haryana,Alluvial,Sugarcane,15,6.3,22.9,128.8,56.4,31.4,22-05-2024,06-09-2024,107,0.53
IND04048,Punjab,Alluvial,Maize,26,7.5,23.6,212.7,63.2,0,13-05-2024,20-09-2024,130,0.77
IND04049,Tamil Nadu,Red,Pulses,30.1,6.2,21.7,209.9,78.6,1.2,25-01-2024,03-06-2024,130,0.55
IND04050,Punjab,Alluvial,Sugarcane,33.4,6.4,36.1,262.7,43.2,0.4,18-03-2024,23-08-2024,158,0.83
IND04051,Uttar Pradesh,Alluvial,Rice,30.5,6.4,36.8,228.2,43,15.2,03-09-2024,13-01-2025,132,0.89
IND04052,Haryana,Alluvial,Rice,40.7,6.4,28.9,258.4,55.8,18.8,05-05-2024,12-09-2024,130,0.41
IND04053,Tamil Nadu,Laterite,Rice,29.2,6.6,29.5,183.9,67,29.5,15-09-2024,29-12-2024,105,0.66
IND04054,Rajasthan,Alluvial,Maize,34.8,6.6,30.3,87.5,45.2,30,01-12-2024,10-03-2025,99,0.57
IND04055,Karnataka,Black,Wheat,27.9,6.3,36.2,220.9,61.3,3.3,24-02-2024,28-06-2024,125,0.67
IND04056,Gujarat,Black,Wheat,34.6,7.8,18.7,178.2,67,8.4,10-09-2024,19-12-2024,100,0.62
IND04057,Tamil Nadu,Red,Maize,17.9,6,39.1,216.2,51.9,14.6,19-01-2024,30-04-2024,102,0.77
IND04058,Tamil Nadu,Black,Wheat,44.4,6.2,20.9,293.7,42.1,0,22-03-2024,27-07-2024,127,0.78
IND04059,Uttar Pradesh,Alluvial,Maize,39.4,6.6,25.8,243.8,77.5,0,11-11-2024,13-04-2025,153,0.6
IND04060,Telangana,Red,Pulses,21.2,7,36.9,71,73.5,42.6,07-09-2024,09-12-2024,93,0.57
IND04061,Kerala,Laterite,Groundnut,21.6,6.4,38.9,165.5,70.9,6.8,23-04-2024,14-09-2024,144,0.56
IND04062,Kerala,Laterite,Rice,44.8,6.9,32.3,213,86.6,16.2,18-02-2024,15-06-2024,118,0.87
IND04063,Maharashtra,Red,Maize,18.6,6.5,20.7,90.1,44.9,35.7,15-01-2024,21-04-2024,97,0.41
IND04064,Maharashtra,Black,Wheat,13.9,6.9,23.4,66.3,44.2,43.1,13-11-2024,19-02-2025,98,0.75
IND04065,Odisha,Laterite,Rice,22.4,6.3,21.9,160.5,59.1,21.7,08-05-2024,09-09-2024,124,0.44
IND04066,West Bengal,Laterite,Rice,15.4,7,32,53,45.1,38.3,21-03-2024,19-07-2024,120,0.44
IND04067,Uttar Pradesh,Alluvial,Maize,12.7,6.8,29.7,60.2,63.2,33.3,25-01-2024,29-06-2024,156,0.41
IND04068,West Bengal,Alluvial,Sugarcane,16.9,7.3,27.6,151.4,76.3,10.9,18-04-2024,19-09-2024,154,0.84
IND04069,Madhya Pradesh,Red,Pulses,15.7,6.4,36.9,85.5,75.8,43.6,21-10-2024,03-02-2025,105,0.54
IND04070,Tamil Nadu,Black,Sugarcane,23.2,7.5,33.5,249.4,74.2,9.6,07-09-2024,14-02-2025,160,0.76
IND04071,Odisha,Alluvial,Wheat,17.9,6.8,30.9,115.1,69.7,6.4,18-07-2024,08-11-2024,113,0.78
IND04072,Karnataka,Red,Maize,12.3,6.7,30.5,37.8,77,29.3,21-05-2024,18-08-2024,89,0.77
IND04073,Andhra Pradesh,Black,Wheat,33.4,6.4,29.3,230.9,67.6,16.4,17-09-2024,01-01-2025,106,0.63
IND04074,Andhra Pradesh,Red,Groundnut,16.3,6.4,27.3,57.4,50.4,27.8,25-12-2024,20-05-2025,146,0.77
IND04075,Telangana,Red,Groundnut,25.5,7,23.1,287.2,50,0,15-01-2024,24-05-2024,130,0.46
IND04076,Gujarat,Black,Wheat,35.2,7.3,31.9,263.7,69.4,7.5,02-12-2024,02-04-2025,121,0.72
IND04077,Telangana,Red,Millet,35.5,6.9,25.9,277.1,57.9,11.3,21-11-2024,11-03-2025,110,0.55
IND04078,Andhra Pradesh,Red,Millet,32.3,6.7,23.8,220.1,89.3,4.3,17-01-2024,13-06-2024,148,0.55
IND04079,Odisha,Laterite,Groundnut,26.2,7.3,31,187.2,53.4,15.5,04-12-2024,30-03-2025,116,0.47
IND04080,Karnataka,Red,Pulses,29.1,6.8,26.5,29.7,51.3,12,14-05-2024,31-08-2024,109,0.73
IND04081,West Bengal,Alluvial,Sugarcane,17.1,7.6,28,144.7,78.2,38.8,23-09-2024,15-01-2025,114,0.73
IND04082,West Bengal,Alluvial,Maize,35.2,6.3,20.9,148.5,56.2,7.7,24-07-2024,18-11-2024,117,0.48
IND04083,Kerala,Laterite,Rice,28.1,7.1,38.6,176.2,89.6,0,13-03-2024,18-06-2024,97,0.47
IND04084,Haryana,Alluvial,Pulses,22.1,6.3,28.2,39.8,68.8,13.6,20-03-2024,30-07-2024,132,0.35
IND04085,Rajasthan,Alluvial,Sugarcane,15.9,6.1,37.4,48.9,44,27.7,01-05-2024,26-07-2024,86,0.7
IND04086,Kerala,Laterite,Rice,20,6.4,38.3,72.5,49.3,30.5,05-03-2024,17-07-2024,134,0.71
IND04087,West Bengal,Alluvial,Pulses,18.7,6.6,19,146.3,52.3,14.2,10-07-2024,18-11-2024,131,0.61
IND04088,Punjab,Alluvial,Maize,21.3,6.2,38.3,77.6,61.8,32.9,21-08-2024,28-12-2024,129,0.56
IND04089,Bihar,Alluvial,Rice,22.7,6.9,34.8,173.5,62.3,23.8,01-11-2024,30-03-2025,149,0.38
IND04090,Maharashtra,Black,Cotton,32.8,6.8,37.4,119.4,50.3,21.8,02-03-2024,31-05-2024,90,0.37
IND04091,Andhra Pradesh,Black,Cotton,29.1,7,31.9,117.8,68.1,37.7,18-10-2024,19-02-2025,124,0.45
IND04092,Haryana,Alluvial,Wheat,28.3,6.7,32.8,212.8,86.4,26.3,09-09-2024,12-01-2025,125,0.41
IND04093,Telangana,Red,Groundnut,25.3,7.7,22.2,66.4,86.9,31.5,17-10-2024,22-01-2025,97,0.35
IND04094,Odisha,Laterite,Groundnut,12.4,6.7,26.3,282.1,47.5,2.9,21-12-2024,08-05-2025,138,0.71
IND04095,Odisha,Laterite,Rice,17.7,6.7,38.4,172.9,82.9,29,21-07-2024,23-11-2024,125,0.7
IND04096,Andhra Pradesh,Red,Millet,28.8,6,31.2,189.7,72.6,19.3,04-03-2024,13-06-2024,101,0.51
IND04097,Uttar Pradesh,Alluvial,Pulses,44.2,7.3,30.6,148.1,62.9,1,09-11-2024,04-02-2025,87,0.84
IND04098,Bihar,Alluvial,Wheat,14.5,7.6,26.2,96.9,49,25.7,01-01-2024,19-04-2024,109,0.69
IND04099,Odisha,Laterite,Rice,21.3,7,39.7,51.8,87.9,25.3,25-04-2024,30-07-2024,96,0.81
IND04100,Rajasthan,Alluvial,Sugarcane,23.1,7.2,35.5,188.7,63.4,9.2,05-08-2024,21-12-2024,138,0.56
IND04101,Kerala,Laterite,Groundnut,36.8,6.3,24.1,178.2,82.5,0,24-03-2024,24-08-2024,153,0.44
IND04102,Odisha,Laterite,Rice,28.1,7.5,39.7,265.5,40.4,0,13-04-2024,28-07-2024,106,0.39
IND04103,West Bengal,Alluvial,Rice,22.3,6.8,23.3,299.1,67.1,9.3,18-12-2024,04-05-2025,137,0.47
IND04104,Tamil Nadu,Red,Millet,27.3,6.4,39.4,46.2,66.8,24,06-03-2024,04-06-2024,90,0.45
IND04105,Uttar Pradesh,Alluvial,Maize,21.6,7.2,38.1,139.9,62.4,24.5,13-04-2024,19-07-2024,97,0.41
IND04106,Karnataka,Laterite,Rice,13,7.3,30.7,230,67.2,18.1,05-09-2024,03-12-2024,89,0.61
IND04107,Bihar,Alluvial,Rice,20.1,7.6,32.3,95.4,87.3,12,06-02-2024,02-07-2024,147,0.75
IND04108,Maharashtra,Laterite,Rice,43.8,6.3,20.1,182.9,56.9,0.9,25-02-2024,30-07-2024,156,0.61
IND04109,Haryana,Alluvial,Wheat,15.3,6,31.2,134.9,84.1,32.3,25-12-2024,31-03-2025,96,0.7
IND04110,Karnataka,Red,Millet,20.1,6.7,37.3,58,86.1,9.4,02-07-2024,03-12-2024,154,0.47
IND04111,Madhya Pradesh,Red,Groundnut,33.7,7.4,26.5,105.6,47.5,30.4,22-01-2024,16-06-2024,146,0.62
IND04112,Madhya Pradesh,Red,Groundnut,35.6,7.6,19.2,30.1,63.4,17.4,19-01-2024,07-06-2024,140,0.59
IND04113,Karnataka,Black,Cotton,41.6,7.4,34.3,59.2,59,6.5,13-03-2024,01-07-2024,110,0.8
IND04114,Andhra Pradesh,Red,Maize,22,7.6,25.8,169,41.6,32.6,21-02-2024,23-06-2024,123,0.53
IND04115,Haryana,Alluvial,Wheat,24.4,7.2,29.7,179.9,63.5,31.5,19-08-2024,08-12-2024,111,0.67
IND04116,Madhya Pradesh,Red,Millet,27.3,6.2,25.4,235.6,63.2,0,15-05-2024,17-08-2024,94,0.61
IND04117,Andhra Pradesh,Black,Wheat,22,7.6,24.1,139.4,86.3,12.4,10-06-2024,27-10-2024,139,0.65
IND04118,Gujarat,Alluvial,Wheat,22.7,6.6,25.4,243.8,64.9,0,02-01-2024,14-05-2024,133,0.56
IND04119,Kerala,Laterite,Rice,20,6.6,25.1,142.9,69.8,21.6,13-11-2024,27-02-2025,106,0.61
IND04120,Maharashtra,Black,Sugarcane,13.6,7.7,37.6,83,48.8,37.4,09-05-2024,09-09-2024,123,0.74
IND04121,Kerala,Laterite,Groundnut,19.2,6.2,38,114.5,44.1,6.8,15-11-2024,14-04-2025,150,0.51
IND04122,Kerala,Laterite,Groundnut,38.9,6.2,36.5,150.3,61.7,7,17-12-2024,21-04-2025,125,0.69
IND04123,Uttar Pradesh,Alluvial,Rice,19.4,6,34.8,81,81.4,16.3,16-01-2024,06-06-2024,142,0.68
IND04124,Bihar,Alluvial,Sugarcane,34.8,6.3,18.6,36.7,81.3,28.8,16-01-2024,29-04-2024,104,0.47
IND04125,Kerala,Laterite,Groundnut,35.9,6.3,39.1,25.4,66.3,29.1,05-07-2024,10-12-2024,158,0.67
IND04126,Andhra Pradesh,Red,Groundnut,22.7,7.7,29.4,105.9,58.1,10.9,07-03-2024,19-06-2024,104,0.51
IND04127,Tamil Nadu,Laterite,Rice,39.5,7.3,21.7,259.5,81.7,3.8,10-08-2024,26-12-2024,138,0.45
IND04128,Telangana,Black,Sugarcane,15,6.9,24.8,162.4,57,24.9,15-03-2024,04-08-2024,142,0.78
IND04129,Kerala,Laterite,Rice,26.8,7.7,31.8,50.9,64.1,19.5,10-12-2024,14-03-2025,94,0.39
IND04130,Odisha,Laterite,Groundnut,39.4,7.2,34.7,66.1,44.6,6.2,11-02-2024,14-07-2024,154,0.66
IND04131,Haryana,Alluvial,Sugarcane,42.7,6.9,18.5,91.9,47,7.5,24-09-2024,16-02-2025,145,0.77
IND04132,Gujarat,Alluvial,Rice,39.8,7.1,26,242.2,47.5,21.2,21-01-2024,25-05-2024,125,0.43
IND04133,Madhya Pradesh,Black,Sugarcane,32.4,7.7,22.1,298.8,71.8,3.6,06-02-2024,05-07-2024,150,0.87
IND04134,Odisha,Alluvial,Sugarcane,29.7,6.4,34.7,81.2,40.3,31.7,05-03-2024,13-06-2024,100,0.65
IND04135,Odisha,Laterite,Groundnut,23.9,7.1,19.5,192.6,54.6,0,06-09-2024,04-02-2025,151,0.59
IND04136,Gujarat,Black,Wheat,18.1,6.3,27,138.1,52.7,25.9,07-05-2024,10-08-2024,95,0.87
IND04137,Gujarat,Alluvial,Rice,24.1,6.2,29,285.1,76.1,19.4,21-02-2024,25-05-2024,94,0.41
IND04138,Gujarat,Alluvial,Pulses,12.2,7.1,39.4,61.9,52.8,23.6,05-11-2024,21-03-2025,136,0.85
IND04139,Telangana,Red,Pulses,31.5,6.3,24.2,132.7,72.2,7.7,22-02-2024,13-06-2024,112,0.67
IND04140,Uttar Pradesh,Alluvial,Rice,43.5,7.7,21.8,137.3,75.8,0.5,07-09-2024,14-01-2025,129,0.83
IND04141,Andhra Pradesh,Black,Sugarcane,29.3,6.7,22.3,286.3,81.4,0,21-08-2024,18-01-2025,150,0.84
IND04142,Haryana,Alluvial,Wheat,15.9,6.1,24.2,289.4,63.1,18.7,16-06-2024,07-11-2024,144,0.35
IND04143,Rajasthan,Desert,Millet,33.3,6.5,37.4,72.9,69.9,15.6,07-07-2024,14-11-2024,130,0.85
IND04144,Uttar Pradesh,Alluvial,Rice,13,6,34,183.3,50.5,21.6,23-05-2024,11-10-2024,141,0.79
IND04145,Maharashtra,Black,Sugarcane,16.2,6.8,30.2,115.7,83.8,21.6,19-08-2024,29-11-2024,102,0.78
IND04146,Telangana,Black,Sugarcane,21.6,6.5,32.3,86,51.4,27.1,21-06-2024,22-11-2024,154,0.72
IND04147,Rajasthan,Alluvial,Rice,43.4,7.4,34.1,112.3,43.5,22.1,12-10-2024,25-02-2025,136,0.71
IND04148,Tamil Nadu,Laterite,Groundnut,44.4,7.2,21.5,64.9,83.1,11.6,21-01-2024,23-05-2024,123,0.87
IND04149,Gujarat,Alluvial,Wheat,14.5,6.2,29.1,34.7,70.5,41.8,10-01-2024,22-05-2024,133,0.73
IND04150,Bihar,Alluvial,Maize,15.9,7.4,33.1,69.6,75.6,29.3,04-09-2024,07-12-2024,94,0.64
IND04151,Bihar,Alluvial,Sugarcane,19.6,7.5,21.2,79.5,76.5,29.4,23-03-2024,14-08-2024,144,0.76
IND04152,Haryana,Alluvial,Sugarcane,29.9,6.7,19.2,155.2,83.2,28,17-07-2024,29-11-2024,135,0.87
IND04153,Andhra Pradesh,Red,Millet,17,6.9,37.8,280.3,54.2,0,24-10-2024,24-03-2025,151,0.7
IND04154,Kerala,Laterite,Groundnut,16,7,39.4,201.6,50.8,7.9,08-02-2024,15-06-2024,128,0.43
IND04155,Rajasthan,Alluvial,Sugarcane,36.9,7.3,38.8,125.5,73.3,27.3,14-02-2024,12-05-2024,88,0.57
IND04156,Karnataka,Laterite,Rice,26.7,6.8,29.6,209.6,56.4,30,18-07-2024,11-11-2024,116,0.58
IND04157,Tamil Nadu,Laterite,Rice,43.2,7.8,35.8,215.4,58,7.4,07-12-2024,29-03-2025,112,0.58
IND04158,Andhra Pradesh,Black,Sugarcane,16.8,6.9,23.5,59.2,42.2,40.3,14-01-2024,18-04-2024,95,0.85
IND04159,Karnataka,Red,Millet,16.6,7.1,23.3,254.5,68.5,3,14-01-2024,10-06-2024,148,0.49
IND04160,Bihar,Alluvial,Pulses,39,7.8,26.4,38.6,74.6,41.2,06-05-2024,25-09-2024,142,0.37
IND04161,Tamil Nadu,Red,Pulses,14.7,7.8,37.5,193.7,85.8,21.9,05-07-2024,29-09-2024,86,0.89
IND04162,Maharashtra,Black,Wheat,14.5,6,29.4,251.1,43.5,29.9,22-10-2024,24-01-2025,94,0.6
IND04163,West Bengal,Alluvial,Maize,14.2,7,23.9,277.5,86.2,21.7,11-02-2024,22-05-2024,101,0.64
IND04164,Andhra Pradesh,Black,Wheat,15.6,6.7,38.9,164.7,87.8,11.5,08-01-2024,16-04-2024,99,0.79
IND04165,Tamil Nadu,Black,Cotton,43.8,6.9,27.3,154.2,51.2,0,18-05-2024,17-08-2024,91,0.84
IND04166,Gujarat,Alluvial,Rice,41.7,6.1,23.3,232.8,80.4,17.6,19-03-2024,20-07-2024,123,0.55
IND04167,Karnataka,Laterite,Rice,34,6.3,22.2,212.1,42.8,1.9,02-09-2024,01-12-2024,90,0.36
IND04168,Punjab,Alluvial,Rice,36.1,6.9,24.1,297.4,62.9,0,21-05-2024,05-10-2024,137,0.79
IND04169,Rajasthan,Desert,Millet,30.2,7.1,39,174.8,44.1,11,11-05-2024,15-08-2024,96,0.73
IND04170,Tamil Nadu,Black,Sugarcane,16.6,7.5,20.1,22.7,64.4,35,12-12-2024,05-05-2025,144,0.36
IND04171,West Bengal,Alluvial,Rice,28.4,7.6,32,245.4,48.6,8.3,13-06-2024,29-10-2024,138,0.42
IND04172,Uttar Pradesh,Alluvial,Pulses,39,7,26.1,237.1,89.4,1.1,18-04-2024,17-07-2024,90,0.38
IND04173,Rajasthan,Desert,Millet,16.7,6.1,26.7,126.3,42.1,29.1,20-09-2024,02-02-2025,135,0.77
IND04174,Odisha,Laterite,Rice,26.6,6.6,30.6,212,54.8,20.9,24-05-2024,11-09-2024,110,0.84
IND04175,Maharashtra,Red,Maize,39.6,7.2,34.3,174.2,43.1,0,13-09-2024,31-01-2025,140,0.75
IND04176,Karnataka,Red,Groundnut,14.6,7.6,34.2,153.5,66,31.7,17-11-2024,21-04-2025,155,0.57
IND04177,Gujarat,Black,Cotton,32.4,7.3,24,236.6,73.3,0,24-10-2024,09-02-2025,108,0.68
IND04178,Tamil Nadu,Laterite,Groundnut,24.4,7.4,37.8,48.3,75,45,15-04-2024,23-07-2024,99,0.6
IND04179,Uttar Pradesh,Alluvial,Rice,27.8,7.7,18.4,135,84.7,16.7,15-07-2024,22-10-2024,99,0.61
IND04180,Gujarat,Alluvial,Sugarcane,12.1,7.2,38.6,52.8,60.3,45.8,18-10-2024,20-01-2025,94,0.67
IND04181,Punjab,Alluvial,Wheat,22,6.2,21.6,230.1,73.3,18.7,16-07-2024,18-12-2024,155,0.42
IND04182,Madhya Pradesh,Red,Groundnut,24.6,7.7,28.1,76.4,58.3,17.7,25-01-2024,10-05-2024,106,0.39
IND04183,Kerala,Laterite,Groundnut,32.6,6.5,31.8,245.4,85.9,0,03-11-2024,11-03-2025,128,0.85
IND04184,Andhra Pradesh,Red,Maize,16.1,6.5,35.3,135.3,48.8,31.3,20-06-2024,27-11-2024,160,0.74
IND04185,Haryana,Alluvial,Pulses,32,7.8,35.9,68.5,52.8,23.9,17-08-2024,13-11-2024,88,0.85
IND04186,West Bengal,Alluvial,Sugarcane,14.1,6.1,35.2,248.9,70.8,6.8,12-01-2024,18-04-2024,97,0.56
IND04187,Rajasthan,Desert,Millet,23.1,7,34.9,26,89.1,41.5,03-02-2024,28-05-2024,115,0.81
IND04188,Uttar Pradesh,Alluvial,Sugarcane,20.5,7.1,28.4,102.9,70.2,30.1,06-06-2024,28-09-2024,114,0.86
IND04189,Andhra Pradesh,Red,Pulses,18,7.1,32.4,95.6,59.9,36.6,10-11-2024,15-03-2025,125,0.45
IND04190,Rajasthan,Desert,Millet,23.7,6.1,20.5,52.1,60.4,30.9,05-12-2024,25-03-2025,110,0.8
IND04191,Karnataka,Laterite,Rice,35.1,6.7,32.5,27.2,62.1,36.8,20-01-2024,05-06-2024,137,0.52
IND04192,Uttar Pradesh,Alluvial,Rice,24.6,6.5,31.2,123.9,76.3,4.4,18-12-2024,26-04-2025,129,0.77
IND04193,Madhya Pradesh,Red,Millet,28.9,7.7,23.4,268.7,55.2,0,14-08-2024,22-12-2024,130,0.68
IND04194,Karnataka,Black,Sugarcane,14.3,7.3,30,127.9,56,30.6,17-06-2024,23-11-2024,159,0.63
IND04195,Punjab,Alluvial,Rice,20.5,6.4,33.6,271.8,62.6,25.9,09-12-2024,07-05-2025,149,0.83
IND04196,Haryana,Alluvial,Wheat,35.5,6.5,18.9,201.2,49.2,11,01-03-2024,17-06-2024,108,0.72
IND04197,Odisha,Laterite,Rice,23.1,6.3,25.6,103.7,76.6,26.6,23-05-2024,01-09-2024,101,0.45
IND04198,Odisha,Alluvial,Sugarcane,30.2,6.6,38.7,83.5,72.4,4.7,03-07-2024,10-10-2024,99,0.81
IND04199,Maharashtra,Red,Maize,31.5,7.8,33.1,77.5,82,17.9,12-08-2024,10-11-2024,90,0.79
IND04200,Rajasthan,Desert,Millet,44.9,6.3,27.5,62.8,66.5,31.9,20-08-2024,30-11-2024,102,0.64
IND04201,Uttar Pradesh,Alluvial,Rice,18.8,6.7,37.7,124.8,74.4,18.2,15-03-2024,25-06-2024,102,0.38
IND04202,Madhya Pradesh,Black,Wheat,14.7,6.4,38.3,107.3,67.2,29.5,17-03-2024,19-06-2024,94,0.43
IND04203,Gujarat,Alluvial,Rice,16.4,6.6,26.6,150,85,20.5,18-09-2024,17-12-2024,90,0.67
IND04204,Kerala,Laterite,Groundnut,19.6,6.9,35.8,64.9,81.2,41.8,08-03-2024,17-06-2024,101,0.55
IND04205,Maharashtra,Black,Wheat,16.1,6.9,31.7,208.1,47.6,17.9,03-05-2024,05-10-2024,155,0.52
IND04206,Bihar,Alluvial,Pulses,41.3,6.9,29.5,91.7,82.9,2.1,10-10-2024,10-01-2025,92,0.88
IND04207,Andhra Pradesh,Red,Millet,42.6,6.2,22.1,32.1,51.4,6.7,20-03-2024,20-07-2024,122,0.7
IND04208,Bihar,Alluvial,Maize,30.9,6.4,37.4,202.1,69.8,22.4,04-01-2024,30-03-2024,86,0.37
IND04209,Kerala,Laterite,Rice,33.2,7.8,18.6,37.3,68.8,39.8,10-08-2024,06-11-2024,88,0.48
IND04210,Rajasthan,Desert,Millet,41.5,7.5,25.4,280.5,83.7,12.5,06-01-2024,19-04-2024,104,0.62
IND04211,Karnataka,Laterite,Groundnut,24.9,6.9,24.9,239.5,89.9,0,04-03-2024,20-07-2024,138,0.66
IND04212,Haryana,Alluvial,Sugarcane,44.4,6,22.4,27.5,63.9,38.3,23-10-2024,15-03-2025,143,0.5
IND04213,Telangana,Black,Sugarcane,26.5,6.4,31.5,232.7,44.5,6.2,05-04-2024,12-08-2024,129,0.79
IND04214,Uttar Pradesh,Alluvial,Pulses,15.8,6.4,36.1,134.4,52.6,3.2,07-12-2024,30-04-2025,144,0.53
IND04215,Maharashtra,Black,Cotton,17.6,6.7,37.4,119.4,41.3,32.3,18-01-2024,14-06-2024,148,0.77
IND04216,Rajasthan,Desert,Millet,21.1,7.7,31.5,153.5,81.6,37.6,22-01-2024,19-04-2024,88,0.46
IND04217,Odisha,Laterite,Rice,26.3,7.3,18.7,211.8,77.6,0,08-04-2024,13-09-2024,158,0.7
IND04218,Maharashtra,Laterite,Groundnut,14.7,7.5,34.5,75.6,88.2,31.4,17-01-2024,18-06-2024,153,0.67
IND04219,Madhya Pradesh,Red,Maize,24.2,7,36.1,194,89.7,15.8,20-03-2024,19-07-2024,121,0.46
IND04220,Maharashtra,Laterite,Groundnut,29,7.1,28.9,83.5,50.5,13.1,10-09-2024,18-12-2024,99,0.6
IND04221,Uttar Pradesh,Alluvial,Maize,26.3,7.5,36.1,226.7,84.3,8.8,07-01-2024,03-06-2024,148,0.45
IND04222,Maharashtra,Red,Maize,12.3,6.3,24.9,102.9,56.3,30.9,04-09-2024,03-02-2025,152,0.8
IND04223,Bihar,Alluvial,Wheat,34.6,7,24.3,247.8,51.8,12.6,24-01-2024,26-04-2024,93,0.6
IND04224,Rajasthan,Alluvial,Wheat,39.6,6.3,33.4,247.5,67,14.9,24-11-2024,10-04-2025,137,0.75
IND04225,Kerala,Laterite,Groundnut,14.8,7.8,20.2,146.9,42.5,32.2,15-02-2024,15-05-2024,90,0.57
IND04226,Maharashtra,Black,Sugarcane,19.4,6.8,26.2,20.6,71.9,29.7,14-06-2024,02-10-2024,110,0.74
IND04227,West Bengal,Alluvial,Pulses,25.5,7.2,33.8,48.9,81.3,14.7,02-07-2024,25-09-2024,85,0.66
IND04228,Gujarat,Black,Wheat,41.3,7.1,18.8,211.8,87.5,3.4,03-08-2024,12-12-2024,131,0.56
IND04229,Gujarat,Black,Wheat,44.5,6.7,31.5,60.8,51.1,17.1,09-05-2024,04-08-2024,87,0.87
IND04230,Bihar,Alluvial,Pulses,44,6.4,26.1,167.4,72.5,11.6,05-04-2024,09-07-2024,95,0.53
IND04231,Gujarat,Alluvial,Sugarcane,18.4,6.1,21.4,281.3,88,0,01-06-2024,05-11-2024,157,0.48
IND04232,Uttar Pradesh,Alluvial,Maize,44.2,7.4,33.8,103.8,42.5,4.4,02-10-2024,31-01-2025,121,0.53
IND04233,Haryana,Alluvial,Rice,16.7,7.1,29.5,154.5,77.9,15.6,07-11-2024,30-03-2025,143,0.53
IND04234,Punjab,Alluvial,Pulses,38.9,6.6,38,131.8,83.9,28.7,07-11-2024,17-03-2025,130,0.78
IND04235,Madhya Pradesh,Black,Cotton,27.7,7.3,21.7,250.1,63.6,0.5,16-04-2024,20-09-2024,157,0.81
IND04236,Karnataka,Laterite,Rice,40.9,7.1,27.3,32.7,67,25,25-05-2024,24-09-2024,122,0.81
IND04237,Punjab,Alluvial,Maize,38.9,7.2,36.8,256.3,55.9,0,02-05-2024,09-09-2024,130,0.41
IND04238,Tamil Nadu,Laterite,Groundnut,23.4,6.4,18.1,187.5,71.8,0,22-03-2024,13-07-2024,113,0.64
IND04239,Punjab,Alluvial,Sugarcane,25.9,6.4,28.3,210.3,65.4,11.8,13-10-2024,11-03-2025,149,0.86
IND04240,Gujarat,Black,Wheat,39.2,7.5,32.1,51.9,42.4,20.4,08-03-2024,12-08-2024,157,0.73
IND04241,Kerala,Laterite,Rice,22.9,7.6,35.4,86,64.8,36.8,21-11-2024,21-03-2025,120,0.59
IND04242,Telangana,Black,Cotton,41.6,6.1,22.5,38.4,41.8,7.2,15-07-2024,10-10-2024,87,0.57
IND04243,West Bengal,Laterite,Groundnut,19.8,6.4,35.5,191.3,47.9,20.9,14-12-2024,15-03-2025,91,0.44
IND04244,Bihar,Alluvial,Pulses,40.6,7,36.5,245.5,47,18.3,22-09-2024,09-01-2025,109,0.49
IND04245,West Bengal,Alluvial,Maize,28.5,7.2,21.1,293.5,73.2,15.8,03-08-2024,10-01-2025,160,0.71
IND04246,Odisha,Laterite,Rice,25,6.4,35.1,20.1,82.1,38.2,04-02-2024,01-07-2024,148,0.59
IND04247,Punjab,Alluvial,Pulses,28.8,6.3,36.9,298.2,52.7,10.4,20-06-2024,01-11-2024,134,0.47
IND04248,Kerala,Laterite,Rice,23.2,6.1,37.5,73.9,89.3,37.5,04-11-2024,14-03-2025,130,0.68
IND04249,Gujarat,Alluvial,Sugarcane,40.1,7.7,34.9,103.4,48.6,2.6,11-05-2024,18-10-2024,160,0.85
IND04250,Rajasthan,Desert,Millet,39.5,6.9,27.1,99.5,51.7,20.6,16-07-2024,03-11-2024,110,0.56
IND04251,Maharashtra,Laterite,Rice,16.3,7.5,35,25.7,48.3,32.5,20-11-2024,25-02-2025,97,0.51
IND04252,Madhya Pradesh,Black,Wheat,34.2,7.7,39.8,239.9,73.5,0,08-03-2024,11-07-2024,125,0.45
IND04253,Rajasthan,Desert,Millet,38.2,7,39.7,189.8,77.5,4.1,06-09-2024,19-01-2025,135,0.69
IND04254,Rajasthan,Desert,Millet,38.7,7.1,27.5,164.3,61.4,0,03-12-2024,11-05-2025,159,0.86
IND04255,Andhra Pradesh,Red,Millet,28.2,6.5,23.4,135.9,67.3,3.3,10-11-2024,18-03-2025,128,0.68
IND04256,Punjab,Alluvial,Wheat,44.5,7,19.7,299.2,87.8,17.8,04-02-2024,29-06-2024,146,0.72
IND04257,Rajasthan,Desert,Millet,34.6,7.6,20.1,227.1,52.7,23.4,14-04-2024,14-09-2024,153,0.85
IND04258,Andhra Pradesh,Red,Maize,29.5,7,18.4,91.8,80.1,29.6,24-04-2024,12-08-2024,110,0.59
IND04259,Madhya Pradesh,Black,Cotton,14.7,6.9,28.9,78.5,82.4,29.8,02-06-2024,04-09-2024,94,0.75
IND04260,Odisha,Alluvial,Wheat,27.5,6.5,21.4,250,79,16.3,07-11-2024,15-02-2025,100,0.49
IND04261,Punjab,Alluvial,Pulses,13.9,6.7,32.1,41,80.7,14.2,22-10-2024,04-03-2025,133,0.48
IND04262,Madhya Pradesh,Red,Groundnut,18.8,7.1,38.9,177.6,87,15.5,22-04-2024,18-09-2024,149,0.74
IND04263,Haryana,Alluvial,Sugarcane,36.7,6.4,37.8,194.9,81.3,16.6,14-03-2024,19-06-2024,97,0.39
IND04264,Kerala,Laterite,Groundnut,44.4,7.5,19.6,217.9,61,20.2,12-02-2024,18-05-2024,96,0.79
IND04265,Odisha,Alluvial,Wheat,12.9,6.7,28.2,165.2,56,12.2,16-10-2024,05-03-2025,140,0.84
IND04266,Tamil Nadu,Laterite,Groundnut,14.8,7.3,26.5,231.3,54.3,30.9,20-12-2024,10-05-2025,141,0.37
IND04267,Gujarat,Alluvial,Rice,33,6.7,33,48.6,60.5,10.1,10-04-2024,21-07-2024,102,0.76
IND04268,Gujarat,Black,Wheat,26.9,6.8,39.6,108.4,70.2,38.4,25-04-2024,01-08-2024,98,0.51
IND04269,Madhya Pradesh,Red,Millet,27.6,7.7,39.8,118.5,41.8,13.8,05-07-2024,06-11-2024,124,0.47
IND04270,Andhra Pradesh,Black,Sugarcane,16.2,7.7,36.2,114.9,85.8,24.8,21-06-2024,04-10-2024,105,0.73
IND04271,Kerala,Laterite,Groundnut,23.7,6.6,38.1,167.2,50.5,7.7,22-11-2024,30-03-2025,128,0.67
IND04272,Madhya Pradesh,Red,Pulses,37.8,6.4,37.7,178.3,40.5,8.1,11-04-2024,13-09-2024,155,0.42
IND04273,Bihar,Alluvial,Maize,16.4,6.8,27.1,216.8,71,11.8,07-11-2024,14-03-2025,127,0.64
IND04274,Andhra Pradesh,Red,Groundnut,14.6,6.4,19.2,222.4,83,5.5,21-05-2024,08-10-2024,140,0.38
IND04275,Karnataka,Black,Cotton,39.4,6.4,21.7,21.3,59.9,8.4,07-12-2024,16-04-2025,130,0.43
IND04276,Haryana,Alluvial,Wheat,40,7.3,28,283.3,53,0,07-01-2024,08-06-2024,153,0.63
IND04277,Odisha,Laterite,Rice,27.5,6.2,29.2,197,66.7,10,20-03-2024,26-07-2024,128,0.62
IND04278,Tamil Nadu,Black,Sugarcane,25.3,6.5,25.1,106.4,88.9,28.5,10-02-2024,10-06-2024,121,0.61
IND04279,Kerala,Laterite,Rice,12.8,6.8,32.9,99.4,69.5,29.2,16-11-2024,15-03-2025,119,0.52
IND04280,Punjab,Alluvial,Maize,12,7.6,25.5,235.7,84.4,32.8,22-01-2024,17-04-2024,86,0.49
IND04281,Punjab,Alluvial,Maize,21.4,7.4,24.7,242.1,42.8,15.8,18-04-2024,04-08-2024,108,0.84
IND04282,Bihar,Alluvial,Pulses,31.8,6.7,32.8,204.3,75.4,3.9,13-03-2024,14-06-2024,93,0.4
IND04283,Rajasthan,Desert,Millet,17.8,6.4,31.6,231.4,75.4,20.3,17-11-2024,14-03-2025,117,0.39
IND04284,Odisha,Alluvial,Pulses,28.6,6.2,32.6,131.8,63.7,3.8,10-05-2024,07-10-2024,150,0.87
IND04285,Andhra Pradesh,Black,Wheat,41.2,6.5,27.1,67.2,51.9,27.4,13-05-2024,07-08-2024,86,0.85
IND04286,Bihar,Alluvial,Pulses,29.7,7.6,25.3,255.8,80,10.8,16-10-2024,11-03-2025,146,0.69
IND04287,Andhra Pradesh,Red,Pulses,18.5,6.3,27.6,77,42.8,34.9,09-12-2024,13-04-2025,125,0.36
IND04288,Gujarat,Black,Wheat,40.8,7.6,26.2,215.9,59,7.6,04-08-2024,08-12-2024,126,0.36
IND04289,Punjab,Alluvial,Wheat,20,7.2,40,59,70.3,40.9,09-06-2024,17-09-2024,100,0.87
IND04290,Odisha,Laterite,Groundnut,34.9,7.4,27.6,277.1,87.7,18.1,02-10-2024,02-01-2025,92,0.53
IND04291,Karnataka,Red,Maize,37.1,7.1,38.8,203.6,80,0,20-10-2024,27-03-2025,158,0.83
IND04292,Gujarat,Alluvial,Wheat,18.2,7,31.1,34.1,84.9,14.6,23-05-2024,10-10-2024,140,0.56
IND04293,Telangana,Red,Pulses,17.5,7.2,24.2,125.7,48.5,20.7,03-12-2024,21-04-2025,139,0.44
IND04294,Tamil Nadu,Laterite,Groundnut,24.5,6,25.3,189.3,66.3,26.1,25-03-2024,01-09-2024,160,0.4
IND04295,Bihar,Alluvial,Rice,28.7,6.2,25.6,100.1,53.1,23,07-04-2024,22-07-2024,106,0.38
IND04296,Kerala,Laterite,Groundnut,17.4,6.5,19.1,226.7,59.4,30.5,19-07-2024,15-10-2024,88,0.89
IND04297,Madhya Pradesh,Black,Wheat,35.4,6.4,24.8,68.7,85.8,2.4,10-02-2024,09-06-2024,120,0.54
IND04298,West Bengal,Laterite,Rice,40.6,6.1,18.7,80.9,55.6,37.1,21-03-2024,05-07-2024,106,0.64
IND04299,Haryana,Alluvial,Rice,21.3,7.4,32.7,207.5,77,0,24-01-2024,26-04-2024,93,0.83
IND04300,Punjab,Alluvial,Rice,36.9,6.4,26.5,253.5,49.7,5.2,06-06-2024,06-09-2024,92,0.76
IND04301,Gujarat,Alluvial,Rice,16.9,7.3,33.9,223.6,81.8,1.7,17-12-2024,23-05-2025,157,0.35
IND04302,Rajasthan,Alluvial,Sugarcane,13.3,7.5,26.3,160.6,76.8,15.5,23-08-2024,26-11-2024,95,0.69
IND04303,Madhya Pradesh,Red,Pulses,32.4,6.4,18.8,223,40.2,2.7,19-09-2024,26-01-2025,129,0.63
IND04304,Gujarat,Black,Wheat,42.9,7.5,36.4,246.3,85.9,0,11-11-2024,08-02-2025,89,0.48
IND04305,Andhra Pradesh,Red,Maize,35.3,7.4,23.2,61.2,84.3,18.3,24-07-2024,24-12-2024,153,0.72
IND04306,Gujarat,Black,Sugarcane,25.3,7.6,18.5,23.1,47.8,10.4,10-04-2024,08-07-2024,89,0.79
IND04307,Andhra Pradesh,Red,Maize,38,7,35,39.9,82.4,5.9,07-12-2024,25-03-2025,108,0.7
IND04308,Gujarat,Black,Wheat,26.5,7,32.9,228.9,49.9,0,08-08-2024,13-01-2025,158,0.89
IND04309,Punjab,Alluvial,Maize,25.4,6.5,20.4,141.9,47.1,0,09-01-2024,11-06-2024,154,0.69
IND04310,Bihar,Alluvial,Maize,17,7.1,30.8,119.4,40.9,7.8,02-07-2024,25-09-2024,85,0.67
IND04311,Telangana,Red,Maize,14.4,7,24.9,285.3,82.4,2.6,19-05-2024,26-09-2024,130,0.43
IND04312,Punjab,Alluvial,Maize,31.8,6.8,26.3,94.2,41,27.5,07-09-2024,28-01-2025,143,0.42
IND04313,West Bengal,Alluvial,Wheat,23.6,7.5,35.1,146,82.3,7.2,22-08-2024,12-12-2024,112,0.57
IND04314,Haryana,Alluvial,Pulses,20.2,6.6,36,230.4,55.3,23.1,13-09-2024,04-01-2025,113,0.38
IND04315,Telangana,Black,Wheat,24,6.7,35.8,73.1,79.8,35.6,04-08-2024,08-12-2024,126,0.78
IND04316,Uttar Pradesh,Alluvial,Rice,36.6,7.7,33.1,109.9,77.8,17.3,05-10-2024,31-12-2024,87,0.43
IND04317,Uttar Pradesh,Alluvial,Maize,34.4,6.7,22.5,69,84.9,40.1,22-11-2024,26-04-2025,155,0.85
IND04318,Andhra Pradesh,Red,Millet,40.2,7.5,29.2,246.2,52.5,0,18-05-2024,19-10-2024,154,0.46
IND04319,Gujarat,Black,Cotton,14.9,6.3,33.1,156.9,60.8,16.5,11-06-2024,15-11-2024,157,0.89
IND04320,West Bengal,Alluvial,Pulses,20.7,6.2,18.8,68.1,50.4,39.6,14-04-2024,23-08-2024,131,0.5
IND04321,Punjab,Alluvial,Sugarcane,19.2,7.6,26,295.9,46.7,14.1,17-06-2024,20-10-2024,125,0.42
IND04322,West Bengal,Alluvial,Wheat,16.2,6.8,22.5,58.3,57,18.2,07-10-2024,20-01-2025,105,0.79
IND04323,Maharashtra,Laterite,Groundnut,44.5,6.6,31.7,61.1,47.3,5.4,19-05-2024,20-09-2024,124,0.38
IND04324,Madhya Pradesh,Red,Groundnut,31.4,7.7,36.8,52.2,41.2,30.6,15-04-2024,17-09-2024,155,0.39
IND04325,Telangana,Black,Cotton,24,7,34.2,167.9,79.4,21.2,10-08-2024,05-01-2025,148,0.42
IND04326,Kerala,Laterite,Rice,28.2,6.1,28.7,274.2,54.6,7,02-03-2024,18-06-2024,108,0.59
IND04327,Karnataka,Red,Millet,44.3,7,34.5,245.2,71.7,0,05-01-2024,04-06-2024,151,0.82
IND04328,Tamil Nadu,Black,Sugarcane,12.3,7.7,26.6,170.6,70.5,6.3,04-09-2024,10-12-2024,97,0.75
IND04329,Odisha,Alluvial,Sugarcane,17,7.7,35.7,201,83.4,16.2,15-05-2024,20-10-2024,158,0.88
IND04330,Andhra Pradesh,Black,Cotton,30.3,6.9,29.3,68.4,54.2,21.8,07-12-2024,25-03-2025,108,0.55
IND04331,Telangana,Red,Maize,39,6.1,34.5,63.5,63.6,31.7,13-05-2024,17-10-2024,157,0.8
IND04332,Bihar,Alluvial,Rice,44.8,7.7,24.7,284.7,75.6,0,06-03-2024,12-08-2024,159,0.59
IND04333,Rajasthan,Alluvial,Rice,12.8,7.2,32.7,268.3,51.4,19.9,07-09-2024,30-12-2024,114,0.66
IND04334,Andhra Pradesh,Black,Cotton,22.2,7.1,23.8,151.4,57,32.8,19-12-2024,02-05-2025,134,0.62
IND04335,Bihar,Alluvial,Rice,31.9,6.8,29.5,22.9,53.6,9.7,21-08-2024,29-11-2024,100,0.62
IND04336,Telangana,Black,Cotton,19.7,7.2,28.3,285.8,53.6,15.2,11-11-2024,27-03-2025,136,0.62
IND04337,Madhya Pradesh,Black,Sugarcane,18.1,7.6,19.1,74.9,84.7,11.2,13-04-2024,03-09-2024,143,0.48
IND04338,Kerala,Laterite,Groundnut,14.5,6.6,20.8,203.7,72.4,20.4,07-12-2024,27-04-2025,141,0.48
IND04339,Madhya Pradesh,Black,Sugarcane,31.9,6.8,37.3,252.2,77.1,5.9,07-06-2024,10-09-2024,95,0.62
IND04340,Haryana,Alluvial,Wheat,32.8,6.4,28.1,151.4,72.3,5.2,07-02-2024,12-07-2024,156,0.77
IND04341,Kerala,Laterite,Groundnut,16.2,7.7,36,120.5,84.4,23.2,06-04-2024,01-09-2024,148,0.59
IND04342,Odisha,Laterite,Rice,42.6,7.7,38.4,83.4,42.4,27.4,03-04-2024,14-07-2024,102,0.85
IND04343,Maharashtra,Black,Wheat,26,6.8,32.7,195.1,81.3,25,14-02-2024,17-06-2024,124,0.62
IND04344,Maharashtra,Red,Pulses,39.4,7.1,33.3,89,55.2,31.6,20-03-2024,16-06-2024,88,0.49
IND04345,Kerala,Laterite,Groundnut,23.2,6.6,18.8,298.4,57.2,15.4,04-08-2024,01-11-2024,89,0.6
IND04346,Maharashtra,Red,Groundnut,22.7,6.8,23,221.6,80.1,0,25-01-2024,06-05-2024,102,0.45
IND04347,Uttar Pradesh,Alluvial,Maize,23.5,6.3,38,264.1,40.9,0,16-05-2024,08-10-2024,145,0.89
IND04348,Maharashtra,Red,Pulses,38.9,6.4,24.5,141.8,72.6,5.8,18-06-2024,27-09-2024,101,0.82
IND04349,Punjab,Alluvial,Pulses,42.4,6.4,35.7,68.5,67.3,7.5,23-04-2024,25-09-2024,155,0.68
IND04350,Karnataka,Red,Millet,33.5,7.4,25.1,167,69,12.8,20-10-2024,28-02-2025,131,0.4
IND04351,Punjab,Alluvial,Sugarcane,42.2,6.9,37.5,156.2,52,22.4,11-12-2024,12-05-2025,152,0.52
IND04352,Madhya Pradesh,Red,Maize,15.2,7.1,36.7,38.2,51.7,31.5,16-05-2024,16-10-2024,153,0.41
IND04353,Tamil Nadu,Black,Wheat,35.3,6.9,27.7,218.4,40.5,28.1,25-10-2024,12-03-2025,138,0.47
IND04354,Telangana,Red,Maize,34.9,7.7,23,97.1,45.3,25.8,11-11-2024,16-03-2025,125,0.73
IND04355,Tamil Nadu,Black,Wheat,24.4,7.6,29.7,80.1,44.3,31.7,19-08-2024,22-12-2024,125,0.49
IND04356,West Bengal,Alluvial,Maize,43.8,7,34.4,74.9,84.1,8.6,09-07-2024,11-11-2024,125,0.4
IND04357,Maharashtra,Red,Maize,44.9,6.9,34.4,242.4,88.6,7.4,16-07-2024,20-11-2024,127,0.58
IND04358,Uttar Pradesh,Alluvial,Maize,25.6,7.3,32.8,148.3,52.5,36.1,01-03-2024,28-05-2024,88,0.5
IND04359,Punjab,Alluvial,Wheat,17.7,7.6,27,247,47.4,13.2,13-02-2024,27-06-2024,135,0.44
IND04360,Uttar Pradesh,Alluvial,Sugarcane,39.9,6.8,26,90.4,52.8,14.4,14-02-2024,15-06-2024,122,0.69
IND04361,Rajasthan,Desert,Millet,35.6,6.2,34.6,277.3,60.8,4.5,24-01-2024,31-05-2024,128,0.55
IND04362,West Bengal,Alluvial,Wheat,40.3,7.3,27.6,278.2,42.4,9.7,08-02-2024,24-05-2024,106,0.4
IND04363,Madhya Pradesh,Red,Millet,21.7,7.5,22.3,216.1,42.7,33.4,20-05-2024,22-09-2024,125,0.58
IND04364,Gujarat,Black,Sugarcane,32.9,6.1,24.8,184.4,83.7,7.6,02-08-2024,03-12-2024,123,0.81
IND04365,Karnataka,Black,Cotton,16.9,7,35.2,143.4,78.4,23.5,06-07-2024,04-10-2024,90,0.47
IND04366,Uttar Pradesh,Alluvial,Maize,12.5,6.8,22.5,256.5,46.2,0.4,21-09-2024,30-12-2024,100,0.74
IND04367,Gujarat,Alluvial,Wheat,43.5,7.1,31.4,68.8,79.6,2.5,16-02-2024,29-06-2024,134,0.83
IND04368,Bihar,Alluvial,Pulses,39.8,6.7,39,260.6,89.6,0,07-03-2024,05-07-2024,120,0.72
IND04369,Tamil Nadu,Black,Sugarcane,22,6.1,22,32.6,44.1,17.8,05-11-2024,20-03-2025,135,0.88
IND04370,Uttar Pradesh,Alluvial,Maize,27.9,7.7,26.1,224.1,42.4,0,05-11-2024,11-04-2025,157,0.75
IND04371,Odisha,Laterite,Rice,41.4,7.1,24,171.9,57.5,0,11-11-2024,15-04-2025,155,0.42
IND04372,West Bengal,Laterite,Groundnut,12.9,6.4,20.7,93.5,41.1,20.2,15-03-2024,02-08-2024,140,0.62
IND04373,Madhya Pradesh,Red,Maize,13.4,6.5,37.4,141.8,44.2,6.8,08-06-2024,24-09-2024,108,0.88
IND04374,Odisha,Alluvial,Wheat,37.9,6,37.8,216.7,75.4,18.2,23-08-2024,28-11-2024,97,0.63
IND04375,Rajasthan,Desert,Millet,23.2,7.3,35.4,209.9,84.2,31,10-05-2024,19-09-2024,132,0.73
IND04376,Haryana,Alluvial,Maize,44.9,6.1,26.6,40.3,42.1,27.8,14-08-2024,15-12-2024,123,0.55
IND04377,Rajasthan,Desert,Millet,23.1,6.3,35.1,123.9,57,40.1,21-07-2024,03-12-2024,135,0.74
IND04378,Maharashtra,Black,Sugarcane,44.7,6.2,38.7,288.8,41.6,1.6,18-12-2024,11-04-2025,114,0.7
IND04379,West Bengal,Laterite,Groundnut,20.6,6.5,26.5,144.1,43.6,29,23-04-2024,06-08-2024,105,0.84
IND04380,Kerala,Laterite,Rice,44.7,6,38.5,97.8,70.7,27.9,02-05-2024,30-07-2024,89,0.64
IND04381,Odisha,Alluvial,Wheat,42.5,7,36.7,281.4,66.9,0,02-09-2024,09-02-2025,160,0.55
IND04382,Uttar Pradesh,Alluvial,Wheat,37.7,6.3,39.9,255.9,41.6,1.3,24-10-2024,04-02-2025,103,0.73
IND04383,Uttar Pradesh,Alluvial,Pulses,34.2,6.9,27.3,172.1,80.1,28.5,20-03-2024,09-08-2024,142,0.79
IND04384,West Bengal,Laterite,Groundnut,35.3,6.4,29.4,198.8,69.9,8.8,17-11-2024,22-04-2025,156,0.47
IND04385,Punjab,Alluvial,Pulses,25.2,7.4,30.6,219.1,66.5,24.9,02-12-2024,05-05-2025,154,0.63
IND04386,Andhra Pradesh,Red,Maize,44.8,6.7,34.2,147.4,42.5,12.7,07-11-2024,16-03-2025,129,0.41
IND04387,Uttar Pradesh,Alluvial,Pulses,17.2,7.2,22,297.6,87.2,19.2,22-01-2024,13-05-2024,112,0.4
IND04388,West Bengal,Laterite,Rice,22.8,6.3,36.4,68.2,86.3,15.2,07-10-2024,28-01-2025,113,0.7
IND04389,Punjab,Alluvial,Rice,36.9,6.5,21.5,211.2,65,18.4,16-10-2024,12-02-2025,119,0.58
IND04390,Telangana,Black,Sugarcane,26.9,6.2,25.8,281.3,89.5,0,18-11-2024,28-02-2025,102,0.43
IND04391,Gujarat,Black,Sugarcane,32.8,7.5,31.9,102.6,41.6,31.3,01-04-2024,17-08-2024,138,0.69
IND04392,Rajasthan,Alluvial,Pulses,35.2,6.2,19.6,43.8,49.4,12,06-02-2024,06-05-2024,90,0.87
IND04393,Gujarat,Black,Wheat,17.2,6.6,31.9,25.2,66.7,29.8,01-09-2024,11-12-2024,101,0.71
IND04394,Kerala,Laterite,Groundnut,37.4,6.4,27.5,47.4,45.5,33.9,12-06-2024,29-10-2024,139,0.79
IND04395,Uttar Pradesh,Alluvial,Rice,23.6,6.7,18.7,62.6,40.6,23.1,23-10-2024,26-02-2025,126,0.81
IND04396,Madhya Pradesh,Black,Sugarcane,35.1,6.8,37.2,86.1,49.3,10,18-06-2024,24-11-2024,159,0.6
IND04397,Punjab,Alluvial,Wheat,28,6.7,18.9,45.3,44.8,28.3,04-11-2024,03-03-2025,119,0.73
IND04398,Kerala,Laterite,Groundnut,25.8,7.7,20.3,298.9,40.8,0,15-07-2024,21-11-2024,129,0.49
IND04399,Rajasthan,Alluvial,Maize,20.2,7.1,35.4,120.7,78.7,18.5,18-02-2024,21-07-2024,154,0.53
IND04400,Andhra Pradesh,Black,Cotton,40.8,6.8,23.7,178.5,84.7,0,05-02-2024,09-06-2024,125,0.48
IND04401,Punjab,Alluvial,Pulses,31.8,6.4,38.8,298.4,82.9,0,18-04-2024,14-08-2024,118,0.43
IND04402,West Bengal,Laterite,Rice,14.5,6.5,34.1,172,84.7,26,09-05-2024,12-08-2024,95,0.4
IND04403,Punjab,Alluvial,Sugarcane,34.9,7.4,35.7,217.1,64.6,0,24-09-2024,29-01-2025,127,0.52
IND04404,Madhya Pradesh,Black,Wheat,24.2,6.3,28.2,210.7,57.3,21.4,04-12-2024,20-03-2025,106,0.53
IND04405,Madhya Pradesh,Black,Wheat,41.5,7.4,32.3,260.7,62.9,0,14-06-2024,12-10-2024,120,0.83
IND04406,Punjab,Alluvial,Sugarcane,44.3,6.8,26.7,280.7,81.9,0,09-11-2024,19-02-2025,102,0.72
IND04407,Rajasthan,Alluvial,Wheat,29.3,6.9,33.7,102.8,45.3,18.4,15-08-2024,01-01-2025,139,0.84
IND04408,Kerala,Laterite,Rice,12.7,7.1,22.8,72.6,49.4,28.9,05-09-2024,28-12-2024,114,0.74
IND04409,Telangana,Black,Wheat,23.9,7.8,29.8,77.1,40.8,28.8,18-12-2024,26-05-2025,159,0.71
IND04410,Andhra Pradesh,Red,Groundnut,25.8,7.3,23.1,192.3,71.7,18.7,01-07-2024,19-11-2024,141,0.74
IND04411,Karnataka,Red,Millet,29.4,7.4,20.6,212.5,41.1,7.2,08-11-2024,05-02-2025,89,0.79
IND04412,Punjab,Alluvial,Maize,15.4,6.7,35.9,212.8,50.8,28.3,11-09-2024,01-02-2025,143,0.8
IND04413,Rajasthan,Desert,Millet,26.7,6.7,38.8,254.4,40.9,2.2,17-03-2024,23-07-2024,128,0.52
IND04414,Odisha,Alluvial,Maize,30.4,6.2,37.5,42.7,61.8,29.5,04-07-2024,28-09-2024,86,0.59
IND04415,Odisha,Laterite,Groundnut,44.2,6.1,18.2,284.6,87.9,0,07-10-2024,23-01-2025,108,0.47
IND04416,Maharashtra,Red,Maize,16.2,7.7,33.2,72.4,55.4,26.1,08-12-2024,05-05-2025,148,0.64
IND04417,Karnataka,Red,Millet,40.5,6.4,23.9,261.9,57.1,13,02-09-2024,08-02-2025,159,0.81
IND04418,Kerala,Laterite,Rice,17.8,6.3,21.7,227.9,89.4,15.6,24-07-2024,12-11-2024,111,0.45
IND04419,Madhya Pradesh,Black,Cotton,43.5,7.4,21.6,108.8,62.5,3,21-09-2024,14-02-2025,146,0.54
IND04420,West Bengal,Alluvial,Wheat,26.6,7.5,24.5,135.7,58.2,24.2,09-12-2024,07-03-2025,88,0.85
IND04421,Punjab,Alluvial,Sugarcane,31.6,6.5,37.8,145.7,50.8,2.9,18-08-2024,10-01-2025,145,0.88
IND04422,Andhra Pradesh,Red,Millet,13.5,7.2,20.1,151.1,70.9,11.9,08-06-2024,13-09-2024,97,0.38
IND04423,Rajasthan,Desert,Millet,41.6,6.4,31.4,59.2,50.1,18.6,02-02-2024,28-04-2024,86,0.43
IND04424,Rajasthan,Alluvial,Pulses,26.3,7.4,23.6,275.2,59.6,9.8,10-08-2024,09-12-2024,121,0.63
IND04425,Telangana,Red,Maize,42.2,6.3,37.4,271.7,81.7,9.9,10-02-2024,19-05-2024,99,0.48
IND04426,Karnataka,Laterite,Groundnut,23.3,6.5,33.3,253.1,72.9,0,14-08-2024,20-11-2024,98,0.68
IND04427,Telangana,Red,Millet,15.7,7.5,36,270,67.1,27.9,02-07-2024,08-12-2024,159,0.55
IND04428,Telangana,Black,Wheat,16.9,7.1,26.7,130,55.1,26.3,21-04-2024,24-07-2024,94,0.36
IND04429,Madhya Pradesh,Black,Wheat,33.2,7,33.7,58.3,73.5,27.3,21-08-2024,12-12-2024,113,0.61
IND04430,Uttar Pradesh,Alluvial,Wheat,30.9,6.4,38.6,123.8,78.8,9.8,24-02-2024,25-06-2024,122,0.42
IND04431,Uttar Pradesh,Alluvial,Rice,38.6,7.6,29.8,296.8,46.7,0,09-06-2024,20-09-2024,103,0.43
IND04432,Maharashtra,Black,Sugarcane,45,7.7,36.2,99.4,85.5,32.7,05-07-2024,07-11-2024,125,0.81
IND04433,Gujarat,Black,Wheat,14,7.4,19.3,251.3,44.9,0,25-03-2024,03-07-2024,100,0.89
IND04434,Andhra Pradesh,Black,Wheat,29,7.1,33.2,93.2,44.1,26.7,03-10-2024,01-02-2025,121,0.4
IND04435,Madhya Pradesh,Black,Wheat,42.7,6.1,22.4,99.7,73.5,2.4,03-07-2024,10-11-2024,130,0.74
IND04436,Rajasthan,Alluvial,Sugarcane,26.7,7.4,37.9,54.3,52.5,23.4,07-11-2024,30-03-2025,143,0.88
IND04437,Telangana,Black,Cotton,21.4,7.8,22.7,204.7,68.4,1.4,25-05-2024,23-08-2024,90,0.9
IND04438,Odisha,Alluvial,Pulses,38.4,6.2,23.9,98.9,81.6,22,07-05-2024,03-09-2024,119,0.69
IND04439,Karnataka,Laterite,Rice,37.4,6.9,36.6,132.4,89.1,15.8,20-09-2024,19-02-2025,152,0.42
IND04440,Karnataka,Red,Maize,26.4,7.1,31,26.5,79.6,15.6,03-03-2024,07-07-2024,126,0.74
IND04441,Tamil Nadu,Black,Cotton,31.6,7.7,36.3,59.3,72.4,15.1,18-11-2024,19-03-2025,121,0.55
IND04442,West Bengal,Alluvial,Rice,25.8,6.6,32.5,240.2,47.7,23.4,20-05-2024,30-08-2024,102,0.52
IND04443,Karnataka,Laterite,Rice,35.3,6.6,31.9,97.8,64,21.9,18-09-2024,22-02-2025,157,0.79
IND04444,Maharashtra,Black,Sugarcane,42.9,7.8,29.1,245,56.8,5.5,08-02-2024,15-07-2024,158,0.83
IND04445,Punjab,Alluvial,Wheat,28.5,6.2,21.7,191.2,82.4,0.2,17-07-2024,13-12-2024,149,0.35
IND04446,Punjab,Alluvial,Wheat,17,6.4,19.8,257.2,87.1,18.8,19-06-2024,31-10-2024,134,0.64
IND04447,Rajasthan,Desert,Millet,18.2,7.7,24.8,263.2,78,0,16-03-2024,14-07-2024,120,0.71
IND04448,Odisha,Alluvial,Sugarcane,26.4,7.8,19.4,264.2,72.4,9.5,21-05-2024,10-10-2024,142,0.38
IND04449,Kerala,Laterite,Rice,32.8,6.2,34.4,262.9,74.7,10.8,11-05-2024,09-10-2024,151,0.73
IND04450,Bihar,Alluvial,Pulses,32.7,6.9,18.8,56.8,56.4,31.9,08-08-2024,09-11-2024,93,0.65
IND04451,Andhra Pradesh,Black,Sugarcane,35.1,7.3,32.1,255.9,63.5,21.3,19-02-2024,23-05-2024,94,0.5
IND04452,Gujarat,Black,Sugarcane,34.7,6.3,33.4,28.6,86.2,24.1,19-10-2024,22-02-2025,126,0.37
IND04453,Kerala,Laterite,Groundnut,45,7.6,39,219.1,74.6,0,06-05-2024,10-08-2024,96,0.79
IND04454,Tamil Nadu,Laterite,Groundnut,42.6,6.7,36.3,298.5,54.3,0,20-01-2024,11-05-2024,112,0.67
IND04455,Bihar,Alluvial,Sugarcane,43.6,6.6,28.4,219.3,46.4,20.8,14-05-2024,29-09-2024,138,0.69
IND04456,Tamil Nadu,Red,Millet,36.1,6.3,36.3,195.6,42.1,7.6,20-12-2024,17-03-2025,87,0.53
IND04457,Tamil Nadu,Red,Groundnut,17.7,6.7,37.3,82,54.8,9.3,11-07-2024,19-11-2024,131,0.44
IND04458,Gujarat,Black,Sugarcane,42,6.7,23.7,175.7,43.9,0,11-10-2024,13-01-2025,94,0.7
IND04459,Haryana,Alluvial,Pulses,44.8,7.6,35.9,239.9,79.1,10.3,20-02-2024,04-07-2024,135,0.46
IND04460,Odisha,Laterite,Rice,38.5,6,28.1,41.7,40.2,4.2,02-08-2024,07-12-2024,127,0.55
IND04461,Madhya Pradesh,Black,Wheat,18.5,6.5,21.4,236,45.2,0,09-07-2024,14-11-2024,128,0.39
IND04462,Bihar,Alluvial,Rice,22.5,6.3,23,128.9,58.6,25.1,06-02-2024,02-05-2024,86,0.43
IND04463,Karnataka,Red,Groundnut,30.9,6.4,31.3,220.3,72,28.8,15-02-2024,09-06-2024,115,0.36
IND04464,Gujarat,Alluvial,Rice,31.8,6.2,27.1,89.4,86.9,35.5,21-08-2024,24-01-2025,156,0.48
IND04465,Madhya Pradesh,Red,Groundnut,25.9,7.5,33,126.9,49.7,4.6,03-08-2024,08-01-2025,158,0.53
IND04466,Rajasthan,Alluvial,Rice,22.5,6.8,22.4,185,47.3,18.8,01-06-2024,15-09-2024,106,0.41
IND04467,Gujarat,Alluvial,Wheat,42.2,7.7,35.1,236.4,71.5,0,01-05-2024,03-10-2024,155,0.64
IND04468,Odisha,Alluvial,Maize,37,6.1,39.7,87.7,46,6.3,06-06-2024,16-10-2024,132,0.37
IND04469,Telangana,Black,Wheat,40.2,6.8,28.8,161.5,44.3,25.5,04-11-2024,28-01-2025,85,0.75
IND04470,Haryana,Alluvial,Maize,26.4,7.1,25.7,177.3,42.9,0,24-11-2024,09-03-2025,105,0.59
IND04471,Andhra Pradesh,Red,Millet,26.7,6.4,18.5,250.7,55,0,21-11-2024,24-03-2025,123,0.46
IND04472,Haryana,Alluvial,Wheat,36.4,6.5,35.5,153.8,61,33,11-12-2024,02-05-2025,142,0.42
IND04473,West Bengal,Laterite,Rice,17.4,6.7,26.7,260,43.4,27.1,21-09-2024,24-02-2025,156,0.42
IND04474,Andhra Pradesh,Black,Cotton,35,7.3,30.6,253,41.3,21.1,17-02-2024,06-06-2024,110,0.84
IND04475,Karnataka,Red,Pulses,39.2,7.3,19.3,106.6,69.5,21.1,06-06-2024,02-11-2024,149,0.48
IND04476,Maharashtra,Laterite,Groundnut,36.5,7.1,37.2,69.8,82.8,33.5,15-05-2024,15-08-2024,92,0.47
IND04477,Telangana,Red,Pulses,32.4,6.1,21.3,123,87.1,20.6,20-08-2024,27-11-2024,99,0.59
IND04478,Uttar Pradesh,Alluvial,Pulses,39.3,7.5,18.7,148.5,47.3,11.2,05-08-2024,09-12-2024,126,0.85
IND04479,Gujarat,Black,Wheat,14.7,6.3,37.6,26.7,64.8,45.4,19-03-2024,02-08-2024,136,0.77
IND04480,Telangana,Black,Sugarcane,30.6,6.9,20,107.6,54.4,38.1,04-12-2024,20-04-2025,137,0.75
IND04481,Tamil Nadu,Laterite,Groundnut,14.4,7,30.3,182.3,77,0.2,07-06-2024,08-10-2024,123,0.77
IND04482,Bihar,Alluvial,Pulses,26.6,6,31.8,64.9,67.2,21.4,05-08-2024,04-11-2024,91,0.82
IND04483,Punjab,Alluvial,Wheat,36.5,7,22.2,149.3,73.4,5.1,11-11-2024,08-04-2025,148,0.83
IND04484,Odisha,Laterite,Rice,34.5,7.7,30.5,134.7,42.3,4.7,12-03-2024,25-07-2024,135,0.39
IND04485,Maharashtra,Red,Pulses,32,7.8,26.7,115,48.9,1.5,21-11-2024,26-03-2025,125,0.87
IND04486,Uttar Pradesh,Alluvial,Wheat,41.2,7.2,26.9,152.2,41.2,0,22-12-2024,29-05-2025,158,0.76
IND04487,Punjab,Alluvial,Wheat,16.8,6.3,39.7,270.3,89.9,29.5,03-07-2024,28-11-2024,148,0.59
IND04488,Odisha,Laterite,Groundnut,35.7,7.5,20,194.4,43.8,5.7,14-12-2024,15-05-2025,152,0.71
IND04489,Uttar Pradesh,Alluvial,Sugarcane,31.5,6.1,30.2,93.5,57.3,23.7,02-12-2024,03-03-2025,91,0.85
IND04490,Karnataka,Red,Pulses,32.2,7.2,33,171.7,75.8,6.9,04-05-2024,04-09-2024,123,0.58
IND04491,Maharashtra,Laterite,Rice,17.7,7.2,32.9,92.1,61,36.9,05-05-2024,13-08-2024,100,0.7
IND04492,Gujarat,Black,Wheat,33.8,6.4,27.1,88.1,68.9,8.8,18-07-2024,11-10-2024,85,0.46
IND04493,Bihar,Alluvial,Maize,35.6,7.3,33.4,142.1,45.4,1.2,04-05-2024,05-08-2024,93,0.58
IND04494,Kerala,Laterite,Rice,37.2,6.2,31.5,22.3,87.5,7.4,08-02-2024,21-05-2024,103,0.82
IND04495,Madhya Pradesh,Red,Millet,36.9,6.6,20.9,229.6,47.8,0,14-09-2024,02-01-2025,110,0.46
IND04496,Telangana,Red,Groundnut,28,7.5,18.4,96,76.5,5.2,15-02-2024,17-06-2024,123,0.79
IND04497,Uttar Pradesh,Alluvial,Wheat,15,7.1,31.8,78.4,58,29.5,25-10-2024,26-01-2025,93,0.85
IND04498,Kerala,Laterite,Groundnut,34,6.1,35.5,55.4,70.6,12.1,15-12-2024,24-03-2025,99,0.51
IND04499,Odisha,Alluvial,Wheat,30.8,6.1,38.7,218.1,46.3,30.1,14-09-2024,22-12-2024,99,0.55
IND04500,Kerala,Laterite,Groundnut,24.4,6.1,23.1,220.8,42.2,6.2,07-07-2024,14-11-2024,130,0.55
IND04501,Andhra Pradesh,Black,Cotton,40.1,7.1,21.7,235,61,18.7,12-06-2024,24-10-2024,134,0.39
IND04502,Uttar Pradesh,Alluvial,Wheat,40.7,6.8,27.6,216.5,54,0,03-08-2024,12-11-2024,101,0.88
IND04503,Maharashtra,Black,Wheat,21.4,6.7,39.4,255.1,82.3,17.9,13-03-2024,09-08-2024,149,0.82
IND04504,Tamil Nadu,Red,Groundnut,38.8,6.6,20.4,282.4,79,7.5,12-10-2024,11-02-2025,122,0.44
IND04505,West Bengal,Laterite,Rice,20.2,7.7,18.8,176.3,63.1,33.9,21-09-2024,24-02-2025,156,0.36
IND04506,Karnataka,Black,Sugarcane,27.8,7,27.4,194,64,31.7,03-03-2024,01-06-2024,90,0.89
IND04507,Maharashtra,Black,Sugarcane,41.8,7.6,20.4,37.6,84.4,24.2,11-06-2024,13-11-2024,155,0.72
IND04508,Punjab,Alluvial,Pulses,39.1,7.3,34.7,265.4,80.5,5.4,20-02-2024,05-07-2024,136,0.57
IND04509,West Bengal,Alluvial,Maize,15.5,6.4,35.9,50.7,74.1,45.4,06-12-2024,14-04-2025,129,0.61
IND04510,Bihar,Alluvial,Wheat,42.6,6.8,29.4,186.6,81.3,18.6,05-09-2024,02-12-2024,88,0.64
IND04511,Maharashtra,Black,Sugarcane,34.5,6.8,35.9,202,59.1,23.4,11-09-2024,18-01-2025,129,0.63
IND04512,Tamil Nadu,Black,Sugarcane,16.7,6.8,38.8,209.7,64.4,13,09-03-2024,10-08-2024,154,0.6
IND04513,Andhra Pradesh,Black,Wheat,42.4,7,34.3,63.3,43.9,27.6,16-08-2024,26-12-2024,132,0.68
IND04514,Madhya Pradesh,Red,Groundnut,26.3,7.3,36,78.9,52.8,43,01-07-2024,30-11-2024,152,0.56
IND04515,Kerala,Laterite,Groundnut,35.3,6.7,21.4,84.3,41.6,23.8,05-02-2024,24-06-2024,140,0.43
IND04516,Gujarat,Alluvial,Pulses,38.8,7.4,35.1,101.5,60.5,0,17-02-2024,06-07-2024,140,0.47
IND04517,Odisha,Laterite,Groundnut,31.1,6.1,38.2,278.3,46.6,2.3,10-12-2024,05-04-2025,116,0.77
IND04518,Tamil Nadu,Laterite,Rice,21.3,6.1,39.9,88.7,85.1,19.8,18-02-2024,25-05-2024,97,0.52
IND04519,Tamil Nadu,Black,Wheat,40.7,6.9,19.7,276.1,90,0,09-11-2024,14-04-2025,156,0.53
IND04520,Punjab,Alluvial,Wheat,14.8,7.8,24.8,209.4,67.1,23.5,24-01-2024,24-06-2024,152,0.85
IND04521,Telangana,Black,Cotton,37.1,7.4,39.2,167.5,88.2,19.7,12-06-2024,07-11-2024,148,0.76
IND04522,Andhra Pradesh,Red,Millet,21.2,6.2,29.5,104.5,88.9,37.2,16-11-2024,14-04-2025,149,0.89
IND04523,Kerala,Laterite,Rice,14.7,7.5,23.9,217.5,45.9,15.2,06-10-2024,31-12-2024,86,0.83
IND04524,Tamil Nadu,Black,Wheat,44.7,7.6,33.4,148,56.7,10.2,16-06-2024,26-10-2024,132,0.41
IND04525,Gujarat,Black,Cotton,19.6,6.1,27.4,251.5,58.2,20.5,13-08-2024,25-12-2024,134,0.87
IND04526,Kerala,Laterite,Groundnut,26.7,6.5,26.3,138.8,81.9,13.3,01-08-2024,06-12-2024,127,0.77
IND04527,Madhya Pradesh,Red,Millet,22,6.6,36.1,284.5,64.9,3.6,09-08-2024,01-12-2024,114,0.68
IND04528,Gujarat,Alluvial,Pulses,20.9,6.6,18.6,169,70.9,19.5,17-03-2024,14-06-2024,89,0.39
IND04529,Maharashtra,Black,Cotton,18.3,7.3,37.7,217.8,83.8,6,07-05-2024,04-09-2024,120,0.38
IND04530,Karnataka,Black,Sugarcane,25.2,6.1,38.7,107.5,63.2,37,13-02-2024,10-05-2024,87,0.35
IND04531,Gujarat,Alluvial,Sugarcane,41.8,7.7,29.3,256.2,64.3,0,11-06-2024,12-10-2024,123,0.53
IND04532,Maharashtra,Black,Wheat,27.1,7.6,33.8,220.5,82,19.9,10-08-2024,07-11-2024,89,0.89
IND04533,Rajasthan,Alluvial,Rice,39.3,7.7,24.1,272.4,61.8,14.9,08-08-2024,12-11-2024,96,0.67
IND04534,Punjab,Alluvial,Rice,22.5,6.3,30.5,79.3,75.8,17.6,07-07-2024,03-10-2024,88,0.73
IND04535,Karnataka,Laterite,Groundnut,39.3,7.1,22.2,159.1,64.3,0,09-09-2024,12-12-2024,94,0.78
IND04536,Tamil Nadu,Red,Groundnut,24.2,6.4,19.4,69.3,67.8,35.6,20-12-2024,29-03-2025,99,0.49
IND04537,Uttar Pradesh,Alluvial,Maize,30.8,6.6,21.2,270.2,85.1,0,10-12-2024,30-04-2025,141,0.7
IND04538,Odisha,Laterite,Rice,37.9,6.7,32.2,173.1,58.7,25.7,02-02-2024,17-06-2024,136,0.48
IND04539,Gujarat,Alluvial,Pulses,18.2,7.1,34.7,21.7,48,15.3,22-11-2024,18-04-2025,147,0.78
IND04540,Haryana,Alluvial,Rice,14.7,6.4,35.8,218.2,45.4,0,02-02-2024,24-06-2024,143,0.84
IND04541,Haryana,Alluvial,Maize,18.7,6.7,30.6,216.4,59.2,13.2,11-07-2024,12-10-2024,93,0.49
IND04542,Uttar Pradesh,Alluvial,Maize,20.5,6.4,28.3,30.6,76.7,49,19-10-2024,19-01-2025,92,0.35
IND04543,Tamil Nadu,Black,Sugarcane,41.8,7.8,37,241.3,66.2,0,16-06-2024,24-10-2024,130,0.54
IND04544,Karnataka,Red,Millet,13.9,7.1,21.9,57.6,63.7,32,03-09-2024,10-02-2025,160,0.59
IND04545,Madhya Pradesh,Red,Groundnut,24.2,6.4,27.3,269.9,70.6,24.2,06-12-2024,20-04-2025,135,0.45
IND04546,Rajasthan,Desert,Millet,15.1,6.5,24,104.9,83.3,7.4,14-02-2024,14-05-2024,90,0.38
IND04547,Rajasthan,Desert,Millet,31.6,7.6,26.9,277.4,71.3,6.4,09-05-2024,08-08-2024,91,0.59
IND04548,Telangana,Red,Maize,29.3,6.3,36.4,21.6,48.4,32.8,21-01-2024,20-06-2024,151,0.65
IND04549,Telangana,Black,Sugarcane,18.7,7,35.3,233.9,60,30.3,18-11-2024,02-03-2025,104,0.43
IND04550,Tamil Nadu,Red,Groundnut,35.6,6.8,18.7,52.8,88,11,02-01-2024,27-04-2024,116,0.64
IND04551,Rajasthan,Desert,Millet,25.7,6.6,37.3,130.4,78.5,11.4,14-12-2024,06-05-2025,143,0.88
IND04552,Bihar,Alluvial,Maize,12.2,7.2,22.2,32.3,69.9,16,16-07-2024,11-11-2024,118,0.39
IND04553,Uttar Pradesh,Alluvial,Sugarcane,24.1,7.3,25.9,139.6,43.6,15.8,17-09-2024,29-12-2024,103,0.47
IND04554,Haryana,Alluvial,Wheat,28.6,6.1,30.1,162.8,48,11.3,07-12-2024,18-03-2025,101,0.36
IND04555,Gujarat,Alluvial,Pulses,39.2,6.9,30.7,271.2,50.8,10.9,12-02-2024,28-06-2024,137,0.47
IND04556,Uttar Pradesh,Alluvial,Wheat,35.9,6.7,32.3,36.7,69.8,23,18-05-2024,25-09-2024,130,0.55
IND04557,Madhya Pradesh,Red,Pulses,30.4,7.7,33.9,97.8,40.6,37.3,14-04-2024,18-08-2024,126,0.8
IND04558,Maharashtra,Laterite,Rice,32.6,6.6,32.7,92.2,41.3,5.2,07-07-2024,24-10-2024,109,0.77
IND04559,Haryana,Alluvial,Pulses,19.5,7.1,36.3,54.8,80.7,38.3,03-04-2024,31-08-2024,150,0.66
IND04560,Rajasthan,Alluvial,Wheat,37.7,7.5,37.5,215.4,68,0,13-04-2024,20-09-2024,160,0.88
IND04561,Maharashtra,Black,Sugarcane,29.1,6.7,37.7,166.1,65.4,0,05-07-2024,29-09-2024,86,0.82
IND04562,Gujarat,Alluvial,Pulses,40.1,6.3,40,265.6,89.3,8.8,24-03-2024,01-08-2024,130,0.39
IND04563,Telangana,Red,Millet,35.5,7,29.3,33.9,41.8,30.4,03-11-2024,11-02-2025,100,0.59
IND04564,Karnataka,Laterite,Groundnut,26.2,7.1,34.9,135.7,88.1,16.7,03-02-2024,04-06-2024,122,0.81
IND04565,Kerala,Laterite,Rice,29.9,6.6,39.6,101.2,48.6,9.4,15-04-2024,11-07-2024,87,0.55
IND04566,Maharashtra,Red,Maize,21.4,6.7,28.6,185.8,55.5,0,08-09-2024,09-01-2025,123,0.77
IND04567,Telangana,Red,Millet,39.7,6.6,24.5,258.5,87.1,0,07-03-2024,23-07-2024,138,0.35
IND04568,Telangana,Black,Sugarcane,29.6,7.1,31.1,142.5,57.1,18,12-07-2024,28-11-2024,139,0.5
IND04569,Odisha,Laterite,Rice,35.6,6.6,27.4,83.5,67.9,17.9,19-05-2024,03-10-2024,137,0.69
IND04570,Odisha,Laterite,Rice,37.9,7.4,33.7,98.8,58.2,32.1,16-12-2024,25-05-2025,160,0.39
IND04571,Punjab,Alluvial,Rice,35,6.6,28.4,253,69.6,2.2,08-08-2024,24-11-2024,108,0.38
IND04572,Maharashtra,Black,Wheat,24.4,6.3,26.1,155,62.1,35.3,04-06-2024,13-09-2024,101,0.35
IND04573,Maharashtra,Laterite,Groundnut,19.3,6.2,25.6,231.7,81.9,0,04-01-2024,09-04-2024,96,0.6
IND04574,West Bengal,Laterite,Groundnut,27.7,6.1,33.9,145.2,49.9,6.8,15-07-2024,29-11-2024,137,0.61
IND04575,Rajasthan,Desert,Millet,27.4,7.7,28.2,293.7,40.3,4.5,07-06-2024,08-09-2024,93,0.58
IND04576,Rajasthan,Alluvial,Maize,32.4,7.5,29.9,116.4,89.2,15,05-04-2024,20-08-2024,137,0.53
IND04577,West Bengal,Alluvial,Rice,12.3,7.4,35.1,116.3,81.1,24.1,14-01-2024,28-05-2024,135,0.63
IND04578,Odisha,Alluvial,Sugarcane,38.3,6.1,25,105.8,83.7,10.4,07-11-2024,11-02-2025,96,0.79
IND04579,Uttar Pradesh,Alluvial,Wheat,34.9,7.7,37.3,69.3,54.3,32.5,03-07-2024,16-11-2024,136,0.65
IND04580,Madhya Pradesh,Black,Wheat,30.7,7,24.1,208,82.3,0,10-07-2024,09-12-2024,152,0.35
IND04581,Telangana,Red,Maize,33.8,7.4,19.7,118.9,88.1,14.8,13-11-2024,15-03-2025,122,0.51
IND04582,Karnataka,Laterite,Rice,37.2,6.6,23.9,131.7,42.6,27.7,08-04-2024,10-08-2024,124,0.53
IND04583,Andhra Pradesh,Black,Cotton,26.9,7.7,25.3,236.4,69.5,13.7,25-01-2024,15-05-2024,111,0.62
IND04584,Kerala,Laterite,Rice,28.1,6.3,35.8,125.6,68.3,2.4,05-08-2024,16-11-2024,103,0.7
IND04585,Uttar Pradesh,Alluvial,Maize,20,6.6,33.8,47,53,24.7,20-09-2024,22-02-2025,155,0.76
IND04586,Rajasthan,Desert,Millet,29.2,7.5,26.9,122.8,58.8,29.1,23-08-2024,20-01-2025,150,0.44
IND04587,Uttar Pradesh,Alluvial,Wheat,19,6.6,33,44.3,69.3,43,12-04-2024,03-08-2024,113,0.47
IND04588,Odisha,Laterite,Groundnut,42.3,7.6,26.4,208.9,49.1,1.5,23-09-2024,21-01-2025,120,0.72
IND04589,Bihar,Alluvial,Rice,38.7,6.1,28.9,81.5,67.4,0.4,01-06-2024,13-10-2024,134,0.76
IND04590,Madhya Pradesh,Red,Pulses,37.2,6.8,18.9,183.5,57.3,29.5,24-08-2024,21-12-2024,119,0.81
IND04591,Kerala,Laterite,Rice,15.1,6.2,30,77.9,60.9,39.8,18-06-2024,27-09-2024,101,0.37
IND04592,Karnataka,Black,Sugarcane,40.5,7,26.5,106.8,86.3,32,11-09-2024,31-12-2024,111,0.9
IND04593,West Bengal,Laterite,Groundnut,23,6.7,30.5,104.6,48.4,30,01-02-2024,09-07-2024,159,0.86
IND04594,Kerala,Laterite,Groundnut,25.2,6.2,34,260.8,56.9,28.5,20-03-2024,18-06-2024,90,0.54
IND04595,Karnataka,Laterite,Groundnut,40.1,7.4,22.5,220.1,47.9,1.6,10-11-2024,16-04-2025,157,0.35
IND04596,Maharashtra,Black,Wheat,38.4,7.1,27.8,159.6,46.3,17.4,03-01-2024,19-05-2024,137,0.37
IND04597,Gujarat,Black,Cotton,19.6,6.5,40,137,89.2,17.6,06-04-2024,11-09-2024,158,0.6
IND04598,Madhya Pradesh,Black,Sugarcane,21.8,7.7,31.6,25,71.5,41.3,24-10-2024,26-02-2025,125,0.56
IND04599,Maharashtra,Red,Groundnut,26.5,7.3,23.6,41.3,74,37.2,20-09-2024,19-01-2025,121,0.59
IND04600,Punjab,Alluvial,Sugarcane,16.7,6.6,35.5,59.6,46.2,30.8,17-05-2024,13-08-2024,88,0.68
IND04601,Maharashtra,Black,Cotton,39,6.8,25.1,274.2,41.3,1.1,06-12-2024,26-04-2025,141,0.52
IND04602,Bihar,Alluvial,Wheat,42.1,7.3,32,88.7,76.8,14,16-04-2024,02-09-2024,139,0.47
IND04603,Haryana,Alluvial,Maize,30.8,7.4,39.9,125.2,48.3,8.1,15-10-2024,05-03-2025,141,0.77
IND04604,Madhya Pradesh,Red,Pulses,21.4,7.8,38.9,208.7,85.8,2.3,23-10-2024,11-03-2025,139,0.58
IND04605,Odisha,Laterite,Groundnut,12.7,6.9,34.8,111.3,58.4,25.7,18-06-2024,22-11-2024,157,0.53
IND04606,Maharashtra,Black,Sugarcane,31.4,6.8,19,161.8,86.8,3,06-09-2024,05-01-2025,121,0.6
IND04607,Karnataka,Red,Millet,34.6,7.4,35.8,182.7,88.8,4.9,13-10-2024,09-02-2025,119,0.49
IND04608,Maharashtra,Laterite,Rice,13.2,6.5,21.3,92.4,40.7,23.3,09-07-2024,11-10-2024,94,0.43
IND04609,Karnataka,Black,Sugarcane,14.1,6.5,34.6,57.5,85.3,21.9,15-11-2024,26-03-2025,131,0.6
IND04610,Punjab,Alluvial,Pulses,14.8,6.5,34.4,256.7,51.1,27.1,13-08-2024,25-11-2024,104,0.84
IND04611,West Bengal,Alluvial,Pulses,19.1,6.8,39.1,279.6,50.2,24.7,16-06-2024,19-11-2024,156,0.86
IND04612,West Bengal,Alluvial,Pulses,32.7,6.2,18.8,39,54.2,14.9,15-01-2024,14-04-2024,90,0.88
IND04613,Andhra Pradesh,Red,Millet,39.5,6.4,23.3,50.3,61.5,2.8,16-07-2024,16-10-2024,92,0.81
IND04614,West Bengal,Alluvial,Rice,13.5,7.6,38.4,137.7,79.5,35.4,05-12-2024,03-05-2025,149,0.65
IND04615,Haryana,Alluvial,Rice,18.6,6.1,36.4,285.5,54.6,2,06-12-2024,05-03-2025,89,0.5
IND04616,Bihar,Alluvial,Wheat,39,6.5,22.2,265.9,55.8,0,20-07-2024,23-12-2024,156,0.5
IND04617,Maharashtra,Laterite,Groundnut,31.5,7.7,38.2,35.2,48.9,41.6,07-10-2024,13-02-2025,129,0.71
IND04618,Karnataka,Red,Maize,26.2,6.3,20.6,61.3,43.6,16.6,10-03-2024,07-07-2024,119,0.44
IND04619,Kerala,Laterite,Groundnut,42.4,7.3,31.3,107.7,41.1,16.3,06-07-2024,17-10-2024,103,0.45
IND04620,Andhra Pradesh,Red,Maize,28.9,6.8,18.4,21,47.9,35.7,13-09-2024,14-12-2024,92,0.82
IND04621,Telangana,Red,Pulses,27,7.4,27.4,143.2,85.8,19.9,01-01-2024,25-04-2024,115,0.54
IND04622,Rajasthan,Desert,Millet,32.2,6.3,38.2,33.5,63.4,34.2,11-04-2024,25-07-2024,105,0.45
IND04623,Tamil Nadu,Red,Maize,18.3,7,38.3,134.4,88.5,13.2,09-08-2024,10-11-2024,93,0.7
IND04624,Kerala,Laterite,Groundnut,39,7.6,18.4,172.5,90,19.4,12-10-2024,11-01-2025,91,0.55
IND04625,Haryana,Alluvial,Maize,28,6.4,38.9,67.8,53,28.2,18-06-2024,12-09-2024,86,0.84
IND04626,Maharashtra,Black,Sugarcane,44.8,6.9,18.9,170.2,42.5,1.4,18-10-2024,19-03-2025,152,0.39
IND04627,Bihar,Alluvial,Maize,22.9,7.2,19.1,27.6,42.2,9.4,08-09-2024,15-01-2025,129,0.43
IND04628,West Bengal,Alluvial,Maize,36.7,7.8,27.1,60.9,58.7,20.4,01-11-2024,10-02-2025,101,0.88
IND04629,Punjab,Alluvial,Sugarcane,40,6.8,25.9,39.9,82,18.2,08-06-2024,14-11-2024,159,0.67
IND04630,Uttar Pradesh,Alluvial,Rice,35.5,7.5,23.4,109.1,45.8,19.2,06-11-2024,15-03-2025,129,0.52
IND04631,Rajasthan,Alluvial,Rice,29.2,7.6,18.8,295.3,82,0,02-03-2024,15-07-2024,135,0.78
IND04632,Tamil Nadu,Laterite,Groundnut,23.4,7.8,30.4,213.7,64,11,16-06-2024,10-09-2024,86,0.45
IND04633,Madhya Pradesh,Black,Sugarcane,30.9,6.5,18.5,131,61.1,35.9,21-11-2024,31-03-2025,130,0.65
IND04634,Tamil Nadu,Red,Groundnut,29.3,6.2,18.9,32.8,42.8,10.7,23-04-2024,29-08-2024,128,0.49
IND04635,Bihar,Alluvial,Rice,24.7,7.2,31.3,246.5,87.4,0,02-04-2024,01-08-2024,121,0.46
IND04636,Gujarat,Black,Sugarcane,17.8,6.4,21.8,74.2,46.3,8.2,05-12-2024,15-04-2025,131,0.87
IND04637,Bihar,Alluvial,Pulses,22,7.5,24.3,235.9,42.1,15.3,04-04-2024,18-08-2024,136,0.74
IND04638,Odisha,Laterite,Rice,26.5,6.2,22.2,108.7,80.7,23.5,12-09-2024,07-12-2024,86,0.8
IND04639,West Bengal,Laterite,Rice,41.1,6.8,29.8,77.2,41,1.4,23-01-2024,04-05-2024,102,0.58
IND04640,Tamil Nadu,Black,Cotton,39.9,7.1,26.5,113,88.5,0,20-12-2024,19-05-2025,150,0.58
IND04641,West Bengal,Alluvial,Wheat,16.1,6.6,33.9,22.2,51.5,49.5,06-01-2024,27-05-2024,142,0.55
IND04642,Karnataka,Laterite,Groundnut,28.2,6.6,30.6,203.9,79.6,27.9,24-03-2024,23-07-2024,121,0.77
IND04643,Odisha,Alluvial,Pulses,31,7.6,35.9,143.4,72.9,3,03-08-2024,16-11-2024,105,0.75
IND04644,Bihar,Alluvial,Rice,14.1,6,28.4,65.8,57.5,47.1,12-06-2024,19-09-2024,99,0.43
IND04645,Kerala,Laterite,Groundnut,32.3,6.8,19.9,140.6,48.2,27.2,12-08-2024,15-12-2024,125,0.62
IND04646,Kerala,Laterite,Rice,17.1,7,19.2,149.1,85.2,18.1,19-10-2024,20-02-2025,124,0.6
IND04647,Uttar Pradesh,Alluvial,Pulses,30.1,7.7,39.7,52.5,84,35.9,18-11-2024,03-03-2025,105,0.53
IND04648,Andhra Pradesh,Black,Cotton,35.7,6.6,29.3,91.8,83.7,17.7,11-01-2024,17-06-2024,158,0.55
IND04649,Rajasthan,Desert,Millet,32.2,7.6,39.1,86.5,79.3,25.8,10-07-2024,11-11-2024,124,0.53
IND04650,Andhra Pradesh,Black,Cotton,40.4,7.3,29.8,198.4,48,0,04-09-2024,08-12-2024,95,0.77
IND04651,Kerala,Laterite,Rice,38.9,7.3,33.1,237.9,77.9,0,02-09-2024,30-12-2024,119,0.73
IND04652,Maharashtra,Red,Millet,12.9,7.4,19.4,146.4,58.2,20.3,20-09-2024,15-01-2025,117,0.49
IND04653,West Bengal,Laterite,Groundnut,21.6,6,18.5,223.3,45.5,7.8,06-03-2024,21-06-2024,107,0.79
IND04654,Uttar Pradesh,Alluvial,Pulses,12.4,7,37.2,253.5,56.7,4.7,02-07-2024,08-12-2024,159,0.64
IND04655,Karnataka,Laterite,Groundnut,36,6,37.4,258.5,67.7,10.9,05-05-2024,17-09-2024,135,0.56
IND04656,Punjab,Alluvial,Rice,29.9,6.6,25.8,173.2,59.4,0,08-12-2024,16-05-2025,159,0.71
IND04657,Haryana,Alluvial,Maize,24.9,7.2,18.2,38.4,85.1,17.9,23-10-2024,02-03-2025,130,0.38
IND04658,Bihar,Alluvial,Wheat,19.5,7,22.4,282.8,85.9,23.5,09-03-2024,13-08-2024,157,0.59
IND04659,Karnataka,Black,Cotton,36.3,6.2,32.2,101.6,60.4,25.9,15-07-2024,30-11-2024,138,0.6
IND04660,Tamil Nadu,Black,Sugarcane,16,7.2,20.1,49.5,44.6,20.5,16-06-2024,26-10-2024,132,0.83
IND04661,Haryana,Alluvial,Wheat,36.2,7.8,33.9,112.2,70.6,1.7,13-09-2024,23-12-2024,101,0.86
IND04662,Uttar Pradesh,Alluvial,Maize,36.4,7.5,30.9,276.1,43.4,14.2,10-08-2024,17-12-2024,129,0.75
IND04663,Andhra Pradesh,Red,Maize,32.3,6.2,19.8,191.3,74.2,10.6,10-02-2024,10-07-2024,151,0.79
IND04664,Bihar,Alluvial,Maize,15,6.7,19.9,145.4,54.7,2.4,01-03-2024,01-07-2024,122,0.65
IND04665,Odisha,Alluvial,Maize,41.5,6.9,23,72.1,89.5,20,14-11-2024,13-02-2025,91,0.43
IND04666,Uttar Pradesh,Alluvial,Rice,19.5,7.2,36.1,294.3,41,8.2,18-03-2024,14-07-2024,118,0.8
IND04667,Telangana,Black,Wheat,32.6,6.4,36.7,271.1,63.3,8.3,18-07-2024,30-10-2024,104,0.46
IND04668,Gujarat,Black,Sugarcane,33.3,7.1,33.9,186.2,62.3,5.9,05-08-2024,09-01-2025,157,0.52
IND04669,Tamil Nadu,Black,Sugarcane,17.5,6.2,19.1,217.9,70.2,0,22-12-2024,26-04-2025,125,0.65
IND04670,Uttar Pradesh,Alluvial,Rice,18.7,6.3,32.1,42.7,48.3,35.7,05-06-2024,09-09-2024,96,0.39
IND04671,Telangana,Red,Maize,29.3,7.2,24.8,200.1,65.7,0.6,11-10-2024,16-01-2025,97,0.85
IND04672,Telangana,Red,Pulses,16.3,7.2,37.5,25.2,85.8,38.4,24-12-2024,09-04-2025,106,0.54
IND04673,Rajasthan,Desert,Millet,40.2,7.3,38.8,238.7,54.3,0,05-08-2024,15-12-2024,132,0.83
IND04674,Odisha,Laterite,Groundnut,22.1,7.6,37.5,148.1,60.2,19,14-01-2024,17-05-2024,124,0.37
IND04675,Haryana,Alluvial,Pulses,43.1,6.9,34.7,171.7,53.6,22.7,08-06-2024,27-09-2024,111,0.57
IND04676,West Bengal,Alluvial,Wheat,42.7,6.2,35,40.1,58.1,30.2,08-08-2024,15-11-2024,99,0.49
IND04677,Haryana,Alluvial,Wheat,31.9,6.7,27.8,273.8,42.7,20.9,23-08-2024,18-12-2024,117,0.53
IND04678,Madhya Pradesh,Red,Groundnut,18.5,7.3,19.7,249.4,63.6,17,19-02-2024,26-06-2024,128,0.36
IND04679,Madhya Pradesh,Black,Cotton,38.3,6.8,20.7,134.5,73.2,2.9,17-03-2024,02-07-2024,107,0.54
IND04680,Karnataka,Red,Maize,18.2,6.2,32.2,58.9,55.1,33,01-10-2024,02-03-2025,152,0.79
IND04681,Maharashtra,Laterite,Groundnut,13.7,6.5,30.8,106.7,80.1,13.7,09-11-2024,24-02-2025,107,0.64
IND04682,Haryana,Alluvial,Wheat,16.6,7,33.7,249.1,46.6,29,03-10-2024,26-01-2025,115,0.52
IND04683,Uttar Pradesh,Alluvial,Sugarcane,40.1,7,25.2,99,60.8,27.5,11-11-2024,20-03-2025,129,0.63
IND04684,Odisha,Alluvial,Rice,32.2,6.4,30.5,233.3,74.6,0,02-12-2024,13-04-2025,132,0.71
IND04685,Telangana,Red,Maize,21.9,7.1,26.1,150.2,61.8,27.4,15-12-2024,18-05-2025,154,0.74
IND04686,Madhya Pradesh,Black,Sugarcane,24.5,6.4,39.5,124.6,53.4,35.1,07-07-2024,16-11-2024,132,0.52
IND04687,Andhra Pradesh,Black,Cotton,36.2,7.6,35.6,54.5,54.8,10.2,11-04-2024,03-08-2024,114,0.39
IND04688,Andhra Pradesh,Black,Cotton,29.9,6.1,38.2,149.9,42.1,14.6,05-04-2024,16-08-2024,133,0.41
IND04689,Kerala,Laterite,Rice,22.6,6.7,18.5,31.1,69.2,29.5,02-03-2024,27-07-2024,147,0.43
IND04690,Bihar,Alluvial,Rice,26.3,6.4,25.8,133,83.5,29,16-08-2024,25-12-2024,131,0.86
IND04691,Madhya Pradesh,Black,Cotton,28.8,6.8,31.4,287.3,80.1,12.7,21-11-2024,18-04-2025,148,0.66
IND04692,Madhya Pradesh,Black,Cotton,20.5,6.4,24.1,23.4,69.9,11.8,10-09-2024,03-01-2025,115,0.6
IND04693,Maharashtra,Red,Groundnut,44.7,7.7,23.5,266.1,64.6,0,09-04-2024,24-07-2024,106,0.6
IND04694,Karnataka,Laterite,Groundnut,17.3,6.8,22.3,65.1,80.5,27.5,17-02-2024,16-06-2024,120,0.46
IND04695,Telangana,Red,Groundnut,37.5,6.9,34.7,58,59.7,11.6,15-09-2024,14-12-2024,90,0.61
IND04696,Punjab,Alluvial,Wheat,26.7,7.3,37.8,147.8,49.9,33.9,09-11-2024,09-04-2025,151,0.81
IND04697,Tamil Nadu,Red,Maize,14.4,6.3,26.7,56.2,87.7,48.3,18-12-2024,29-04-2025,132,0.47
IND04698,Madhya Pradesh,Black,Wheat,39,7.5,19.3,295.8,43.6,0,15-11-2024,09-04-2025,145,0.71
IND04699,Telangana,Black,Cotton,31.1,7.8,22.9,141.6,73.3,33.6,08-07-2024,09-12-2024,154,0.7
IND04700,Karnataka,Red,Groundnut,17.5,6.1,28.9,141.8,79.6,11.8,07-06-2024,27-10-2024,142,0.69
IND04701,Andhra Pradesh,Red,Maize,21.4,6.5,26.4,169.9,41.7,34.8,23-06-2024,14-10-2024,113,0.86
IND04702,Haryana,Alluvial,Wheat,17.1,6.5,18.1,204.5,40.8,14.1,02-11-2024,11-03-2025,129,0.78
IND04703,Maharashtra,Black,Wheat,25.3,7.2,20.9,89.5,61.5,15.5,06-06-2024,04-10-2024,120,0.74
IND04704,Rajasthan,Alluvial,Maize,36.3,7.3,27.5,54.4,49.6,16.1,06-04-2024,09-07-2024,94,0.86
IND04705,Karnataka,Black,Wheat,12.4,6.9,35.4,225.5,76.7,5.7,25-07-2024,16-12-2024,144,0.53
IND04706,Odisha,Alluvial,Rice,32,7.2,39.7,74.4,73.4,17.7,19-05-2024,25-09-2024,129,0.48
IND04707,Uttar Pradesh,Alluvial,Pulses,38.1,7.3,32.1,131.4,89.1,30.6,15-11-2024,06-03-2025,111,0.69
IND04708,Gujarat,Alluvial,Pulses,13.2,6.4,37.6,238.7,88,0,01-08-2024,07-11-2024,98,0.38
IND04709,Gujarat,Black,Wheat,31,7.5,24,277.9,63.2,4.1,13-03-2024,17-06-2024,96,0.57
IND04710,Odisha,Laterite,Rice,16.9,7.4,30.2,283.7,75.9,17.9,23-09-2024,30-01-2025,129,0.4
IND04711,Karnataka,Laterite,Rice,21.6,7.5,26.1,158,60.3,30.3,10-10-2024,11-03-2025,152,0.56
IND04712,West Bengal,Laterite,Groundnut,33.5,7.7,35.4,28,62.4,7.9,25-07-2024,31-12-2024,159,0.68
IND04713,Punjab,Alluvial,Maize,36.4,7.3,36.2,286.7,77.2,2.6,14-04-2024,15-08-2024,123,0.64
IND04714,Kerala,Laterite,Rice,25,6.8,24.8,77.5,63.6,16.2,04-11-2024,19-02-2025,107,0.43
IND04715,Andhra Pradesh,Black,Wheat,39.6,6.6,27,240.6,42.8,0,16-09-2024,20-12-2024,95,0.44
IND04716,Kerala,Laterite,Rice,25.5,6.1,26.2,201.8,52.8,19.9,17-08-2024,27-12-2024,132,0.63
IND04717,Uttar Pradesh,Alluvial,Pulses,27.5,6.9,33.1,262.3,56.9,0,25-01-2024,20-06-2024,147,0.53
IND04718,Uttar Pradesh,Alluvial,Maize,25.1,6.4,29,50.4,80.5,43,04-05-2024,15-08-2024,103,0.64
IND04719,Uttar Pradesh,Alluvial,Rice,15.4,7.6,26.6,265.1,44.8,3.5,21-12-2024,16-04-2025,116,0.48
IND04720,Haryana,Alluvial,Rice,38.9,7.3,30.5,226.1,87.4,8.7,02-08-2024,21-12-2024,141,0.38
IND04721,Gujarat,Alluvial,Sugarcane,18.8,7.5,35.2,123.9,73.8,33.7,20-01-2024,22-06-2024,154,0.48
IND04722,Maharashtra,Laterite,Rice,42.1,6.2,25.3,95.1,79.1,11.9,22-04-2024,19-09-2024,150,0.41
IND04723,West Bengal,Alluvial,Wheat,42,7.2,27.2,100.8,73,14.6,23-12-2024,27-03-2025,94,0.79
IND04724,West Bengal,Laterite,Rice,12.1,7.1,38.5,108.2,88.9,14.2,03-04-2024,05-09-2024,155,0.66
IND04725,Rajasthan,Desert,Millet,34.1,7.5,28.4,189.8,73.5,11.8,09-04-2024,27-07-2024,109,0.84
IND04726,Andhra Pradesh,Black,Wheat,30.4,6.3,26.9,196.1,68.9,4.1,07-12-2024,18-04-2025,132,0.63
IND04727,Uttar Pradesh,Alluvial,Pulses,29.8,7.2,18.4,69,88.7,4.2,05-08-2024,03-01-2025,151,0.41
IND04728,Madhya Pradesh,Black,Sugarcane,36.5,7,37.6,238.2,88.7,24.9,23-04-2024,15-08-2024,114,0.39
IND04729,Tamil Nadu,Laterite,Rice,36.9,7,19.3,241.7,73.1,0,01-04-2024,22-07-2024,112,0.44
IND04730,Tamil Nadu,Red,Pulses,34.1,7.5,21.9,113.1,68.3,37.2,02-08-2024,27-12-2024,147,0.86
IND04731,Andhra Pradesh,Red,Pulses,44.8,7,36.4,213.1,65.7,7.3,15-04-2024,02-08-2024,109,0.44
IND04732,Tamil Nadu,Red,Groundnut,38.1,6.8,31.4,266.7,59.1,8.6,17-04-2024,08-09-2024,144,0.46
IND04733,Bihar,Alluvial,Pulses,16.2,6.1,35.9,26.5,52.6,50.4,19-09-2024,05-02-2025,139,0.86
IND04734,Odisha,Alluvial,Rice,18.1,6.2,24.5,208.9,50.1,10.6,02-04-2024,17-08-2024,137,0.81
IND04735,Haryana,Alluvial,Sugarcane,18.8,7,20.5,161.8,55.1,1.3,17-10-2024,23-03-2025,157,0.49
IND04736,Odisha,Alluvial,Sugarcane,37.9,6,33,233.6,84.5,0,03-09-2024,12-01-2025,131,0.71
IND04737,Rajasthan,Desert,Millet,28.3,7.7,20.1,199.3,60.1,0,02-08-2024,03-01-2025,154,0.6
IND04738,Telangana,Red,Groundnut,21.3,6.2,34.8,217.4,81.1,31.7,16-12-2024,22-04-2025,127,0.65
IND04739,Maharashtra,Black,Cotton,29.9,6.6,19.4,90.7,73.1,13.6,18-02-2024,21-05-2024,93,0.64
IND04740,Andhra Pradesh,Red,Groundnut,14.1,7.8,18.5,134.2,53,37.4,11-08-2024,26-11-2024,107,0.75
IND04741,Kerala,Laterite,Groundnut,43.3,6.3,21,27.2,62.5,3.2,10-06-2024,23-09-2024,105,0.6
IND04742,Rajasthan,Desert,Millet,20.7,7.5,38.2,32.4,52.2,44.3,17-09-2024,21-02-2025,157,0.74
IND04743,Telangana,Black,Sugarcane,23.8,7.6,36.6,65.9,84.1,41,18-06-2024,13-09-2024,87,0.7
IND04744,Kerala,Laterite,Groundnut,21.7,6.5,30.6,205.4,45.6,33.2,18-08-2024,03-01-2025,138,0.74
IND04745,Odisha,Laterite,Groundnut,17,6.7,25.9,129.2,50.1,13.8,20-02-2024,28-06-2024,129,0.53
IND04746,Maharashtra,Laterite,Groundnut,22.7,6.4,33.6,73,48.7,9,09-12-2024,07-04-2025,119,0.41
IND04747,West Bengal,Laterite,Rice,31.1,7.6,26.5,249.1,53.9,0,08-02-2024,11-05-2024,93,0.45
IND04748,Maharashtra,Laterite,Rice,12.8,7.2,21.1,80.6,54.2,45.4,22-08-2024,24-11-2024,94,0.61
IND04749,Telangana,Black,Cotton,17.3,6.7,34.5,266.7,61.9,6.7,25-12-2024,12-05-2025,138,0.46
IND04750,Kerala,Laterite,Rice,15.4,6.7,24.4,49.7,82.6,15.9,20-08-2024,19-01-2025,152,0.81
IND04751,Kerala,Laterite,Groundnut,35.1,7.4,23.4,131.1,86.5,2.8,05-08-2024,20-11-2024,107,0.39
IND04752,Gujarat,Black,Sugarcane,37.8,6.7,35.2,20.5,52.4,42.4,11-02-2024,27-05-2024,106,0.4
IND04753,Andhra Pradesh,Red,Maize,33.6,7,22.4,90.2,55.6,33.2,17-02-2024,26-06-2024,130,0.86
IND04754,Rajasthan,Alluvial,Pulses,23.5,6.7,22.1,252.4,49.4,0,24-03-2024,13-07-2024,111,0.83
IND04755,Gujarat,Black,Cotton,25.2,6.6,37.5,21.2,51.2,9.8,07-01-2024,10-05-2024,124,0.39
IND04756,Haryana,Alluvial,Sugarcane,18.7,6.9,32.2,221.8,75.2,14.6,22-08-2024,17-01-2025,148,0.39
IND04757,Uttar Pradesh,Alluvial,Rice,14.2,7.6,30.6,249.7,86.8,4.8,24-12-2024,07-04-2025,104,0.81
IND04758,Haryana,Alluvial,Wheat,43.4,6.9,37.7,223.9,50.7,1.6,15-01-2024,12-04-2024,88,0.41
IND04759,Haryana,Alluvial,Maize,40.4,7.4,33.8,213.5,73.1,25.6,05-10-2024,08-02-2025,126,0.65
IND04760,Haryana,Alluvial,Rice,36,7.1,19.1,210.2,53.2,0,02-06-2024,24-10-2024,144,0.87
IND04761,Madhya Pradesh,Black,Cotton,31.6,6.6,24.2,105.8,47.9,23.5,01-03-2024,16-07-2024,137,0.48
IND04762,Kerala,Laterite,Rice,32.8,7.6,31.3,35.7,64.3,20.3,23-12-2024,22-04-2025,120,0.87
IND04763,Uttar Pradesh,Alluvial,Maize,15.9,7.6,36.1,141.1,65.8,12.4,06-07-2024,06-10-2024,92,0.39
IND04764,Bihar,Alluvial,Sugarcane,27.3,7.6,38.8,289.4,83.7,0,06-06-2024,13-11-2024,160,0.78
IND04765,Madhya Pradesh,Red,Maize,35,6.2,20.3,62.2,56.1,5.8,08-05-2024,22-09-2024,137,0.42
IND04766,Rajasthan,Alluvial,Pulses,34.5,6.7,33.1,21.2,65.2,29.1,18-04-2024,10-09-2024,145,0.61
IND04767,Uttar Pradesh,Alluvial,Sugarcane,38.9,7.4,30.4,204.1,58.2,11.1,11-01-2024,11-04-2024,91,0.79
IND04768,Andhra Pradesh,Black,Wheat,22.6,6,32.8,282.3,59.8,0,21-02-2024,06-06-2024,106,0.69
IND04769,Uttar Pradesh,Alluvial,Rice,12.9,6.6,29.2,83.1,41,19.4,24-09-2024,28-01-2025,126,0.86
IND04770,Gujarat,Alluvial,Wheat,27.6,6.5,23,143,67.9,0,10-01-2024,14-06-2024,156,0.87
IND04771,Tamil Nadu,Laterite,Rice,20.2,6.8,20.2,37.3,64.2,16.1,01-05-2024,14-09-2024,136,0.41
IND04772,Tamil Nadu,Red,Pulses,31.8,6.7,21.6,65.5,53.5,7.8,01-04-2024,03-08-2024,124,0.37
IND04773,Andhra Pradesh,Red,Millet,38.3,7.5,22.9,182,58.6,0,22-07-2024,29-12-2024,160,0.76
IND04774,Uttar Pradesh,Alluvial,Wheat,19.3,6.2,22.1,161.9,79.4,32.4,05-12-2024,22-03-2025,107,0.37
IND04775,West Bengal,Alluvial,Maize,37,7.6,18.3,263.3,50.9,0,22-04-2024,05-09-2024,136,0.71
IND04776,West Bengal,Alluvial,Rice,32.1,7,19.4,208.9,67.1,0,03-02-2024,26-05-2024,113,0.8
IND04777,West Bengal,Alluvial,Pulses,18.7,6.8,36.8,39.7,51.2,22.3,25-11-2024,29-03-2025,124,0.5
IND04778,Rajasthan,Alluvial,Pulses,27.8,7.5,34.9,178.7,85.9,0,14-11-2024,20-02-2025,98,0.39
IND04779,Tamil Nadu,Black,Wheat,35.8,6.8,28.8,168.5,49.6,28.6,03-01-2024,18-04-2024,106,0.67
IND04780,Madhya Pradesh,Black,Cotton,33.5,7.5,20.4,24.6,46.2,17.4,07-02-2024,01-07-2024,145,0.8
IND04781,Maharashtra,Laterite,Rice,25.5,6.5,28.1,90.6,42.9,21.4,02-10-2024,20-01-2025,110,0.74
IND04782,Odisha,Alluvial,Maize,27.7,6.9,36.6,109.5,50.8,10.8,14-02-2024,27-05-2024,103,0.64
IND04783,Maharashtra,Red,Millet,45,7.1,20.2,267,69.4,8.6,15-07-2024,12-12-2024,150,0.65
IND04784,Tamil Nadu,Black,Cotton,35.1,7.5,25,143.4,47.3,4,19-10-2024,20-01-2025,93,0.81
IND04785,Haryana,Alluvial,Wheat,18.3,6.4,33.9,226.6,62.7,26.9,11-09-2024,17-02-2025,159,0.76
IND04786,Telangana,Black,Cotton,12.2,7.5,19.4,135,62.8,25.4,07-05-2024,23-08-2024,108,0.69
IND04787,Uttar Pradesh,Alluvial,Pulses,35.2,7.3,18.1,247.6,77.3,0,05-06-2024,23-09-2024,110,0.46
IND04788,Uttar Pradesh,Alluvial,Pulses,31,7.3,23.5,245.8,50.3,0,19-09-2024,24-02-2025,158,0.49
IND04789,Haryana,Alluvial,Maize,28.9,7.6,35.2,77.8,67.6,36.8,09-02-2024,14-07-2024,156,0.51
IND04790,West Bengal,Alluvial,Maize,24.6,6.5,23.1,281.1,64.8,1.9,17-11-2024,17-03-2025,120,0.65
IND04791,Telangana,Black,Wheat,42.9,6.5,26.2,122.6,62.9,9.5,07-12-2024,08-05-2025,152,0.38
IND04792,Kerala,Laterite,Rice,15.6,7.6,24.4,285.3,88.6,0,01-01-2024,22-05-2024,142,0.4
IND04793,Tamil Nadu,Black,Cotton,29.6,7.1,35.9,194,80.4,9.5,20-11-2024,13-02-2025,85,0.42
IND04794,Maharashtra,Black,Wheat,41.4,6.5,39.3,51.5,74.1,23.1,13-03-2024,11-07-2024,120,0.74
IND04795,Uttar Pradesh,Alluvial,Wheat,39.4,6,28.6,142.5,59.5,2.8,21-12-2024,15-04-2025,115,0.48
IND04796,Tamil Nadu,Laterite,Rice,19.4,6.7,36,45.1,87.8,46.3,13-04-2024,12-08-2024,121,0.71
IND04797,Kerala,Laterite,Rice,43,6.8,20.5,67.4,55.9,9.8,16-04-2024,21-07-2024,96,0.66
IND04798,Uttar Pradesh,Alluvial,Wheat,37.2,7.2,34.5,169.5,59.9,12.5,10-10-2024,03-01-2025,85,0.67
IND04799,Rajasthan,Alluvial,Sugarcane,18.6,6.7,23.7,27.6,81.5,49.8,02-05-2024,17-09-2024,138,0.43
IND04800,Bihar,Alluvial,Maize,27.9,6.7,25.4,21.9,70.4,29.4,21-02-2024,06-06-2024,106,0.44
IND04801,Kerala,Laterite,Rice,25.3,7,25.7,38.6,60.8,22.1,07-08-2024,01-12-2024,116,0.42
IND04802,Odisha,Alluvial,Sugarcane,30.5,7.3,31.4,294.5,73.1,13.6,06-08-2024,26-12-2024,142,0.45
IND04803,Madhya Pradesh,Black,Cotton,20.2,7.1,34,180.8,83.9,18,21-09-2024,13-02-2025,145,0.86
IND04804,Haryana,Alluvial,Wheat,34.1,6.2,24.4,63.4,42.8,16.5,22-05-2024,03-10-2024,134,0.86
IND04805,Karnataka,Laterite,Groundnut,37.9,6.6,19.9,91.5,48.5,0,01-06-2024,15-09-2024,106,0.63
IND04806,Kerala,Laterite,Groundnut,20.9,6.4,39.1,276.2,50.5,5.7,25-03-2024,10-08-2024,138,0.44
IND04807,Odisha,Laterite,Groundnut,18,7.2,25.8,253.2,59.7,22.4,23-12-2024,25-04-2025,123,0.37
IND04808,Bihar,Alluvial,Rice,21.2,6.5,29.6,207.3,77.2,18.2,19-07-2024,30-10-2024,103,0.43
IND04809,Haryana,Alluvial,Sugarcane,26.2,6.9,31.6,281,70.4,12.7,21-05-2024,21-09-2024,123,0.9
IND04810,Telangana,Black,Sugarcane,29.8,6.6,33.3,212.4,68.5,0,07-09-2024,13-12-2024,97,0.47
IND04811,Uttar Pradesh,Alluvial,Wheat,30.9,6.3,24.7,290.5,65.1,18.4,09-01-2024,23-05-2024,135,0.83
IND04812,Haryana,Alluvial,Sugarcane,23.9,6.6,33.9,233.5,80.8,11.8,10-05-2024,15-08-2024,97,0.69
IND04813,Rajasthan,Desert,Millet,36.3,6.7,33.5,287.6,83.5,19.2,11-05-2024,07-08-2024,88,0.87
IND04814,Haryana,Alluvial,Wheat,18.7,6.3,28.1,75,71,31.8,24-11-2024,08-04-2025,135,0.42
IND04815,Andhra Pradesh,Red,Millet,37.8,6.9,31.7,182.7,85,21.3,15-06-2024,22-11-2024,160,0.82
IND04816,Andhra Pradesh,Red,Groundnut,40.3,6.7,30.3,143.3,46.7,8.5,06-08-2024,01-12-2024,117,0.72
IND04817,Maharashtra,Laterite,Groundnut,21.5,6.5,32.4,54.5,48.8,33,15-11-2024,23-02-2025,100,0.7
IND04818,Rajasthan,Alluvial,Rice,33.9,6.9,31.4,187.3,49,3.4,05-06-2024,08-09-2024,95,0.78
IND04819,Odisha,Laterite,Groundnut,22.2,6.9,39.4,228.2,62.6,4.8,06-11-2024,03-04-2025,148,0.68
IND04820,Telangana,Black,Cotton,25.1,6.1,20.6,123.5,89.8,14.9,18-10-2024,27-03-2025,160,0.47
IND04821,Andhra Pradesh,Red,Pulses,39.9,7.2,25.8,299.4,76.3,0,21-11-2024,23-04-2025,153,0.65
IND04822,Karnataka,Red,Maize,37.9,6.9,36.3,170.3,73.5,0,21-03-2024,01-08-2024,133,0.59
IND04823,Maharashtra,Laterite,Groundnut,17.3,6.5,32.4,157.8,57,5.6,07-02-2024,27-05-2024,110,0.79
IND04824,Uttar Pradesh,Alluvial,Maize,39.8,7.1,37.2,50.1,72.4,20,14-03-2024,16-08-2024,155,0.83
IND04825,Rajasthan,Desert,Millet,41.9,7,27.3,108.3,56.6,3.6,22-08-2024,10-12-2024,110,0.88
IND04826,Odisha,Laterite,Rice,27.6,7,23.5,218.3,47,28.5,15-05-2024,06-09-2024,114,0.68
IND04827,Uttar Pradesh,Alluvial,Wheat,44.6,6.9,31.4,95.9,50.8,15.1,19-07-2024,20-10-2024,93,0.85
IND04828,Kerala,Laterite,Groundnut,41,6,28.2,133,66.7,20.6,16-06-2024,10-11-2024,147,0.69
IND04829,Andhra Pradesh,Red,Millet,22.1,6.4,36.3,243.9,77.6,4.4,14-02-2024,11-07-2024,148,0.58
IND04830,Karnataka,Laterite,Groundnut,15.4,6.8,20.1,146.1,44.5,10.1,11-09-2024,05-02-2025,147,0.74
IND04831,Telangana,Black,Cotton,34.1,6.7,38.1,152.2,49.3,25.9,07-09-2024,14-02-2025,160,0.57
IND04832,Bihar,Alluvial,Pulses,26,6.7,23.1,251.3,48.4,3.1,01-06-2024,29-10-2024,150,0.89
IND04833,Madhya Pradesh,Black,Wheat,13.9,6.1,33,188.7,56.9,34.7,20-11-2024,19-03-2025,119,0.78
IND04834,Andhra Pradesh,Black,Cotton,41.4,6.1,22.6,126.4,71.5,24.8,18-12-2024,13-04-2025,116,0.64
IND04835,Andhra Pradesh,Red,Pulses,24.5,6.5,25.5,218.2,89.6,30.1,16-12-2024,11-04-2025,116,0.5
IND04836,Telangana,Black,Wheat,39.7,6.7,21.5,226.8,56.6,0,02-10-2024,13-02-2025,134,0.88
IND04837,Punjab,Alluvial,Rice,44.4,6.3,23,293.4,58.8,18.2,22-04-2024,04-09-2024,135,0.74
IND04838,Gujarat,Alluvial,Maize,43.3,7.4,28.6,247,76.2,0,12-10-2024,29-01-2025,109,0.44
IND04839,Karnataka,Black,Sugarcane,13.8,6.2,28.1,138.9,69.6,5.1,01-02-2024,04-06-2024,124,0.41
IND04840,Maharashtra,Black,Sugarcane,13.2,6.6,28.2,252.8,62.9,9.6,01-02-2024,26-05-2024,115,0.56
IND04841,Andhra Pradesh,Red,Maize,44.9,6.8,35.3,225.5,58.5,20.8,11-11-2024,20-03-2025,129,0.44
IND04842,Andhra Pradesh,Red,Groundnut,33.2,6.4,37.8,143,41,27.7,06-11-2024,03-02-2025,89,0.85
IND04843,Maharashtra,Laterite,Rice,14.2,7.4,25.1,292.3,86,8.5,20-08-2024,19-12-2024,121,0.45
IND04844,Haryana,Alluvial,Maize,27,6.7,37.6,121.1,82.3,7.1,02-07-2024,25-11-2024,146,0.36
IND04845,West Bengal,Laterite,Rice,23.7,6.8,25.9,283.7,80.1,3.6,22-10-2024,04-03-2025,133,0.36
IND04846,Telangana,Red,Groundnut,23.2,7.6,36.4,159.4,55.3,20.2,10-12-2024,14-04-2025,125,0.82
IND04847,Maharashtra,Laterite,Rice,24.1,6,23.2,187,52.9,5.7,04-03-2024,24-07-2024,142,0.8
IND04848,Telangana,Red,Millet,34.4,6.3,24.7,199.4,85.2,29.4,13-10-2024,21-01-2025,100,0.77
IND04849,Telangana,Red,Millet,30.2,6.9,36,101.8,49.6,9.4,02-06-2024,10-10-2024,130,0.71
IND04850,Haryana,Alluvial,Maize,27.8,7.6,35.3,70.7,44.9,22.1,24-04-2024,12-09-2024,141,0.72
IND04851,Karnataka,Laterite,Groundnut,41.1,6.3,20.8,38.6,50.3,7.3,19-03-2024,10-07-2024,113,0.86
IND04852,Andhra Pradesh,Black,Cotton,17.5,7.1,31.8,69.7,50.3,11.7,25-01-2024,22-05-2024,118,0.5
IND04853,Haryana,Alluvial,Wheat,26.5,7.6,40,35.6,88.9,8.9,17-02-2024,05-07-2024,139,0.48
IND04854,Madhya Pradesh,Black,Cotton,12.1,6.6,32.9,145.8,43.5,32.9,07-09-2024,23-12-2024,107,0.9
IND04855,Tamil Nadu,Black,Cotton,31.2,6.2,29.7,136,65.6,23.3,12-02-2024,17-05-2024,95,0.64
IND04856,Uttar Pradesh,Alluvial,Sugarcane,40.1,7.3,30.4,150.1,52.6,13.5,15-05-2024,27-08-2024,104,0.54
IND04857,West Bengal,Laterite,Rice,12.6,7.4,25.9,114.5,66.2,6.3,13-07-2024,16-10-2024,95,0.63
IND04858,Telangana,Black,Cotton,27.2,6.2,36.7,235.1,68.9,13.2,08-07-2024,10-10-2024,94,0.5
IND04859,Andhra Pradesh,Black,Sugarcane,35.9,7.7,19.5,247.1,44.8,0,15-03-2024,20-06-2024,97,0.78
IND04860,Kerala,Laterite,Rice,28.1,6.1,25.1,239.8,88,0,16-12-2024,29-04-2025,134,0.44
IND04861,Gujarat,Alluvial,Maize,36.7,6.3,36.7,173.9,79.1,27.8,19-11-2024,27-04-2025,159,0.49
IND04862,Gujarat,Alluvial,Pulses,37.9,6.4,25.8,31,76.8,17.8,04-11-2024,09-02-2025,97,0.38
IND04863,Karnataka,Red,Pulses,14.2,7.3,27.4,206.7,81.7,14.6,17-07-2024,23-10-2024,98,0.56
IND04864,Karnataka,Red,Groundnut,38.6,7.5,37.5,184.4,87.5,0,20-01-2024,27-04-2024,98,0.51
IND04865,Andhra Pradesh,Red,Groundnut,16.5,7,33.6,92,58.7,29.3,11-11-2024,03-04-2025,143,0.69
IND04866,Punjab,Alluvial,Maize,35.3,7,26.1,154.1,79,26.1,22-02-2024,28-06-2024,127,0.79
IND04867,West Bengal,Alluvial,Rice,15.2,7.1,30.5,266.4,66.2,4.3,08-09-2024,15-12-2024,98,0.77
IND04868,Telangana,Red,Millet,30.4,7.3,23.7,198.3,84.5,14.7,25-03-2024,28-08-2024,156,0.66
IND04869,Telangana,Red,Groundnut,34.5,7.6,19.7,41.4,41,21,16-01-2024,24-04-2024,99,0.62
IND04870,Bihar,Alluvial,Rice,34.2,6.5,29.1,78,56.4,32.1,13-01-2024,10-05-2024,118,0.35
IND04871,Madhya Pradesh,Red,Maize,25.3,6.1,30,154.5,43.3,0,02-08-2024,06-12-2024,126,0.77
IND04872,Haryana,Alluvial,Sugarcane,29.1,6.6,33.4,59.3,66.9,41.2,20-09-2024,21-01-2025,123,0.43
IND04873,Punjab,Alluvial,Maize,18.2,6.6,27.3,286.6,72.3,26.3,19-05-2024,14-08-2024,87,0.74
IND04874,West Bengal,Laterite,Rice,26.6,6.3,21.2,266.8,60.9,5.2,13-05-2024,17-10-2024,157,0.84
IND04875,Karnataka,Laterite,Rice,44,7.5,24.4,50.7,43.6,7.3,05-03-2024,20-06-2024,107,0.55
IND04876,Uttar Pradesh,Alluvial,Rice,41.2,6.4,33.4,89.6,82.8,3.2,03-05-2024,10-09-2024,130,0.62
IND04877,Bihar,Alluvial,Sugarcane,21.4,6.5,25.3,252.1,69,9.8,03-06-2024,02-10-2024,121,0.47
IND04878,Odisha,Laterite,Rice,15.8,7.6,35,291.6,59.1,0,25-06-2024,11-11-2024,139,0.51
IND04879,Madhya Pradesh,Black,Wheat,36.5,6.8,27.9,164.5,41.2,18.3,08-05-2024,22-09-2024,137,0.61
IND04880,Bihar,Alluvial,Sugarcane,40.8,6.6,38.2,263.7,58.5,0,11-04-2024,17-09-2024,159,0.78
IND04881,Andhra Pradesh,Red,Maize,13.1,6.5,37.3,46.3,57.6,17.9,10-03-2024,05-08-2024,148,0.4
IND04882,Maharashtra,Black,Wheat,27,7.6,30.1,295.3,80.3,17.8,17-09-2024,01-01-2025,106,0.51
IND04883,Kerala,Laterite,Groundnut,15.5,7.3,20.9,88.8,71.8,8.1,03-08-2024,31-10-2024,89,0.86
IND04884,Maharashtra,Laterite,Rice,13.2,6.2,30.2,40.7,66.2,43.9,14-11-2024,24-02-2025,102,0.45
IND04885,Telangana,Red,Groundnut,13.2,7.1,34,62.8,89,11.8,07-05-2024,05-09-2024,121,0.76
IND04886,Odisha,Alluvial,Rice,21.8,6.1,21.6,235.7,42.7,12.2,15-08-2024,20-11-2024,97,0.74
IND04887,Haryana,Alluvial,Rice,39,7,24.8,166.5,77.1,26.8,06-03-2024,04-06-2024,90,0.62
IND04888,Kerala,Laterite,Rice,14.8,7.2,31.7,126.4,78,43.4,24-05-2024,20-10-2024,149,0.89
IND04889,Maharashtra,Red,Groundnut,40.6,6.8,34.4,165.6,53.6,12.1,05-09-2024,25-12-2024,111,0.71
IND04890,Rajasthan,Alluvial,Sugarcane,25.8,6.2,36.6,140.9,51,24.4,19-12-2024,30-04-2025,132,0.58
IND04891,Telangana,Red,Maize,35.5,7.6,35.5,191.3,57.1,18.5,05-12-2024,02-05-2025,148,0.7
IND04892,Telangana,Black,Wheat,32.1,6.4,31,170.4,64,33.1,21-08-2024,22-01-2025,154,0.67
IND04893,Andhra Pradesh,Red,Millet,43.2,7.3,36.3,240.3,54.4,17.7,12-03-2024,08-07-2024,118,0.59
IND04894,Rajasthan,Alluvial,Sugarcane,28.6,6.7,19.3,157.1,83.5,19.1,12-10-2024,08-03-2025,147,0.83
IND04895,Uttar Pradesh,Alluvial,Sugarcane,37,7.7,28.2,285.3,88.9,0,11-06-2024,28-09-2024,109,0.85
IND04896,Haryana,Alluvial,Maize,24.6,7.4,23.4,81.4,57,36.1,07-05-2024,25-09-2024,141,0.44
IND04897,Madhya Pradesh,Red,Groundnut,29.3,7.6,36.5,238.4,60.4,19.7,06-06-2024,21-09-2024,107,0.89
IND04898,Gujarat,Black,Sugarcane,19.3,7,27.4,143.7,65.9,34.1,09-11-2024,03-03-2025,114,0.79
IND04899,Andhra Pradesh,Black,Wheat,31.8,6.6,32.8,50.4,67.3,4.8,13-05-2024,06-08-2024,85,0.71
IND04900,Madhya Pradesh,Red,Pulses,35.1,6.9,33.9,250.5,60.7,0,24-04-2024,09-08-2024,107,0.85
IND04901,Gujarat,Black,Cotton,22.6,6.6,24.1,199.5,55.8,24.4,17-11-2024,13-04-2025,147,0.72
IND04902,Odisha,Alluvial,Sugarcane,29.9,6.3,18.1,212.4,42,16.6,09-04-2024,19-07-2024,101,0.62
IND04903,Haryana,Alluvial,Maize,27,6.4,26.6,185.5,45.8,22,02-07-2024,26-10-2024,116,0.49
IND04904,Haryana,Alluvial,Rice,15.5,7.2,38.3,197.4,88.1,0.3,17-10-2024,13-03-2025,147,0.4
IND04905,Haryana,Alluvial,Rice,40.7,6.5,23.4,184.7,78.1,24.4,07-12-2024,26-03-2025,109,0.83
IND04906,Punjab,Alluvial,Rice,28.4,7.8,31,35.2,55.5,25.3,24-11-2024,04-03-2025,100,0.68
IND04907,Tamil Nadu,Laterite,Groundnut,23.4,7.5,19.9,234.9,68.6,2.2,12-10-2024,02-03-2025,141,0.7
IND04908,Rajasthan,Desert,Millet,40,7.5,36.8,165.8,56.8,0,12-05-2024,11-09-2024,122,0.81
IND04909,Rajasthan,Alluvial,Pulses,22.6,7.3,39.6,109.3,88.6,6,07-03-2024,05-08-2024,151,0.66
IND04910,Tamil Nadu,Laterite,Groundnut,36.9,7.6,24.6,213.5,89.2,25.5,16-01-2024,05-05-2024,110,0.46
IND04911,Haryana,Alluvial,Rice,30.9,7.4,37,195.5,86.1,5.5,20-06-2024,14-10-2024,116,0.77
IND04912,Odisha,Alluvial,Maize,20.7,7.3,38.4,266.2,59.1,7.1,03-04-2024,14-08-2024,133,0.86
IND04913,Odisha,Laterite,Groundnut,16,7.8,26.4,109.6,49.4,25.8,07-10-2024,24-01-2025,109,0.76
IND04914,Kerala,Laterite,Rice,40.6,7.6,38.6,56.6,44.5,12.6,13-01-2024,12-06-2024,151,0.66
IND04915,Odisha,Alluvial,Rice,16.3,6.4,38.1,27.3,89.6,50.8,17-05-2024,06-10-2024,142,0.65
IND04916,Uttar Pradesh,Alluvial,Maize,23.2,6.7,33.8,200.8,77.4,21.6,23-09-2024,07-02-2025,137,0.47
IND04917,Karnataka,Laterite,Groundnut,12.3,7.6,28,28.5,84.1,47.7,11-10-2024,18-01-2025,99,0.61
IND04918,Odisha,Laterite,Rice,21.4,7.3,29.9,294.1,86.9,0,07-08-2024,13-12-2024,128,0.88
IND04919,Maharashtra,Laterite,Groundnut,43.7,6.9,25,42,59.6,23.8,05-06-2024,12-10-2024,129,0.56
IND04920,Madhya Pradesh,Black,Wheat,24.5,7,35.9,195,71.9,4.1,08-07-2024,07-10-2024,91,0.89
IND04921,Telangana,Red,Millet,38,6.7,32.8,71.4,52.2,22.6,06-08-2024,13-12-2024,129,0.49
IND04922,Bihar,Alluvial,Sugarcane,22.4,7.3,22.4,160.4,42.1,22,24-09-2024,27-02-2025,156,0.73
IND04923,Gujarat,Alluvial,Wheat,16.3,7.1,36.1,100.3,82.4,32.3,04-11-2024,05-02-2025,93,0.86
IND04924,Karnataka,Laterite,Groundnut,23.2,6.7,29.6,184.9,79.4,3.7,12-10-2024,05-02-2025,116,0.45
IND04925,Karnataka,Black,Wheat,19.9,7.2,24.3,120.5,86.4,27.6,08-01-2024,24-05-2024,137,0.75
IND04926,Odisha,Alluvial,Rice,26.9,6.6,31.5,104.6,73.3,2.5,04-07-2024,13-10-2024,101,0.79
IND04927,West Bengal,Laterite,Groundnut,38.9,6.2,26.9,229.7,51.7,0,06-05-2024,23-08-2024,109,0.4
IND04928,Bihar,Alluvial,Rice,34.5,6.9,32.4,108.7,81.8,2.9,01-11-2024,03-02-2025,94,0.7
IND04929,Telangana,Black,Wheat,35,7.3,34.5,61.5,43.6,40,23-09-2024,03-01-2025,102,0.38
IND04930,Telangana,Black,Sugarcane,35.9,7.3,21.6,95.1,47.6,14.7,14-07-2024,03-11-2024,112,0.59
IND04931,Karnataka,Red,Millet,37.1,7.3,30.9,139.5,59.1,0,08-11-2024,15-04-2025,158,0.54
IND04932,West Bengal,Alluvial,Maize,21,6.9,28.4,234,41.1,12.8,02-09-2024,04-01-2025,124,0.48
IND04933,Madhya Pradesh,Black,Wheat,32.2,7.6,28.5,99.2,70.2,20,17-01-2024,02-05-2024,106,0.36
IND04934,Punjab,Alluvial,Sugarcane,22.7,7.6,34.6,224.9,63.4,7.7,08-02-2024,15-06-2024,128,0.58
IND04935,Uttar Pradesh,Alluvial,Pulses,27.1,6.3,24.5,23.6,50.7,28.9,19-08-2024,19-11-2024,92,0.68
IND04936,Odisha,Alluvial,Pulses,12.3,7.2,25.9,214.8,86.4,24.6,25-12-2024,12-04-2025,108,0.85
IND04937,Gujarat,Black,Cotton,34.9,7,34.6,222.8,77.2,7.8,16-09-2024,18-02-2025,155,0.89
IND04938,Gujarat,Black,Cotton,13.1,7.5,26.6,251.9,81.2,33.1,19-02-2024,16-05-2024,87,0.89
IND04939,Rajasthan,Desert,Millet,24.8,6.3,20.8,155.3,56,21.7,20-08-2024,04-01-2025,137,0.65
IND04940,Kerala,Laterite,Rice,44.2,7.4,20,299.3,45.1,0,03-08-2024,23-12-2024,142,0.65
IND04941,Karnataka,Red,Groundnut,23.8,7.1,27.3,278.4,45.5,22.7,21-09-2024,16-02-2025,148,0.64
IND04942,Haryana,Alluvial,Rice,23.9,6.4,21.2,144,58.4,1.1,02-02-2024,06-05-2024,94,0.68
IND04943,Punjab,Alluvial,Sugarcane,44.1,6.2,38,187.4,75.9,14,22-01-2024,03-06-2024,133,0.39
IND04944,Karnataka,Laterite,Groundnut,33.7,7.5,29.2,264.2,57.4,0,06-05-2024,19-09-2024,136,0.35
IND04945,Bihar,Alluvial,Wheat,43.2,7.7,29.5,61.6,82.3,3,08-08-2024,03-01-2025,148,0.73
IND04946,Madhya Pradesh,Red,Pulses,24.3,7.6,29.8,227,86.4,22.9,17-01-2024,30-04-2024,104,0.85
IND04947,Gujarat,Black,Cotton,24.1,7.4,36.6,78.6,84.3,21.5,07-10-2024,10-01-2025,95,0.51
IND04948,Madhya Pradesh,Black,Cotton,33.5,7.7,33.9,42.5,64.6,5,20-12-2024,04-05-2025,135,0.75
IND04949,Odisha,Laterite,Rice,26,7.4,22.4,210.2,77.9,8.5,14-03-2024,10-08-2024,149,0.5
IND04950,Rajasthan,Alluvial,Rice,25.5,7.5,39.2,221.4,51.9,0,06-05-2024,18-09-2024,135,0.67
IND04951,Madhya Pradesh,Red,Maize,44.2,6.5,38.8,51.9,75.2,18,05-01-2024,17-05-2024,133,0.63
IND04952,Haryana,Alluvial,Maize,33.9,6.6,25.8,202.1,43.8,18.9,08-11-2024,07-04-2025,150,0.41
IND04953,Karnataka,Black,Cotton,29.5,7.7,33.9,250,46.9,16.3,03-03-2024,02-06-2024,91,0.58
IND04954,Tamil Nadu,Laterite,Groundnut,41.1,7.5,28.9,107.1,49.9,0.1,02-06-2024,12-09-2024,102,0.76
IND04955,Madhya Pradesh,Black,Sugarcane,26.6,6.2,25.2,126.6,58.5,9.9,11-03-2024,15-06-2024,96,0.57
IND04956,Uttar Pradesh,Alluvial,Wheat,23.5,6.5,22,146.9,46.9,4.8,05-04-2024,01-09-2024,149,0.46
IND04957,Bihar,Alluvial,Pulses,34.8,7.7,28.8,225.8,65.7,0,02-07-2024,27-11-2024,148,0.85
IND04958,West Bengal,Laterite,Groundnut,16.1,6.4,26.3,125.2,45.5,16,09-01-2024,17-06-2024,160,0.69
IND04959,Rajasthan,Alluvial,Sugarcane,44.5,7.3,31.6,165.9,63.1,27.9,01-07-2024,16-10-2024,107,0.64
IND04960,Telangana,Red,Groundnut,38.6,7.4,31,242.1,80.5,2.1,06-05-2024,14-09-2024,131,0.41
IND04961,Odisha,Alluvial,Sugarcane,36.9,7.3,19.8,31.3,48,15,17-02-2024,03-06-2024,107,0.74
IND04962,Gujarat,Black,Cotton,37.2,7.3,38.1,254.3,77,0.2,21-02-2024,10-06-2024,110,0.48
IND04963,Punjab,Alluvial,Pulses,29.3,7.7,20.1,145.6,77.9,0,12-03-2024,11-07-2024,121,0.53
IND04964,Bihar,Alluvial,Pulses,40.8,6,24.9,238.2,63.8,16,10-09-2024,11-01-2025,123,0.74
IND04965,Madhya Pradesh,Black,Cotton,18.3,6.6,37.4,78.9,86.4,15.3,09-09-2024,11-01-2025,124,0.54
IND04966,Punjab,Alluvial,Wheat,18.6,7,19.3,20,79.9,21.5,09-02-2024,15-06-2024,127,0.46
IND04967,Odisha,Alluvial,Rice,23.1,6.9,31.7,290.7,78.8,0,16-05-2024,11-10-2024,148,0.71
IND04968,Andhra Pradesh,Black,Sugarcane,13,6.3,20.3,202.5,44.8,20.6,02-07-2024,12-11-2024,133,0.56
IND04969,Bihar,Alluvial,Wheat,29.1,6.6,32.7,222.3,57.6,30.2,08-03-2024,20-07-2024,134,0.58
IND04970,West Bengal,Alluvial,Pulses,43.6,6.4,38.6,152.2,77.6,23.8,16-10-2024,07-03-2025,142,0.8
IND04971,Madhya Pradesh,Red,Millet,37.2,7.2,18.6,165.2,79.9,2.2,03-07-2024,06-11-2024,126,0.86
IND04972,Bihar,Alluvial,Maize,13.4,7.1,36,176.3,88.2,38.6,10-05-2024,09-09-2024,122,0.85
IND04973,Maharashtra,Red,Millet,44.5,6.2,26.4,142.8,74.9,0,15-09-2024,26-01-2025,133,0.74
IND04974,Tamil Nadu,Laterite,Groundnut,26.7,6.6,35.2,253.7,71.2,0,19-10-2024,31-01-2025,104,0.56
IND04975,Telangana,Red,Maize,22.2,7.5,19.2,246.3,71.2,15.6,11-09-2024,17-02-2025,159,0.67
IND04976,West Bengal,Alluvial,Rice,18.2,6.7,30.1,101.6,63.6,27.5,17-07-2024,07-12-2024,143,0.51
IND04977,Maharashtra,Red,Millet,44.5,6.4,24.7,23.6,52.5,10.2,20-03-2024,11-07-2024,113,0.85
IND04978,Andhra Pradesh,Black,Sugarcane,35.1,7.6,25.2,71.6,53.5,16.1,23-12-2024,10-05-2025,138,0.81
IND04979,Punjab,Alluvial,Wheat,23,7.7,23.8,107.1,43.6,24,15-12-2024,24-05-2025,160,0.51
IND04980,West Bengal,Laterite,Rice,13.8,6.3,31.4,88.3,64.9,10.9,02-05-2024,14-08-2024,104,0.53
IND04981,Karnataka,Laterite,Rice,33.1,7.5,27.9,51.3,76.1,13.3,17-04-2024,12-07-2024,86,0.86
IND04982,Andhra Pradesh,Red,Millet,33.5,6.2,19.4,190.7,84.3,25.1,03-12-2024,11-03-2025,98,0.8
IND04983,Maharashtra,Laterite,Groundnut,43.9,7.8,19.9,199.2,47.3,0,06-02-2024,14-05-2024,98,0.61
IND04984,West Bengal,Laterite,Rice,36.6,6.4,21.3,232.7,81.7,3.3,15-02-2024,23-05-2024,98,0.83
IND04985,Bihar,Alluvial,Sugarcane,38.4,6.9,20.4,156.7,71.6,26.8,10-06-2024,29-10-2024,141,0.54
IND04986,Andhra Pradesh,Red,Millet,28.6,7.6,24.4,145.3,67,5.1,10-10-2024,08-01-2025,90,0.84
IND04987,Karnataka,Laterite,Groundnut,34.9,7.4,29.6,141.1,65.6,10.5,23-03-2024,13-07-2024,112,0.66
IND04988,Uttar Pradesh,Alluvial,Sugarcane,40.5,6.8,22.2,293.4,43.4,0,10-12-2024,10-04-2025,121,0.88
IND04989,Maharashtra,Laterite,Rice,29.5,7.3,35.1,227.7,49.2,0,06-11-2024,23-03-2025,137,0.48
IND04990,Maharashtra,Black,Wheat,30.9,7.1,28.5,72.3,77.2,40.9,21-05-2024,03-09-2024,105,0.59
IND04991,Andhra Pradesh,Black,Wheat,14.1,6.7,28.4,26.4,71.6,18.9,14-12-2024,15-05-2025,152,0.39
IND04992,Gujarat,Alluvial,Pulses,36.3,6.1,33.8,280.4,47.5,7.3,17-07-2024,20-10-2024,95,0.59
IND04993,Madhya Pradesh,Black,Wheat,27.5,7.6,27.8,81.2,52.6,41.2,24-04-2024,31-07-2024,98,0.72
IND04994,Rajasthan,Desert,Millet,13.4,6.2,22.3,280.5,64.3,3,13-01-2024,27-05-2024,135,0.89
IND04995,Tamil Nadu,Black,Wheat,37.2,7.4,38.4,206.4,64.5,4.3,04-02-2024,12-05-2024,98,0.52
IND04996,Andhra Pradesh,Red,Millet,22.6,6.8,30.8,247.4,61.6,24.9,25-01-2024,09-05-2024,105,0.89
IND04997,Punjab,Alluvial,Wheat,21.2,6,25.4,87.8,50.7,18.1,22-05-2024,14-10-2024,145,0.68
IND04998,Haryana,Alluvial,Sugarcane,16.4,7.8,27.9,117.6,83.9,11.9,03-08-2024,29-10-2024,87,0.45
IND04999,Gujarat,Alluvial,Maize,27.2,7.7,29.7,41.8,81.2,44.7,24-02-2024,07-06-2024,104,0.72
IND05000,Andhra Pradesh,Red,Millet,34.6,7.7,18.4,225.9,62.1,16.5,15-10-2024,05-03-2025,141,0.73
IND05001,Telangana,Red,Millet,39.3,7.4,38.2,253.4,59.4,18.8,08-09-2024,23-12-2024,106,0.43
IND05002,Haryana,Alluvial,Sugarcane,26.3,6.8,24.2,234.4,52.5,10.3,13-10-2024,14-03-2025,152,0.62
IND05003,Kerala,Laterite,Groundnut,33.4,6.3,28.4,59.6,57.2,33.4,18-07-2024,06-12-2024,141,0.64
IND05004,Tamil Nadu,Red,Pulses,17.1,6.5,25.7,265.4,88.9,8.4,01-09-2024,31-12-2024,121,0.46
IND05005,Uttar Pradesh,Alluvial,Maize,32.2,6.9,39.9,295.9,77,0,21-05-2024,05-10-2024,137,0.39
IND05006,West Bengal,Alluvial,Maize,12.9,6.9,21.6,216.4,45.2,6.5,24-11-2024,23-04-2025,150,0.79
IND05007,Uttar Pradesh,Alluvial,Sugarcane,32.3,6.9,30,226,75.4,0,11-08-2024,25-12-2024,136,0.42
IND05008,Gujarat,Black,Wheat,20.5,6.6,26,236.5,83,20.1,09-05-2024,29-08-2024,112,0.84
IND05009,Andhra Pradesh,Black,Wheat,32.2,6.7,21.3,168,59.1,1.6,18-09-2024,04-01-2025,108,0.67
IND05010,Maharashtra,Red,Millet,37.8,6.2,38.8,50,45,13.7,17-08-2024,06-01-2025,142,0.4
IND05011,Bihar,Alluvial,Wheat,29.1,6.5,24.7,204.3,51.8,18.6,25-04-2024,31-07-2024,97,0.72
IND05012,Tamil Nadu,Laterite,Groundnut,40.9,6.1,25.6,187.9,43.9,9.4,22-02-2024,30-07-2024,159,0.38
IND05013,Telangana,Red,Pulses,35.1,6.2,26.8,197.3,68.5,26.6,07-10-2024,24-02-2025,140,0.71
IND05014,Gujarat,Alluvial,Wheat,41,7.1,37.4,44.4,62.5,11.5,22-06-2024,15-09-2024,85,0.42
IND05015,West Bengal,Alluvial,Maize,40.3,7.8,30.8,37.2,60.3,30.4,09-02-2024,14-05-2024,95,0.81
IND05016,Bihar,Alluvial,Pulses,21.6,6.6,37,241.1,52.5,17.2,09-01-2024,11-04-2024,93,0.62
IND05017,Madhya Pradesh,Black,Cotton,42,6.1,31.5,144.3,74.6,11.2,01-03-2024,14-06-2024,105,0.71
IND05018,Odisha,Laterite,Rice,14.6,7.7,21.5,299,73,12.6,16-08-2024,22-11-2024,98,0.61
IND05019,Gujarat,Black,Cotton,30,7.1,37.2,181,88.9,22.2,01-11-2024,17-02-2025,108,0.52
IND05020,Madhya Pradesh,Black,Wheat,40.3,6.7,24.4,43.5,86.4,25.2,23-03-2024,24-07-2024,123,0.77
IND05021,Uttar Pradesh,Alluvial,Maize,21.7,7.1,34.3,233.4,85.9,28.5,09-12-2024,17-03-2025,98,0.61
IND05022,Telangana,Red,Groundnut,18.9,6.1,37.4,76.9,76.8,7,19-12-2024,26-04-2025,128,0.81
IND05023,Punjab,Alluvial,Sugarcane,35.7,7.6,36.7,194.6,41.9,0,17-10-2024,27-01-2025,102,0.67
IND05024,Bihar,Alluvial,Wheat,26.8,7.7,20.7,297.3,74.6,14,14-08-2024,07-01-2025,146,0.72
IND05025,Karnataka,Black,Sugarcane,19,6.3,36.3,68,80,8.5,05-07-2024,08-10-2024,95,0.71
IND05026,Madhya Pradesh,Red,Groundnut,44.9,6.7,19.8,291.3,87.8,0,08-07-2024,02-10-2024,86,0.73
IND05027,Haryana,Alluvial,Pulses,28.6,6.4,23.7,150.7,56.5,9,21-05-2024,15-09-2024,117,0.85
IND05028,Tamil Nadu,Laterite,Groundnut,39,7.3,39.2,156.7,48.7,6.3,23-06-2024,13-11-2024,143,0.39
IND05029,Punjab,Alluvial,Wheat,44.9,7.7,38.2,44.5,63.7,19.2,22-05-2024,29-08-2024,99,0.66
IND05030,Odisha,Alluvial,Rice,27.8,6.9,20.5,79.5,76.9,34.2,09-10-2024,07-02-2025,121,0.82
IND05031,Kerala,Laterite,Rice,16.3,6.4,18.8,51.9,62.1,43.8,23-07-2024,20-12-2024,150,0.47
IND05032,Uttar Pradesh,Alluvial,Maize,30.4,6.1,31.1,50.3,58.2,28.9,19-02-2024,07-06-2024,109,0.38
IND05033,Gujarat,Black,Sugarcane,24.7,7.5,20.3,63,86.9,21.5,14-01-2024,15-05-2024,122,0.68
IND05034,Gujarat,Alluvial,Pulses,31.9,6.5,33.6,60.3,47.2,36.7,12-12-2024,18-05-2025,157,0.46
IND05035,Haryana,Alluvial,Wheat,13,7.1,39,285,40,3,15-02-2024,16-06-2024,122,0.73
IND05036,Maharashtra,Red,Millet,18.4,7.7,34.1,260.5,68.6,0,13-06-2024,11-10-2024,120,0.49
IND05037,Telangana,Black,Wheat,44.5,6.4,23.2,235,76,1.3,08-06-2024,09-10-2024,123,0.87
IND05038,Haryana,Alluvial,Maize,35.3,6.3,21.1,201.6,62.6,7.4,06-06-2024,25-10-2024,141,0.42
IND05039,Uttar Pradesh,Alluvial,Rice,16.1,6.7,36.6,248.1,56.2,8.9,03-11-2024,17-03-2025,134,0.85
IND05040,Uttar Pradesh,Alluvial,Wheat,29.2,7.2,20.9,248.3,57.6,25.9,14-10-2024,20-02-2025,129,0.53
IND05041,Tamil Nadu,Laterite,Rice,36.7,7.3,21.7,289.6,69,14.5,20-01-2024,29-04-2024,100,0.63
IND05042,Rajasthan,Alluvial,Maize,39.6,6.3,35.5,261.8,77,21.3,13-01-2024,10-04-2024,88,0.39
IND05043,Tamil Nadu,Laterite,Groundnut,22.7,7.5,29.7,272.3,77,13.9,21-08-2024,20-01-2025,152,0.62
IND05044,Tamil Nadu,Laterite,Rice,28.4,7.2,34.5,181.2,63.3,0.7,22-02-2024,01-07-2024,130,0.49
IND05045,Andhra Pradesh,Red,Millet,40.2,7.7,24.4,74.2,68,14.2,12-07-2024,11-11-2024,122,0.88
IND05046,Uttar Pradesh,Alluvial,Rice,16.9,7,28.2,297,86.5,12,24-09-2024,24-12-2024,91,0.59
IND05047,Punjab,Alluvial,Wheat,30.3,6.4,32.6,209.7,87.9,8.4,03-09-2024,18-01-2025,137,0.67
IND05048,Tamil Nadu,Laterite,Groundnut,31.5,7.7,32.2,26,78,37.6,19-07-2024,22-11-2024,126,0.69
IND05049,Telangana,Red,Groundnut,22,7.4,29.8,49,60.6,36.3,21-01-2024,10-06-2024,141,0.78
IND05050,Haryana,Alluvial,Maize,18.7,7,34.2,232.9,86.2,20.5,07-10-2024,16-02-2025,132,0.62
IND05051,Rajasthan,Alluvial,Rice,42.1,6.2,22.9,196.4,62.5,23.4,19-01-2024,26-04-2024,98,0.77
IND05052,Rajasthan,Alluvial,Wheat,21.5,7.2,36.9,251.9,84.9,12.9,12-11-2024,13-03-2025,121,0.68
IND05053,Andhra Pradesh,Red,Millet,14.2,6.4,36.9,232.6,60.7,0,14-10-2024,07-02-2025,116,0.69
IND05054,Maharashtra,Red,Pulses,16.9,6.6,27.2,33.8,49.4,22.3,12-06-2024,12-11-2024,153,0.51
IND05055,Maharashtra,Red,Maize,31.7,6.8,27.4,162.3,41.7,18.4,04-05-2024,05-09-2024,124,0.68
IND05056,Andhra Pradesh,Black,Wheat,37.3,6.4,24.8,78.4,73.7,33.5,12-03-2024,07-06-2024,87,0.79
IND05057,Andhra Pradesh,Black,Sugarcane,31.3,6.8,27.9,38.8,68.3,43.7,16-07-2024,17-10-2024,93,0.68
IND05058,Haryana,Alluvial,Pulses,43.8,7.4,36.1,184.3,77.3,27.5,17-09-2024,12-02-2025,148,0.38
IND05059,West Bengal,Laterite,Rice,15.3,7.3,34,199.9,81.6,1,18-10-2024,19-01-2025,93,0.89
IND05060,Gujarat,Alluvial,Maize,42.1,6.2,33.7,115.2,43.4,19.7,01-12-2024,10-05-2025,160,0.8
IND05061,West Bengal,Alluvial,Maize,12.8,6.5,26.6,149.6,51.8,24.5,15-06-2024,23-10-2024,130,0.41
IND05062,Bihar,Alluvial,Wheat,37.5,6.6,26,176.8,49.2,24.3,11-07-2024,27-10-2024,108,0.71
IND05063,Punjab,Alluvial,Wheat,31.1,6.5,31.5,172.6,80.4,29.5,25-07-2024,19-12-2024,147,0.55
IND05064,Kerala,Laterite,Rice,44.1,6.5,26.1,275.2,76.1,0,17-10-2024,20-03-2025,154,0.55
IND05065,Andhra Pradesh,Red,Millet,16.8,6.9,38.2,196.1,59.8,25.2,25-04-2024,01-10-2024,159,0.62
IND05066,Rajasthan,Alluvial,Sugarcane,26.2,7.4,28.1,63.5,58.5,31.6,04-04-2024,11-07-2024,98,0.47
IND05067,Haryana,Alluvial,Maize,33.1,7.2,25.5,85.8,51.7,22.3,25-11-2024,08-03-2025,103,0.77
IND05068,West Bengal,Laterite,Groundnut,20.7,7.6,29.4,85,75.3,20.1,13-12-2024,25-04-2025,133,0.7
IND05069,Odisha,Laterite,Rice,23.5,7.7,20.9,36.5,75.9,12.1,03-08-2024,22-12-2024,141,0.6
IND05070,Maharashtra,Laterite,Rice,33.7,7.1,33,287.4,88.6,4.1,23-07-2024,02-11-2024,102,0.9
IND05071,Odisha,Laterite,Groundnut,22,7,29.4,28.3,81.7,13.1,20-04-2024,16-08-2024,118,0.61
IND05072,Karnataka,Laterite,Rice,25.4,6.8,39,36.2,88.1,15.3,01-12-2024,30-04-2025,150,0.57
IND05073,West Bengal,Alluvial,Maize,44.1,7.4,24.8,127.8,67,22.6,14-08-2024,09-01-2025,148,0.4
IND05074,Madhya Pradesh,Black,Sugarcane,20.1,7.5,32.8,183,77.9,28.5,09-12-2024,25-03-2025,106,0.71
IND05075,Madhya Pradesh,Black,Sugarcane,13,7.2,23.9,170,66.2,11.1,11-05-2024,18-08-2024,99,0.79
IND05076,Rajasthan,Desert,Millet,19.6,7,34.2,129.4,54.5,25.3,14-06-2024,12-11-2024,151,0.67
IND05077,Rajasthan,Desert,Millet,27.5,6.5,33.3,161,44,13.6,08-08-2024,30-11-2024,114,0.68
IND05078,Bihar,Alluvial,Rice,43.4,7.7,39.4,100.8,83.5,34,19-04-2024,29-07-2024,101,0.84
IND05079,Karnataka,Red,Millet,25.7,6.9,29.6,289.3,85.7,0,08-12-2024,22-03-2025,104,0.54
IND05080,Madhya Pradesh,Red,Maize,41.8,7.1,38.5,279.6,85.7,8.1,10-04-2024,13-08-2024,125,0.8
IND05081,Bihar,Alluvial,Sugarcane,39.7,7.5,30.2,70.5,58.2,4.2,22-05-2024,19-09-2024,120,0.78
IND05082,Haryana,Alluvial,Maize,40.4,7.7,27.7,25.4,40.4,22.7,17-05-2024,29-08-2024,104,0.69
IND05083,Bihar,Alluvial,Wheat,26.4,7.8,25,243.4,41.7,19.3,21-03-2024,01-07-2024,102,0.36
IND05084,Punjab,Alluvial,Pulses,26.6,7.7,20.9,150.9,58,19.8,14-08-2024,18-01-2025,157,0.8
IND05085,Karnataka,Laterite,Groundnut,19.8,6.2,20,120.5,57.7,8.8,21-10-2024,09-03-2025,139,0.42
IND05086,Haryana,Alluvial,Rice,28,7.1,18.1,109.3,88,21.9,01-11-2024,05-04-2025,155,0.72
IND05087,Maharashtra,Laterite,Groundnut,41.4,6.3,39.2,109.8,77.5,14.4,06-12-2024,02-03-2025,86,0.61
IND05088,Tamil Nadu,Laterite,Rice,31.2,6.5,23.4,97.2,65.8,17.5,25-03-2024,06-08-2024,134,0.77
IND05089,Bihar,Alluvial,Rice,20,6.6,40,161.2,71.6,10.5,14-12-2024,27-03-2025,103,0.56
IND05090,Gujarat,Black,Sugarcane,40.7,7.3,35.2,285.4,40.5,19.7,05-10-2024,31-01-2025,118,0.61
IND05091,Rajasthan,Alluvial,Maize,23,6.9,34.6,70.3,89.8,24.9,10-06-2024,07-11-2024,150,0.54
IND05092,Telangana,Black,Wheat,22.7,6.3,33.6,234.3,52.9,31.6,06-06-2024,11-09-2024,97,0.41
IND05093,West Bengal,Alluvial,Pulses,19.1,7.1,22.6,30.9,53.2,30,14-01-2024,28-04-2024,105,0.39
IND05094,Tamil Nadu,Black,Sugarcane,42,6.2,26.9,38.9,58.4,20.9,14-11-2024,24-02-2025,102,0.83
IND05095,Kerala,Laterite,Groundnut,27.2,7.4,29.2,178.4,42.4,28.3,07-08-2024,27-12-2024,142,0.35
IND05096,Madhya Pradesh,Red,Maize,38,7.7,39.7,79.5,76.2,25,04-09-2024,06-02-2025,155,0.7
IND05097,Maharashtra,Red,Maize,28.8,7.3,40,214,83.6,14.1,17-04-2024,16-08-2024,121,0.55
IND05098,Karnataka,Red,Pulses,27.9,6.4,18.7,196.5,50.3,0,11-04-2024,29-08-2024,140,0.62
IND05099,Haryana,Alluvial,Pulses,23.2,7.3,35,274.5,54.6,5.4,25-09-2024,27-12-2024,93,0.71
IND05100,Odisha,Laterite,Rice,19.1,6.4,30.6,125,75.6,15.4,08-01-2024,06-06-2024,150,0.55
IND05101,Maharashtra,Laterite,Rice,39.2,6.4,39.1,208.3,56.4,0.3,20-02-2024,04-07-2024,135,0.54
IND05102,Tamil Nadu,Black,Cotton,21.6,7,31.8,51.2,69.8,43.5,06-11-2024,05-04-2025,150,0.88
IND05103,West Bengal,Laterite,Groundnut,23.5,6.5,28.5,215,63.5,20.7,05-03-2024,14-07-2024,131,0.6
IND05104,Uttar Pradesh,Alluvial,Pulses,22.8,6.5,35.1,76.8,59.2,7.4,15-06-2024,11-10-2024,118,0.52
IND05105,Madhya Pradesh,Black,Cotton,43.8,6.1,28.1,98,57.6,25.4,25-10-2024,22-03-2025,148,0.63
IND05106,Madhya Pradesh,Black,Cotton,15.2,7.7,22.6,21.5,42.9,16.1,04-06-2024,24-09-2024,112,0.46
IND05107,West Bengal,Alluvial,Pulses,21.3,6.8,32.8,265.3,40,4.9,02-05-2024,03-08-2024,93,0.42
IND05108,Karnataka,Laterite,Groundnut,17,7.8,20.3,175.2,43.9,18.8,18-09-2024,09-02-2025,144,0.6
IND05109,Kerala,Laterite,Rice,14.6,6.4,36.3,178.4,86.2,18.4,19-08-2024,09-12-2024,112,0.7
IND05110,Tamil Nadu,Red,Pulses,38.2,6.1,29.9,253.1,52.7,0,21-04-2024,22-08-2024,123,0.63
IND05111,Haryana,Alluvial,Sugarcane,35.6,7.8,26.6,273.9,44.9,14.4,16-07-2024,25-11-2024,132,0.57
IND05112,Tamil Nadu,Black,Cotton,40.3,6.6,33.8,241.4,74.6,0,16-10-2024,21-02-2025,128,0.73
IND05113,Uttar Pradesh,Alluvial,Wheat,16.1,6.9,39.9,100.4,53.8,37.1,20-01-2024,05-06-2024,137,0.63
IND05114,Bihar,Alluvial,Sugarcane,30.9,6.6,24.2,272.9,76,18.2,06-06-2024,06-11-2024,153,0.68
IND05115,Telangana,Black,Wheat,27.6,7.2,29.6,191.8,74.4,0.7,15-11-2024,16-02-2025,93,0.48
IND05116,Odisha,Laterite,Rice,22.9,7.5,35.9,291,65.7,0,05-10-2024,25-02-2025,143,0.74
IND05117,Uttar Pradesh,Alluvial,Wheat,35.6,6.3,33.3,133.8,84.7,13.4,01-12-2024,02-04-2025,122,0.58
IND05118,Andhra Pradesh,Red,Pulses,33.3,7,37.4,268.4,83.5,4.6,13-06-2024,15-10-2024,124,0.51
IND05119,Punjab,Alluvial,Rice,35.7,6.5,27.2,201.9,48.3,27.9,19-07-2024,10-11-2024,114,0.88
IND05120,Gujarat,Black,Sugarcane,17.4,7.1,35.1,291.1,60.2,0,02-09-2024,02-02-2025,153,0.77
IND05121,Maharashtra,Red,Pulses,25.6,7.4,31.9,114.3,48.2,32,22-12-2024,09-05-2025,138,0.83
IND05122,Odisha,Alluvial,Maize,23.6,7,37.1,36.5,49.9,12.5,16-06-2024,12-10-2024,118,0.88
IND05123,Karnataka,Red,Groundnut,18.3,7.5,30.7,203.2,89.1,4.3,25-07-2024,05-11-2024,103,0.66
IND05124,Odisha,Alluvial,Maize,42.8,6.8,25,136.3,58.8,31.4,08-04-2024,28-08-2024,142,0.55
IND05125,Tamil Nadu,Black,Sugarcane,38.1,7.1,32.9,237.1,64.4,0,23-04-2024,06-08-2024,105,0.48
IND05126,Andhra Pradesh,Black,Sugarcane,18.8,6.5,19.7,223.2,51.2,16.1,17-08-2024,01-01-2025,137,0.76
IND05127,Odisha,Laterite,Groundnut,42.6,6.5,29.3,173.9,85.2,16.3,23-10-2024,17-02-2025,117,0.64
IND05128,Maharashtra,Black,Wheat,41.6,7.6,29.8,207.6,48.3,3.6,14-08-2024,07-01-2025,146,0.51
IND05129,Tamil Nadu,Black,Wheat,20.1,6.2,33,209.1,72.1,2.6,22-08-2024,23-01-2025,154,0.62
IND05130,Telangana,Red,Groundnut,41.7,7.1,32.4,197,60.9,0,22-10-2024,16-03-2025,145,0.36
IND05131,West Bengal,Alluvial,Sugarcane,25.6,6.6,19.8,72.8,79.7,16,23-07-2024,24-10-2024,93,0.7
IND05132,Rajasthan,Alluvial,Rice,44.6,7.2,38.1,214.1,73.6,16.5,24-03-2024,30-08-2024,159,0.42
IND05133,Rajasthan,Alluvial,Pulses,13.9,6.7,20.5,197.3,73.8,33.5,20-10-2024,21-03-2025,152,0.42
IND05134,Karnataka,Black,Sugarcane,36.7,7.7,19.5,22.3,81.3,25.8,14-11-2024,23-02-2025,101,0.67
IND05135,Uttar Pradesh,Alluvial,Sugarcane,36.3,6.8,28.3,137.4,49.1,0,11-08-2024,09-01-2025,151,0.82
IND05136,Uttar Pradesh,Alluvial,Maize,26.7,6.8,35.2,102.2,65.2,27.6,16-10-2024,18-03-2025,153,0.88
IND05137,Odisha,Laterite,Groundnut,21.5,6.4,22.7,52.3,54.5,31.5,18-06-2024,26-10-2024,130,0.76
IND05138,Haryana,Alluvial,Wheat,23.2,6.2,37.6,66,76.9,29.3,15-05-2024,02-10-2024,140,0.76
IND05139,Uttar Pradesh,Alluvial,Rice,44.4,7.2,23.5,45.6,52.3,1.6,03-11-2024,15-02-2025,104,0.77
IND05140,Andhra Pradesh,Red,Maize,15,6,39.2,192.5,70.1,28.9,03-04-2024,05-09-2024,155,0.39
IND05141,Telangana,Red,Maize,19.7,6.1,28.1,113.3,63.9,36.1,11-06-2024,12-10-2024,123,0.53
IND05142,Kerala,Laterite,Rice,38.1,7,18.8,43.9,78.9,34,23-03-2024,25-08-2024,155,0.37
IND05143,Gujarat,Black,Cotton,30.6,6.1,21,122.2,63.7,8.5,13-03-2024,19-08-2024,159,0.48
IND05144,Rajasthan,Desert,Millet,15.9,6.4,35.8,40.9,72.2,48.7,08-12-2024,21-04-2025,134,0.85
IND05145,Punjab,Alluvial,Rice,37.6,6.7,21.3,201.7,76.5,0,06-07-2024,13-11-2024,130,0.72
IND05146,Andhra Pradesh,Black,Sugarcane,24.4,6,33.7,264.9,50.8,14.2,11-03-2024,11-07-2024,122,0.84
IND05147,Gujarat,Black,Cotton,23.5,6.2,22.8,91.6,53.1,10.8,03-06-2024,06-09-2024,95,0.69
IND05148,Rajasthan,Desert,Millet,36,7.7,28.8,61.7,80.1,28.1,14-11-2024,17-03-2025,123,0.36
IND05149,Punjab,Alluvial,Sugarcane,42.1,6.1,18.9,234,80.9,0,23-09-2024,12-01-2025,111,0.37
IND05150,Gujarat,Alluvial,Sugarcane,31.7,6.5,26.2,278.5,62.7,18,13-01-2024,10-06-2024,149,0.87
IND05151,Rajasthan,Alluvial,Maize,23.9,6.6,25.7,277.7,86,0,15-03-2024,26-07-2024,133,0.76
IND05152,Odisha,Alluvial,Wheat,30.3,6.8,21.8,162.2,83.1,0,13-06-2024,23-10-2024,132,0.8
IND05153,Tamil Nadu,Laterite,Rice,12.2,6.5,30.4,204.1,55.6,35.9,03-04-2024,27-06-2024,85,0.88
IND05154,Madhya Pradesh,Black,Sugarcane,36.8,7.2,18.4,286.9,41.4,0,19-01-2024,18-05-2024,120,0.77
IND05155,Odisha,Laterite,Groundnut,16.3,7,39.5,98.2,71.7,17.6,19-05-2024,17-08-2024,90,0.45
IND05156,West Bengal,Laterite,Rice,22.1,7.4,31.6,100.3,80.5,7.3,08-08-2024,23-11-2024,107,0.49
IND05157,Haryana,Alluvial,Rice,12,6.5,39.6,31,80.6,31,20-12-2024,04-04-2025,105,0.42
IND05158,Tamil Nadu,Black,Cotton,13.8,7.4,23,75.2,57.6,46.4,06-01-2024,19-05-2024,134,0.77
IND05159,Maharashtra,Laterite,Groundnut,32.9,6.7,32.4,208.9,81.5,28.1,20-08-2024,24-01-2025,157,0.86
IND05160,Karnataka,Red,Maize,14,6.9,24.4,80.9,59.7,34.8,16-11-2024,11-02-2025,87,0.56
IND05161,Karnataka,Laterite,Groundnut,22.4,7.6,31.7,279.3,83.7,0,12-01-2024,10-06-2024,150,0.84
IND05162,Maharashtra,Laterite,Groundnut,30.9,7.4,21.1,263.3,80.8,14.6,03-07-2024,27-09-2024,86,0.8
IND05163,Maharashtra,Laterite,Rice,21.3,7.5,24.9,165.2,86,11.9,22-08-2024,04-01-2025,135,0.59
IND05164,Punjab,Alluvial,Wheat,43,6.8,29.5,82.7,53.2,4.8,16-03-2024,11-08-2024,148,0.67
IND05165,Maharashtra,Black,Wheat,14.6,7.7,19.7,212.5,87.5,19.4,19-01-2024,18-05-2024,120,0.65
IND05166,Uttar Pradesh,Alluvial,Sugarcane,35.2,6.2,38.4,233.2,84.8,12.2,18-11-2024,10-04-2025,143,0.41
IND05167,Bihar,Alluvial,Maize,22.9,7.7,24.9,120.8,73.8,9,19-11-2024,25-04-2025,157,0.53
IND05168,Andhra Pradesh,Black,Sugarcane,38.7,6.4,26.9,55.9,56,2.9,10-05-2024,06-10-2024,149,0.38
IND05169,West Bengal,Laterite,Rice,41.2,6.6,27.3,220.6,40.3,25.5,04-09-2024,02-01-2025,120,0.53
IND05170,Odisha,Laterite,Groundnut,35.5,6.3,25.8,168.3,47.1,24.7,22-12-2024,02-04-2025,101,0.71
IND05171,Andhra Pradesh,Red,Maize,15.8,6.2,36.3,190.2,73.2,18.8,05-12-2024,24-03-2025,109,0.89
IND05172,Uttar Pradesh,Alluvial,Wheat,40.1,6.5,38.1,194.5,74.3,0,10-10-2024,18-01-2025,100,0.88
IND05173,Telangana,Black,Wheat,41,6.5,21.6,117.3,81.4,10.7,04-02-2024,11-07-2024,158,0.9
IND05174,Bihar,Alluvial,Wheat,30.4,7.8,28.3,76.1,41.1,39.3,03-01-2024,27-05-2024,145,0.57
IND05175,Punjab,Alluvial,Rice,18.1,7.4,18.1,151.5,78.4,30.2,23-05-2024,19-10-2024,149,0.62
IND05176,Gujarat,Black,Sugarcane,42.1,6.5,21.6,254.1,71.8,1.4,01-07-2024,23-11-2024,145,0.52
IND05177,Uttar Pradesh,Alluvial,Maize,30.7,6.1,21.1,239.7,72.1,0,02-02-2024,05-06-2024,124,0.71
IND05178,Karnataka,Black,Wheat,43.8,7.1,26.8,215.3,85.2,0,10-02-2024,21-05-2024,101,0.57
IND05179,Rajasthan,Alluvial,Pulses,44.8,7.7,39,189.5,47.1,0,01-04-2024,02-09-2024,154,0.56
IND05180,Madhya Pradesh,Red,Pulses,20.7,6.2,28.6,222.4,46.4,15.4,08-09-2024,14-02-2025,159,0.5
IND05181,Punjab,Alluvial,Sugarcane,39.2,6.3,23.4,233.2,56.3,0,24-12-2024,01-05-2025,128,0.62
IND05182,Haryana,Alluvial,Wheat,22.2,6.4,31.7,281.8,51.4,12,12-04-2024,26-08-2024,136,0.55
IND05183,Uttar Pradesh,Alluvial,Sugarcane,15.9,6,32.3,289,47.9,25.4,10-06-2024,12-09-2024,94,0.53
IND05184,Tamil Nadu,Red,Pulses,13.1,7.4,30.4,72.4,85.1,32.3,15-09-2024,13-02-2025,151,0.38
IND05185,Odisha,Alluvial,Maize,31,6.9,33.4,141.7,61.3,21.4,08-04-2024,02-07-2024,85,0.66
IND05186,Odisha,Laterite,Groundnut,31.4,7.5,25.9,123.9,81.3,34.9,04-09-2024,10-02-2025,159,0.57
IND05187,Kerala,Laterite,Groundnut,19,6.7,30.2,156.9,47.7,13.1,11-04-2024,15-08-2024,126,0.43
IND05188,Maharashtra,Laterite,Groundnut,36.6,7.5,18.4,225.3,76,9,24-07-2024,29-11-2024,128,0.56
IND05189,Haryana,Alluvial,Wheat,26.3,6.9,29.3,58.4,77.5,16.5,23-11-2024,04-04-2025,132,0.72
IND05190,Odisha,Laterite,Rice,34.1,6.2,33.9,84,42.5,28.9,13-08-2024,12-12-2024,121,0.79
IND05191,Kerala,Laterite,Rice,27.5,7.2,30.6,87.8,85.3,20.5,03-09-2024,08-12-2024,96,0.69
IND05192,Andhra Pradesh,Red,Groundnut,12.6,6.7,32.1,73.3,58.3,11.5,23-08-2024,10-01-2025,140,0.52
IND05193,Bihar,Alluvial,Rice,44.1,6.8,22,59.6,42.9,18.9,10-06-2024,09-09-2024,91,0.82
IND05194,West Bengal,Laterite,Groundnut,42.4,6.7,32.4,117.7,54.8,10.7,11-08-2024,21-12-2024,132,0.67
IND05195,Odisha,Alluvial,Sugarcane,40.5,7.2,37,208.2,42.6,1.7,20-04-2024,29-07-2024,100,0.55
IND05196,Gujarat,Alluvial,Rice,38,7.7,19.3,259.4,41,0,22-08-2024,20-11-2024,90,0.86
IND05197,Gujarat,Alluvial,Maize,40.5,6.3,30.6,157.7,85.8,0,15-04-2024,14-08-2024,121,0.86
IND05198,Bihar,Alluvial,Wheat,16.7,7.1,31.6,259.3,58.8,20.3,22-02-2024,19-07-2024,148,0.86
IND05199,Kerala,Laterite,Groundnut,40.6,7,21.6,262.1,64.1,0,03-01-2024,16-04-2024,104,0.59
IND05200,Tamil Nadu,Black,Cotton,36.3,6.3,35.7,51.2,54,38.7,06-05-2024,13-08-2024,99,0.38
IND05201,Kerala,Laterite,Rice,25,6.3,23.1,112.5,82,1.6,01-10-2024,12-02-2025,134,0.75
IND05202,Tamil Nadu,Black,Sugarcane,37.5,7,35.7,117.6,82.4,32.4,08-07-2024,26-11-2024,141,0.62
IND05203,Andhra Pradesh,Black,Sugarcane,32.7,7.6,31.5,135.5,61.6,22.8,04-02-2024,21-05-2024,107,0.44
IND05204,Andhra Pradesh,Black,Cotton,28.7,6,21.6,159.5,46.7,29.2,02-05-2024,05-10-2024,156,0.82
IND05205,Andhra Pradesh,Black,Cotton,20.9,6.1,19.4,83.7,72.9,9.6,10-12-2024,09-05-2025,150,0.85
IND05206,Rajasthan,Alluvial,Sugarcane,13.2,7.5,19.2,207,45.3,16.6,14-01-2024,09-05-2024,116,0.88
IND05207,Gujarat,Alluvial,Rice,16.4,6.2,35.8,280.3,82.4,13.8,08-08-2024,08-01-2025,153,0.53
IND05208,Karnataka,Black,Cotton,23.6,7.1,29.3,227.9,46.8,6,11-08-2024,28-11-2024,109,0.79
IND05209,Maharashtra,Black,Cotton,14.5,7.7,25,79.4,89.3,32.6,05-09-2024,05-02-2025,153,0.38
IND05210,Rajasthan,Desert,Millet,39.4,6.1,36.9,38,64.9,10.5,13-03-2024,16-08-2024,156,0.73
IND05211,Punjab,Alluvial,Pulses,22,6.4,20.8,255.3,77.6,0,17-10-2024,26-02-2025,132,0.87
IND05212,Telangana,Black,Sugarcane,22.6,6.7,31.3,107.3,47,8.8,07-10-2024,02-02-2025,118,0.73
IND05213,Karnataka,Laterite,Rice,35.1,6.8,33.5,83.8,61.2,19,07-03-2024,11-08-2024,157,0.77
IND05214,Bihar,Alluvial,Pulses,40.6,7.4,29.5,139.1,88.4,18.9,01-05-2024,21-09-2024,143,0.59
IND05215,Karnataka,Red,Maize,14.8,6.6,31.4,72.7,55.4,18,03-07-2024,02-12-2024,152,0.85
IND05216,Tamil Nadu,Red,Millet,43,7.8,35.2,26.8,74.9,36.2,18-07-2024,28-10-2024,102,0.55
IND05217,Karnataka,Black,Wheat,19,7.8,19.5,117.3,56.2,7.2,01-10-2024,02-01-2025,93,0.64
IND05218,Tamil Nadu,Red,Maize,39.2,7.6,29.7,54.3,50.7,27.2,16-12-2024,01-05-2025,136,0.4
IND05219,Andhra Pradesh,Black,Sugarcane,27,7.2,27.8,222.8,51.2,2.4,14-02-2024,03-07-2024,140,0.9
IND05220,Punjab,Alluvial,Rice,40.8,6.5,30.9,68.8,82.8,13.6,21-08-2024,16-11-2024,87,0.9
IND05221,Bihar,Alluvial,Maize,29.8,7.6,25,135.7,68.2,0,17-04-2024,09-09-2024,145,0.37
IND05222,Madhya Pradesh,Black,Cotton,18.6,7.1,30.4,175,60.6,12.2,15-10-2024,22-01-2025,99,0.64
IND05223,Haryana,Alluvial,Rice,39.1,6.2,34.9,111.4,73.3,8,02-03-2024,10-06-2024,100,0.35
IND05224,Kerala,Laterite,Groundnut,42,6.5,29.7,212,43.5,0,10-03-2024,11-07-2024,123,0.52
IND05225,Tamil Nadu,Red,Pulses,27.2,6.1,36.7,267.1,88.2,4.8,14-03-2024,16-06-2024,94,0.57
IND05226,Odisha,Laterite,Rice,41.3,7.5,39.9,125.6,72.8,16.1,10-12-2024,10-05-2025,151,0.49
IND05227,Kerala,Laterite,Rice,44.3,7.7,26.9,222.9,50.4,18.9,11-04-2024,12-08-2024,123,0.42
IND05228,West Bengal,Laterite,Rice,34.7,6.1,37.2,53.4,61.4,24.6,24-06-2024,06-11-2024,135,0.61
IND05229,Punjab,Alluvial,Pulses,16.8,7.1,21.5,124.9,56.3,39.5,07-08-2024,13-11-2024,98,0.87
IND05230,Telangana,Red,Groundnut,28.6,6.4,33.8,21.5,70.9,40.5,11-09-2024,09-02-2025,151,0.67
IND05231,Madhya Pradesh,Black,Wheat,38.5,6.5,18.4,100.2,87.5,0.2,24-08-2024,14-12-2024,112,0.48
IND05232,Karnataka,Laterite,Rice,33.6,7.7,24.8,75.9,71,22.4,21-07-2024,01-12-2024,133,0.66
IND05233,Haryana,Alluvial,Wheat,24.3,6.7,24.5,279.1,85.6,22.1,23-03-2024,14-07-2024,113,0.55
IND05234,Bihar,Alluvial,Rice,44.7,6.9,37.9,88.1,80.9,6.1,16-08-2024,21-01-2025,158,0.76
IND05235,Odisha,Laterite,Rice,13.9,6.4,34,169.1,51.9,27.3,06-12-2024,14-04-2025,129,0.52
IND05236,Bihar,Alluvial,Pulses,44.6,7.3,33.1,140.4,68.2,27.4,19-03-2024,25-06-2024,98,0.57
IND05237,Kerala,Laterite,Groundnut,20.1,7.2,19.4,56.2,54.6,32.5,11-08-2024,22-12-2024,133,0.69
IND05238,Odisha,Alluvial,Maize,27.5,6.2,37.1,231.9,56.4,15.9,04-03-2024,24-07-2024,142,0.49
IND05239,Odisha,Laterite,Groundnut,13.3,6.4,22.7,101.5,85.3,46,16-12-2024,16-04-2025,121,0.74
IND05240,Uttar Pradesh,Alluvial,Rice,14.1,7.4,23.9,33.5,56,42.3,12-11-2024,15-04-2025,154,0.85
IND05241,Tamil Nadu,Black,Sugarcane,24.5,7.1,23.5,253,88.9,0.5,02-04-2024,30-08-2024,150,0.66
IND05242,Gujarat,Alluvial,Sugarcane,15.2,7.6,26.6,123.9,68.4,26.5,20-04-2024,31-08-2024,133,0.66
IND05243,Odisha,Alluvial,Maize,34.5,6.3,27.8,219.9,76.3,8.2,25-12-2024,20-04-2025,116,0.68
IND05244,Rajasthan,Desert,Millet,36.6,7.2,26.1,112.1,51.2,34.6,09-01-2024,08-05-2024,120,0.43
IND05245,Haryana,Alluvial,Maize,40.3,7.5,20.9,150,76.6,27.7,01-05-2024,01-08-2024,92,0.85
IND05246,Kerala,Laterite,Rice,43.5,7.7,29.2,271.5,86.8,0,18-05-2024,12-08-2024,86,0.36
IND05247,Maharashtra,Red,Groundnut,24.1,7.1,19.6,136.5,63.8,15.4,18-12-2024,29-04-2025,132,0.56
IND05248,Odisha,Laterite,Groundnut,27.8,6.6,19.8,127.9,67,4.1,16-02-2024,28-06-2024,133,0.41
IND05249,Kerala,Laterite,Rice,30.1,6.5,19.6,94.4,82.6,10.4,13-04-2024,21-07-2024,99,0.87
IND05250,Punjab,Alluvial,Wheat,44.2,7.8,32.1,251.9,74.1,16.7,04-11-2024,04-04-2025,151,0.68
IND05251,Telangana,Black,Wheat,23.6,6.7,30.1,72.6,57.1,19.4,05-12-2024,20-03-2025,105,0.51
IND05252,Telangana,Red,Pulses,24.6,6.9,39.8,97.5,45.3,24,16-08-2024,25-12-2024,131,0.88
IND05253,Gujarat,Alluvial,Sugarcane,42.5,7.3,22.3,25.1,54.3,6.4,20-12-2024,03-04-2025,104,0.62
IND05254,Bihar,Alluvial,Maize,30.1,7.6,22.6,176.6,51.8,6.7,18-07-2024,30-11-2024,135,0.61
IND05255,Telangana,Red,Pulses,42.1,7.2,28.8,178.3,64.3,27.5,21-07-2024,14-12-2024,146,0.75
IND05256,Kerala,Laterite,Rice,42.4,7.2,30.7,154.6,52.2,27.8,18-10-2024,06-03-2025,139,0.43
IND05257,Haryana,Alluvial,Maize,15.9,6.8,20.9,85.3,73.3,23.7,15-07-2024,12-11-2024,120,0.43
IND05258,Maharashtra,Laterite,Rice,27.3,7.8,39.8,292.8,65,8.7,13-07-2024,09-10-2024,88,0.85
IND05259,Kerala,Laterite,Rice,25.3,7.6,39.4,186.2,50.9,0,02-12-2024,01-05-2025,150,0.46
IND05260,Bihar,Alluvial,Pulses,14.3,6.8,38.1,153.6,48.8,32.8,05-09-2024,28-12-2024,114,0.64
IND05261,Karnataka,Red,Pulses,12.6,6.5,35.2,43.4,73.1,18.2,24-01-2024,21-04-2024,88,0.51
IND05262,Haryana,Alluvial,Maize,36.1,6.3,35.2,272.3,47.4,0,01-12-2024,25-03-2025,114,0.56
IND05263,Andhra Pradesh,Red,Groundnut,14.1,6.9,24.7,31.4,63.1,42.8,10-12-2024,09-04-2025,120,0.76
IND05264,Odisha,Alluvial,Pulses,14,6.6,33.4,231.8,56.5,10,18-05-2024,28-09-2024,133,0.77
IND05265,Maharashtra,Black,Sugarcane,22.3,6.5,21.3,150.3,86.6,10.2,04-03-2024,31-07-2024,149,0.51
IND05266,Bihar,Alluvial,Wheat,21.4,6.7,33.8,78.9,77.4,39.1,12-09-2024,15-12-2024,94,0.54
IND05267,Punjab,Alluvial,Pulses,27.8,7.1,27.5,239.7,76.4,12,21-05-2024,11-09-2024,113,0.75
IND05268,Bihar,Alluvial,Wheat,44.2,7.8,31,291.6,45.9,0,22-11-2024,06-03-2025,104,0.58
IND05269,Tamil Nadu,Black,Sugarcane,26,6.9,37.4,84.8,66.4,33.3,06-01-2024,22-05-2024,137,0.5
IND05270,Madhya Pradesh,Black,Wheat,15.4,6.7,18,186.8,70.4,21.8,08-01-2024,13-04-2024,96,0.35
IND05271,West Bengal,Laterite,Groundnut,26.1,7.7,20.8,226.1,86.6,0,21-08-2024,04-12-2024,105,0.8
IND05272,Madhya Pradesh,Black,Cotton,24,6.6,23.4,108,45.4,31.2,09-06-2024,19-10-2024,132,0.81
IND05273,Madhya Pradesh,Red,Pulses,36.7,7.6,25.9,225.5,40.5,0,12-02-2024,27-05-2024,105,0.55
IND05274,Rajasthan,Alluvial,Wheat,12,7.2,33.5,234.8,70,1.9,03-12-2024,16-03-2025,103,0.64
IND05275,Rajasthan,Alluvial,Maize,30.1,7.7,28.7,217.9,68.3,0,06-11-2024,31-03-2025,145,0.54
IND05276,Maharashtra,Red,Maize,38.8,6.9,23.8,198.2,85.2,4.6,02-08-2024,28-12-2024,148,0.81
IND05277,Madhya Pradesh,Black,Sugarcane,32.4,7.5,37.3,77.9,72.5,22.3,16-06-2024,15-11-2024,152,0.83
IND05278,Maharashtra,Red,Millet,16.7,7.8,30,225.8,55.5,14,03-05-2024,06-09-2024,126,0.52
IND05279,Rajasthan,Desert,Millet,15.6,7.2,38.8,144.7,73.4,20.4,08-12-2024,10-05-2025,153,0.46
IND05280,Gujarat,Alluvial,Maize,18.6,7.7,34.8,156.7,54.6,10.4,05-07-2024,02-11-2024,120,0.4
IND05281,Haryana,Alluvial,Maize,21.2,6.1,20.5,288.4,72.1,0,21-05-2024,03-09-2024,105,0.63
IND05282,Gujarat,Black,Wheat,20.5,6.6,29.3,211.9,84.6,0,07-06-2024,17-09-2024,102,0.8
IND05283,Gujarat,Alluvial,Wheat,30.4,6.5,19,207.5,63,24.2,23-08-2024,04-12-2024,103,0.73
IND05284,Telangana,Red,Groundnut,13.7,7.2,39.5,285.2,86.5,15.6,08-09-2024,27-12-2024,110,0.84
IND05285,Bihar,Alluvial,Maize,38.1,7.2,19.8,164.2,76.2,29.8,05-06-2024,02-09-2024,89,0.82
IND05286,Telangana,Red,Groundnut,41.5,7.4,39.4,90.7,65.1,27.2,11-11-2024,08-04-2025,148,0.9
IND05287,Odisha,Laterite,Rice,35.2,6.8,38.1,226.4,85.4,0,15-06-2024,29-09-2024,106,0.44
IND05288,West Bengal,Alluvial,Pulses,23.4,7.4,34.3,20.7,88,26.6,21-04-2024,16-09-2024,148,0.79
IND05289,Tamil Nadu,Red,Maize,42,7.4,33.5,62.9,59.7,16.9,25-09-2024,23-01-2025,120,0.49
IND05290,Haryana,Alluvial,Pulses,26.8,7.3,24.8,256.7,61.6,5.5,11-06-2024,11-09-2024,92,0.41
IND05291,Punjab,Alluvial,Rice,39.8,7.1,21.9,174.1,70.1,22.5,06-01-2024,11-06-2024,157,0.52
IND05292,Bihar,Alluvial,Pulses,42.5,6.1,25.2,77,52.8,0,20-04-2024,22-09-2024,155,0.37
IND05293,Haryana,Alluvial,Rice,43.2,7,36.2,85.6,82.9,33.5,18-08-2024,25-11-2024,99,0.69
IND05294,Haryana,Alluvial,Rice,15.9,7,30.9,195.8,56.5,11.4,07-07-2024,03-11-2024,119,0.56
IND05295,Andhra Pradesh,Red,Millet,32.7,6.6,25.8,215.6,47.4,16.4,18-03-2024,27-07-2024,131,0.42
IND05296,Tamil Nadu,Laterite,Rice,31.8,7.1,31.6,51.2,70.5,5.4,24-07-2024,12-11-2024,111,0.74
IND05297,Telangana,Red,Pulses,22.3,7.3,19.6,275.8,83.2,1.2,17-08-2024,10-11-2024,85,0.58
IND05298,Rajasthan,Alluvial,Wheat,23.8,6.5,34.2,204.2,51.1,23.4,12-03-2024,09-06-2024,89,0.69
IND05299,Punjab,Alluvial,Wheat,44.5,7.7,28.6,266.5,58.1,13.2,25-12-2024,22-04-2025,118,0.73
IND05300,Gujarat,Black,Sugarcane,18.6,7.3,24.3,61,74.8,7.8,01-04-2024,14-08-2024,135,0.57
IND05301,Bihar,Alluvial,Sugarcane,22.1,6.7,26,25.4,78.3,12.8,11-01-2024,02-06-2024,143,0.61
IND05302,Gujarat,Alluvial,Wheat,24.8,6.3,19.2,196.7,55.5,16.3,14-02-2024,29-05-2024,105,0.8
IND05303,Haryana,Alluvial,Maize,30.6,6.2,37.5,295.8,43.1,0,22-09-2024,17-02-2025,148,0.85
IND05304,West Bengal,Laterite,Rice,25.8,6.3,20.1,188.3,63.3,22.3,02-09-2024,06-01-2025,126,0.41
IND05305,Kerala,Laterite,Groundnut,26.2,6.6,23.5,158.5,59.8,32,13-09-2024,12-12-2024,90,0.39
IND05306,Karnataka,Red,Maize,36.7,6.1,20.5,29.3,82.8,32.8,21-08-2024,20-12-2024,121,0.72
IND05307,Madhya Pradesh,Black,Cotton,24.3,6.7,36,106.9,58.1,23.4,04-09-2024,22-12-2024,109,0.56
IND05308,Telangana,Red,Millet,25.1,7.1,31,143.4,83.2,33.4,17-05-2024,20-09-2024,126,0.65
IND05309,Andhra Pradesh,Black,Sugarcane,34.6,6.4,23.6,219.7,60.7,0.7,15-07-2024,22-12-2024,160,0.42
IND05310,Gujarat,Alluvial,Rice,44.2,6,19.1,286.6,42.6,13.3,23-09-2024,10-01-2025,109,0.81
IND05311,Odisha,Alluvial,Sugarcane,35.9,7.4,19.5,49.8,60.1,38.5,06-12-2024,10-04-2025,125,0.5
IND05312,Uttar Pradesh,Alluvial,Sugarcane,31.5,7,27,39.3,53.2,14.2,04-03-2024,06-08-2024,155,0.6
IND05313,Telangana,Black,Sugarcane,43.3,6.1,31.1,206.8,54.8,0,04-08-2024,17-12-2024,135,0.59
IND05314,West Bengal,Alluvial,Sugarcane,32.1,7.7,37,217.9,60.6,27.1,01-12-2024,09-05-2025,159,0.66
IND05315,Karnataka,Black,Sugarcane,14.9,7.3,28.1,274.8,50.7,5.6,11-12-2024,05-05-2025,145,0.75
IND05316,Bihar,Alluvial,Rice,16.3,6.3,30.6,110.5,75.1,5.5,01-05-2024,18-09-2024,140,0.6
IND05317,Karnataka,Black,Wheat,16.6,6.3,38.3,190,40.5,19.8,21-07-2024,30-11-2024,132,0.52
IND05318,Odisha,Laterite,Groundnut,12.5,7.2,25.1,118.7,40.9,20.8,08-01-2024,13-04-2024,96,0.48
IND05319,Karnataka,Red,Maize,32,7.4,34.7,275.7,73.6,0,10-11-2024,20-03-2025,130,0.77
IND05320,Rajasthan,Alluvial,Pulses,44.8,6.6,20.9,41.5,50.5,0,16-04-2024,13-08-2024,119,0.4
IND05321,West Bengal,Alluvial,Pulses,40.3,7.4,37,73.8,62.5,5.1,18-07-2024,23-11-2024,128,0.66
IND05322,Odisha,Alluvial,Pulses,39.2,6.4,23.5,269.3,46.6,13.6,20-05-2024,11-09-2024,114,0.76
IND05323,Gujarat,Black,Wheat,14.7,6.8,40,270.8,42.5,0,21-09-2024,23-01-2025,124,0.47
IND05324,Gujarat,Black,Wheat,21.7,7.4,32.5,233.7,67,1.4,11-11-2024,18-04-2025,158,0.88
IND05325,Bihar,Alluvial,Rice,42.1,7,28.6,51.9,74.3,26,06-07-2024,30-09-2024,86,0.43
IND05326,Madhya Pradesh,Black,Sugarcane,29.8,6.8,28.5,145.9,87,9.2,23-11-2024,27-02-2025,96,0.65
IND05327,Gujarat,Alluvial,Maize,40.9,6,32.7,151.4,80.7,0,01-01-2024,10-05-2024,130,0.88
IND05328,Telangana,Black,Wheat,16.4,6.2,23.7,163.6,45.7,34.2,04-04-2024,21-07-2024,108,0.83
IND05329,Uttar Pradesh,Alluvial,Sugarcane,13.2,7.1,34.1,167.3,53.1,1.5,18-06-2024,22-11-2024,157,0.59
IND05330,Madhya Pradesh,Red,Millet,43.8,6.6,36.2,210.8,64.2,16.2,12-02-2024,21-06-2024,130,0.35
IND05331,Uttar Pradesh,Alluvial,Wheat,35.7,6.5,18.4,41.6,67.4,36.2,18-10-2024,17-03-2025,150,0.84
IND05332,Tamil Nadu,Black,Sugarcane,30.8,7.1,25.2,177.1,62.5,11.7,22-06-2024,04-11-2024,135,0.43
IND05333,Rajasthan,Desert,Millet,16.6,7,28.2,92.5,46,42.6,16-11-2024,23-02-2025,99,0.49
IND05334,Kerala,Laterite,Groundnut,31,7.5,25.6,152.2,84.5,32,18-10-2024,23-03-2025,156,0.69
IND05335,Uttar Pradesh,Alluvial,Wheat,29.6,7.3,31.6,237.3,41.1,4.5,20-12-2024,24-05-2025,155,0.43
IND05336,Kerala,Laterite,Groundnut,21.6,7.6,37.7,134.1,65.7,3.5,03-02-2024,13-05-2024,100,0.56
IND05337,Gujarat,Black,Wheat,35.1,7.4,25.5,179.6,71.9,0,04-08-2024,30-12-2024,148,0.5
IND05338,Kerala,Laterite,Rice,27.9,7.1,22.6,274.6,53.7,0,04-08-2024,18-11-2024,106,0.88
IND05339,Rajasthan,Alluvial,Sugarcane,29.2,6.4,23.8,32.9,58.1,10.7,19-07-2024,03-11-2024,107,0.53
IND05340,Punjab,Alluvial,Wheat,32.3,6.8,22.1,28.4,79.1,37.9,17-10-2024,14-03-2025,148,0.6
IND05341,Bihar,Alluvial,Rice,16.8,6,22.6,68.2,61,33.4,21-10-2024,08-02-2025,110,0.81
IND05342,Andhra Pradesh,Red,Maize,39.5,7.4,26.4,217.2,43.3,7.1,25-05-2024,07-10-2024,135,0.38
IND05343,West Bengal,Laterite,Groundnut,32.4,7,38.1,189.7,54.9,0,06-07-2024,11-10-2024,97,0.69
IND05344,Bihar,Alluvial,Rice,44.9,7.7,38.9,144.9,68.3,15.8,20-03-2024,18-07-2024,120,0.46
IND05345,Andhra Pradesh,Red,Millet,18.3,6.8,19.4,154.1,56.1,14.4,15-08-2024,03-01-2025,141,0.89
IND05346,Telangana,Red,Pulses,35,6.8,32.5,111.4,47,0.9,03-06-2024,24-09-2024,113,0.71
IND05347,Punjab,Alluvial,Rice,18.5,6.9,39.1,51.6,54.7,18.5,01-01-2024,28-03-2024,87,0.6
IND05348,Bihar,Alluvial,Maize,12,6.4,32.7,296.4,50.4,17.9,20-10-2024,31-01-2025,103,0.82
IND05349,Punjab,Alluvial,Rice,20.9,7.5,22.6,271.5,50.8,21.1,17-01-2024,29-04-2024,103,0.81
IND05350,Kerala,Laterite,Groundnut,27.3,6.2,31.8,27.7,51.5,9.2,07-04-2024,09-07-2024,93,0.88
IND05351,Kerala,Laterite,Groundnut,39.4,7.3,37.2,177.7,52.3,0,16-03-2024,27-07-2024,133,0.66
IND05352,Bihar,Alluvial,Rice,26.3,6.8,22.7,94.6,45.6,35,18-05-2024,25-08-2024,99,0.8
IND05353,Tamil Nadu,Red,Millet,34,7.7,30.6,103.2,73.5,11.6,07-01-2024,27-04-2024,111,0.69
IND05354,Tamil Nadu,Red,Maize,44.8,6.1,38.9,68,53,16.4,23-11-2024,17-03-2025,114,0.89
IND05355,Haryana,Alluvial,Sugarcane,21.8,7.7,31.9,124.3,45.6,11.3,14-10-2024,07-01-2025,85,0.88
IND05356,Haryana,Alluvial,Rice,15,6.4,39.8,60.5,59.9,13.4,06-07-2024,01-12-2024,148,0.47
IND05357,Madhya Pradesh,Red,Groundnut,40.4,6.5,36.1,291.6,51.9,0,20-07-2024,05-12-2024,138,0.42
IND05358,Andhra Pradesh,Red,Maize,23.8,7.6,37.9,248,89.7,22.8,25-08-2024,06-12-2024,103,0.44
IND05359,Tamil Nadu,Laterite,Rice,29.2,7.5,22.3,66.8,81.5,4.7,09-09-2024,10-02-2025,154,0.63
IND05360,Haryana,Alluvial,Rice,27.2,7.2,29.9,204.2,69.9,32.1,15-07-2024,27-10-2024,104,0.56
IND05361,West Bengal,Laterite,Groundnut,39.7,6.7,27.6,74.7,47.5,24,07-11-2024,26-03-2025,139,0.74
IND05362,Punjab,Alluvial,Pulses,28.3,7.4,21.4,97,86.1,40.1,11-08-2024,10-11-2024,91,0.79
IND05363,Madhya Pradesh,Black,Cotton,20.8,7.4,30.3,37.8,49.2,33.3,13-05-2024,08-09-2024,118,0.59
IND05364,Madhya Pradesh,Black,Cotton,40.9,6.1,29.7,125,51.9,0,21-07-2024,18-12-2024,150,0.44
IND05365,Andhra Pradesh,Black,Sugarcane,44.9,7,37.4,193.7,66.1,26.5,11-12-2024,08-03-2025,87,0.45
IND05366,Gujarat,Alluvial,Rice,12.2,6.9,35.3,80.1,66.9,42.5,08-07-2024,06-11-2024,121,0.45
IND05367,Uttar Pradesh,Alluvial,Pulses,43.3,7.4,26.6,285,60.1,0,12-09-2024,20-12-2024,99,0.68
IND05368,Telangana,Red,Maize,24.5,6.8,27.9,46,64.3,17.6,25-12-2024,04-05-2025,130,0.39
IND05369,Karnataka,Red,Millet,29.6,7.5,18.5,189.3,61.5,22.2,23-07-2024,29-11-2024,129,0.69
IND05370,West Bengal,Laterite,Groundnut,44.3,6.7,32.3,216.2,57,11.5,12-11-2024,17-02-2025,97,0.78
IND05371,Tamil Nadu,Red,Millet,21.9,7.2,34.4,65.4,86,14.1,07-08-2024,15-11-2024,100,0.87
IND05372,Tamil Nadu,Laterite,Rice,44.6,7.2,26.9,150.7,76.9,17.4,09-09-2024,18-01-2025,131,0.75
IND05373,Tamil Nadu,Black,Cotton,19.4,6.1,18.1,264.9,84.8,7.7,21-06-2024,22-11-2024,154,0.78
IND05374,West Bengal,Alluvial,Pulses,15.1,6.1,37,156.5,48.1,36.4,11-12-2024,01-05-2025,141,0.55
IND05375,Uttar Pradesh,Alluvial,Wheat,17.2,7.5,21.3,143.2,70.3,21.3,09-09-2024,29-12-2024,111,0.84
IND05376,Kerala,Laterite,Groundnut,41.6,7.5,27.5,280,82.1,0,11-10-2024,20-02-2025,132,0.73
IND05377,Madhya Pradesh,Black,Sugarcane,39,6.1,32,297.9,53.7,17.1,13-05-2024,05-09-2024,115,0.67
IND05378,Haryana,Alluvial,Wheat,17.6,6.2,32.8,186.8,76.7,19.2,06-03-2024,05-07-2024,121,0.5
IND05379,Odisha,Laterite,Rice,42.8,7.7,39.3,289.6,55.4,8.1,14-09-2024,31-01-2025,139,0.55
IND05380,Telangana,Red,Maize,29.4,6.9,20.8,279.9,61.6,5.2,03-07-2024,08-10-2024,97,0.45
IND05381,Madhya Pradesh,Black,Cotton,21,6.6,29.9,204.9,73.1,18.8,25-07-2024,08-11-2024,106,0.69
IND05382,Punjab,Alluvial,Wheat,22,6.3,28.9,278.6,62.7,26.2,01-09-2024,12-12-2024,102,0.44
IND05383,Bihar,Alluvial,Rice,42.9,7.6,31.2,142.7,86.8,22.8,16-03-2024,20-07-2024,126,0.75
IND05384,Kerala,Laterite,Groundnut,17.4,7.5,18.9,56.5,49,41.1,12-01-2024,13-06-2024,153,0.73
IND05385,Karnataka,Laterite,Rice,39.6,6.5,24,79.5,82.4,26.3,23-08-2024,12-12-2024,111,0.81
IND05386,Punjab,Alluvial,Maize,27,6,19,29.4,66.8,23.4,12-03-2024,21-07-2024,131,0.76
IND05387,Andhra Pradesh,Black,Sugarcane,17,6.6,34.4,263.3,58,8.8,18-11-2024,20-04-2025,153,0.38
IND05388,Uttar Pradesh,Alluvial,Rice,41,6.5,21,211.1,68.5,22.5,04-06-2024,24-09-2024,112,0.5
IND05389,Karnataka,Laterite,Rice,36.6,6.5,22.8,196.5,55,0,19-07-2024,24-10-2024,97,0.56
IND05390,Rajasthan,Alluvial,Pulses,20.4,7,34.4,150.3,69,19.2,19-12-2024,09-04-2025,111,0.38
IND05391,Odisha,Laterite,Groundnut,28.7,7.5,18.1,275.6,61.9,0,08-01-2024,12-04-2024,95,0.62
IND05392,Odisha,Laterite,Groundnut,19.8,7.6,25.6,169.6,85,12.3,09-01-2024,21-04-2024,103,0.42
IND05393,Bihar,Alluvial,Wheat,21,6.7,30.5,60,45.8,27.5,23-04-2024,05-08-2024,104,0.38
IND05394,West Bengal,Laterite,Groundnut,33.8,6.9,35.4,119.5,53.2,24.6,11-07-2024,18-12-2024,160,0.86
IND05395,Kerala,Laterite,Rice,29.9,6.6,38.4,279.5,46.4,0,10-12-2024,18-05-2025,159,0.89
IND05396,Karnataka,Red,Groundnut,31,6.5,18.4,259.9,79.3,0,06-03-2024,13-08-2024,160,0.38
IND05397,Andhra Pradesh,Red,Millet,30.5,7.4,26.9,188.2,66.5,14.3,12-04-2024,30-08-2024,140,0.79
IND05398,Odisha,Laterite,Groundnut,16.8,6.1,35.1,71,75,30.2,08-04-2024,08-09-2024,153,0.84
IND05399,Haryana,Alluvial,Maize,17.7,6.2,32.3,168.1,40.7,32,13-02-2024,05-07-2024,143,0.38
IND05400,Telangana,Red,Pulses,25.8,7.7,35.4,143.4,75.2,15.8,14-03-2024,24-07-2024,132,0.65
IND05401,Telangana,Red,Maize,32.9,6.1,34.2,133.1,67.1,5.8,17-05-2024,17-08-2024,92,0.57
IND05402,Andhra Pradesh,Red,Pulses,26,6.2,33.1,284.3,80.9,7.1,10-09-2024,16-01-2025,128,0.87
IND05403,West Bengal,Alluvial,Sugarcane,37.6,7.6,38,243.9,51.5,13.5,04-03-2024,25-07-2024,143,0.39
IND05404,Telangana,Red,Maize,29.3,6.8,32.1,134.4,59.9,33.2,14-04-2024,21-07-2024,98,0.38
IND05405,Maharashtra,Laterite,Groundnut,18.3,6.1,37.2,101.2,74,32.5,09-12-2024,18-04-2025,130,0.81
IND05406,Uttar Pradesh,Alluvial,Wheat,40.4,7.4,24.1,102.6,43.8,6.6,01-06-2024,29-09-2024,120,0.71
IND05407,Telangana,Black,Cotton,41.8,7.3,31.4,40,49.1,20.6,02-05-2024,20-09-2024,141,0.63
IND05408,Kerala,Laterite,Rice,41.8,6.9,32.7,111.4,59,0,03-07-2024,16-11-2024,136,0.78
IND05409,Punjab,Alluvial,Rice,16.7,6.1,25.8,68.5,47.8,26.2,01-06-2024,28-08-2024,88,0.79
IND05410,Madhya Pradesh,Black,Sugarcane,40.7,7.4,34.5,262,86.4,9.5,10-08-2024,08-12-2024,120,0.42
IND05411,Rajasthan,Desert,Millet,14.2,6.8,27.3,231.1,65.3,5.2,08-04-2024,23-08-2024,137,0.83
IND05412,Bihar,Alluvial,Maize,17.2,7.7,36.9,256.3,70.5,0,22-02-2024,18-05-2024,86,0.84
IND05413,Haryana,Alluvial,Pulses,17,7.3,36.7,97.8,47.6,14.3,10-06-2024,23-10-2024,135,0.82
IND05414,Karnataka,Laterite,Groundnut,29.4,6.1,32.1,263.2,80.6,17,06-08-2024,08-12-2024,124,0.41
IND05415,Andhra Pradesh,Black,Sugarcane,40.3,6.1,37.3,215.3,66.2,23.4,23-09-2024,30-12-2024,98,0.44
IND05416,Tamil Nadu,Black,Cotton,17.3,7.1,25.5,246.7,71,4.1,13-01-2024,18-06-2024,157,0.87
IND05417,Bihar,Alluvial,Pulses,24.5,6.3,39.5,266.7,68.4,23,13-07-2024,07-11-2024,117,0.43
IND05418,Andhra Pradesh,Red,Groundnut,12.7,6.7,19.4,227.1,78.2,23.2,25-06-2024,27-10-2024,124,0.46
IND05419,Uttar Pradesh,Alluvial,Wheat,13.5,6.3,29.8,119.2,49.3,17.4,06-06-2024,27-09-2024,113,0.43
IND05420,Tamil Nadu,Black,Sugarcane,35.9,6.4,34.1,244.6,63.2,25.5,21-04-2024,12-08-2024,113,0.55
IND05421,Madhya Pradesh,Red,Pulses,31.3,6.3,38.6,163.8,70.1,18,19-12-2024,03-05-2025,135,0.58
IND05422,Maharashtra,Black,Cotton,18.3,6.8,19.6,185.2,60.5,13.6,03-02-2024,18-06-2024,136,0.83
IND05423,Tamil Nadu,Red,Millet,18.3,6.9,31.4,290.6,74.2,0,15-01-2024,24-04-2024,100,0.58
IND05424,Tamil Nadu,Black,Sugarcane,12,7.4,33.9,119.5,59,23.8,24-01-2024,31-05-2024,128,0.7
IND05425,West Bengal,Alluvial,Rice,17.7,7.3,19.1,169.2,49.3,17.9,03-12-2024,04-05-2025,152,0.69
IND05426,Tamil Nadu,Laterite,Groundnut,22,6.3,25,119.2,72.6,31.3,02-07-2024,04-10-2024,94,0.79
IND05427,Punjab,Alluvial,Wheat,22.2,7,31.8,278.3,62.4,15.9,25-02-2024,09-06-2024,105,0.85
IND05428,Bihar,Alluvial,Maize,34.8,6.7,34.3,202.1,68.5,24,19-10-2024,16-03-2025,148,0.76
IND05429,Odisha,Alluvial,Maize,36,7.7,26,184,64.5,10.9,10-09-2024,16-12-2024,97,0.53
IND05430,Bihar,Alluvial,Pulses,34.1,7.4,35.6,246.7,57.4,0,10-09-2024,30-01-2025,142,0.62
IND05431,West Bengal,Alluvial,Sugarcane,40,7.2,26.6,84.3,86,29.5,21-10-2024,16-02-2025,118,0.61
IND05432,Karnataka,Black,Wheat,30.4,7.7,36.9,189.9,68.3,32.6,22-05-2024,12-10-2024,143,0.83
IND05433,Bihar,Alluvial,Pulses,18.2,7.1,24.9,181,70.5,35.3,17-01-2024,29-05-2024,133,0.54
IND05434,Andhra Pradesh,Red,Maize,28,7,19.6,97.8,52.9,27.2,08-01-2024,08-05-2024,121,0.65
IND05435,Uttar Pradesh,Alluvial,Maize,38.6,6.8,18.6,101.3,41.7,25.8,23-06-2024,24-09-2024,93,0.74
IND05436,Telangana,Black,Cotton,30.7,6.5,19.2,235.4,78.1,25.5,07-10-2024,17-02-2025,133,0.77
IND05437,Rajasthan,Desert,Millet,27.1,6.9,26.9,135.3,50.8,36.7,19-12-2024,07-05-2025,139,0.59
IND05438,Uttar Pradesh,Alluvial,Maize,40.9,7.1,26.3,291.4,83,13.3,16-06-2024,12-10-2024,118,0.37
IND05439,Punjab,Alluvial,Rice,19.2,6.1,32.5,263.7,58.5,30.5,04-06-2024,06-10-2024,124,0.65
IND05440,Haryana,Alluvial,Rice,39.6,7.2,39.4,229.9,46.6,0,01-05-2024,03-08-2024,94,0.65
IND05441,West Bengal,Laterite,Rice,31.4,7.7,26.6,264.1,83,16.4,24-03-2024,20-06-2024,88,0.53
IND05442,Uttar Pradesh,Alluvial,Sugarcane,14.8,6.7,33.5,170.9,86.8,32.4,05-11-2024,11-02-2025,98,0.52
IND05443,Gujarat,Alluvial,Rice,35.3,6.1,33.9,289.4,56,18.7,04-08-2024,01-12-2024,119,0.69
IND05444,Gujarat,Black,Sugarcane,25.1,7.5,20.8,131.7,41.8,32.7,07-06-2024,03-09-2024,88,0.77
IND05445,Tamil Nadu,Black,Wheat,16.6,6.6,21.9,222.6,64.6,8.7,12-10-2024,05-03-2025,144,0.66
IND05446,Maharashtra,Red,Millet,24.5,7.7,27.5,221.9,83.6,12.4,22-05-2024,01-10-2024,132,0.75
IND05447,Gujarat,Black,Sugarcane,21.8,6.9,30,52.2,88.6,7.5,22-12-2024,30-05-2025,159,0.85
IND05448,Uttar Pradesh,Alluvial,Sugarcane,41.3,6.2,30.9,246.2,40.1,3.5,12-02-2024,28-05-2024,106,0.63
IND05449,Maharashtra,Laterite,Groundnut,39.9,7.1,39.2,87,86.1,31.3,19-07-2024,13-12-2024,147,0.56
IND05450,Gujarat,Black,Sugarcane,35.4,6.3,34.9,277.6,89,0,02-10-2024,02-03-2025,151,0.68
IND05451,Madhya Pradesh,Red,Pulses,21.7,7.6,36.5,225.4,50,15.1,10-10-2024,03-02-2025,116,0.65
IND05452,Andhra Pradesh,Black,Cotton,38.9,7.4,31.3,150.7,75.4,15.3,25-12-2024,24-03-2025,89,0.5
IND05453,Bihar,Alluvial,Rice,17.6,6.9,30.1,169.3,84.9,32.2,12-10-2024,14-03-2025,153,0.6
IND05454,Andhra Pradesh,Red,Millet,26.6,6.5,21.3,188.3,69.1,0,04-08-2024,11-12-2024,129,0.85
IND05455,Telangana,Red,Groundnut,37.2,6.7,19.8,289.7,42.2,12.5,17-02-2024,11-07-2024,145,0.89
IND05456,Telangana,Red,Millet,12.1,6.7,32.1,106.7,72.5,9.3,04-03-2024,07-06-2024,95,0.47
IND05457,Uttar Pradesh,Alluvial,Wheat,35.8,6.6,23.7,103,74.1,7.5,13-04-2024,27-08-2024,136,0.54
IND05458,Maharashtra,Black,Cotton,17.5,7.8,23.1,65.9,49.1,19.8,19-10-2024,04-02-2025,108,0.59
IND05459,Rajasthan,Desert,Millet,34.6,6.8,24.5,223.7,82.9,0,04-06-2024,14-10-2024,132,0.64
IND05460,Punjab,Alluvial,Wheat,23.1,6.6,24.1,293,88.1,22.8,12-11-2024,22-03-2025,130,0.47
IND05461,Maharashtra,Laterite,Rice,40.1,7.6,25.4,226.9,72.9,5.9,07-10-2024,27-02-2025,143,0.35
IND05462,Rajasthan,Desert,Millet,13.1,7.2,34.3,159,43.6,38.2,01-10-2024,28-12-2024,88,0.54
IND05463,Gujarat,Black,Cotton,23.6,7.5,32.3,217.8,55.3,7.8,23-12-2024,19-04-2025,117,0.74
IND05464,Andhra Pradesh,Black,Cotton,17.3,6.1,26.4,124,71.7,35.1,19-01-2024,26-06-2024,159,0.54
IND05465,Telangana,Red,Millet,18.2,6.7,20.1,135.2,77.9,36.3,05-08-2024,28-11-2024,115,0.47
IND05466,Maharashtra,Laterite,Groundnut,29.8,6.7,31.8,141.2,59.4,8.4,11-07-2024,24-10-2024,105,0.75
IND05467,Madhya Pradesh,Red,Pulses,43.3,6.2,22.9,108.5,57.4,24.1,20-07-2024,02-11-2024,105,0.4
IND05468,Madhya Pradesh,Red,Pulses,41.5,7.5,26.4,143.9,63.7,21.2,18-10-2024,19-03-2025,152,0.74
IND05469,Karnataka,Black,Sugarcane,17.9,7.4,36,283.4,46,14.7,02-03-2024,15-07-2024,135,0.81
IND05470,Haryana,Alluvial,Wheat,12.2,7.3,24.6,84.9,56.4,21.7,21-01-2024,14-06-2024,145,0.37
IND05471,Madhya Pradesh,Red,Groundnut,35.6,7,39.5,299.1,58.7,1.9,01-07-2024,01-12-2024,153,0.55
IND05472,Kerala,Laterite,Groundnut,16.7,7.6,28.3,253,71,5.9,23-09-2024,23-12-2024,91,0.56
IND05473,Maharashtra,Red,Millet,43.5,7.4,28,46.2,83.4,21.3,09-08-2024,24-12-2024,137,0.58
IND05474,Tamil Nadu,Laterite,Groundnut,20.7,7.1,20.8,230.6,79.7,8.2,20-04-2024,12-09-2024,145,0.4
IND05475,Kerala,Laterite,Groundnut,12.4,7.3,35.7,41.4,74.3,17.1,16-10-2024,21-01-2025,97,0.71
IND05476,Tamil Nadu,Black,Sugarcane,25.9,6.7,36.7,235.5,69.2,26.2,25-11-2024,07-04-2025,133,0.41
IND05477,Odisha,Laterite,Rice,25.3,7.2,23,249.4,46.4,0,18-02-2024,09-06-2024,112,0.7
IND05478,Gujarat,Alluvial,Pulses,25.8,6,25.2,220.4,66.3,4.5,04-11-2024,24-02-2025,112,0.7
IND05479,Rajasthan,Alluvial,Rice,38.3,6.7,21.6,297.8,42.9,19,15-06-2024,18-10-2024,125,0.63
IND05480,Uttar Pradesh,Alluvial,Sugarcane,14.2,7.2,23.8,160.4,72,29.6,03-09-2024,01-02-2025,151,0.41
IND05481,West Bengal,Alluvial,Pulses,12.4,7.5,24.1,66,81.7,16.8,21-04-2024,30-08-2024,131,0.86
IND05482,Rajasthan,Desert,Millet,21.3,6.2,26.8,110,70.5,39.5,20-03-2024,03-07-2024,105,0.72
IND05483,West Bengal,Alluvial,Sugarcane,32.8,6.4,30.3,227.3,89.5,0,05-08-2024,12-11-2024,99,0.6
IND05484,Kerala,Laterite,Rice,14.3,6.3,25.9,278.3,84.9,24.3,21-05-2024,23-08-2024,94,0.74
IND05485,Rajasthan,Alluvial,Wheat,32.8,6.3,34.4,37.2,68.1,16.8,14-11-2024,17-02-2025,95,0.71
IND05486,Haryana,Alluvial,Wheat,24.7,7.3,28.6,236.8,74.8,2.6,08-06-2024,04-11-2024,149,0.38
IND05487,Madhya Pradesh,Black,Cotton,42.3,7.7,31.3,192.9,79.9,1.4,20-06-2024,04-11-2024,137,0.54
IND05488,Tamil Nadu,Laterite,Groundnut,21.7,6.5,21.4,166.5,76,11.6,06-04-2024,10-08-2024,126,0.79
IND05489,Rajasthan,Alluvial,Pulses,30.4,7.6,23.9,144.8,81.2,6.7,07-04-2024,09-09-2024,155,0.76
IND05490,Bihar,Alluvial,Wheat,32.2,6.1,29.9,63.5,81.7,2.6,18-09-2024,18-12-2024,91,0.44
IND05491,Odisha,Laterite,Rice,29.6,6.6,25.6,161,72.9,17.1,16-12-2024,13-04-2025,118,0.49
IND05492,Kerala,Laterite,Rice,30.3,7.3,36.1,26.2,75.5,31.7,18-04-2024,27-08-2024,131,0.67
IND05493,Rajasthan,Desert,Millet,42,7,18.8,158.3,57.4,0,11-10-2024,24-02-2025,136,0.88
IND05494,Kerala,Laterite,Rice,40,7,28,86.7,49.6,0.4,14-05-2024,20-08-2024,98,0.7
IND05495,Karnataka,Black,Cotton,24.1,7.6,20.8,142.8,45.8,26.9,15-05-2024,26-09-2024,134,0.45
IND05496,Andhra Pradesh,Black,Cotton,37.3,6.1,37.9,76.3,52.6,20.8,01-12-2024,30-03-2025,119,0.52
IND05497,Maharashtra,Black,Sugarcane,26.3,7.4,37.3,165.4,78.6,0,07-08-2024,09-11-2024,94,0.78
IND05498,Odisha,Laterite,Groundnut,24.2,7.6,39.1,251.8,72.6,0,03-03-2024,01-08-2024,151,0.85
IND05499,Andhra Pradesh,Black,Cotton,32,6.9,28,81.9,52.6,21,06-08-2024,12-11-2024,98,0.73
IND05500,Tamil Nadu,Black,Cotton,13.3,7,39.8,103.9,42.6,31.3,07-06-2024,18-09-2024,103,0.51
IND05501,Andhra Pradesh,Black,Wheat,29.5,6.9,23.3,32.2,64.5,14.4,14-09-2024,01-01-2025,109,0.83
IND05502,Odisha,Alluvial,Rice,16.1,6.5,26.1,32.1,87.4,46.4,13-11-2024,28-03-2025,135,0.5
IND05503,Karnataka,Red,Pulses,18.6,7.3,39,163.9,57.5,9,12-08-2024,05-11-2024,85,0.41
IND05504,Punjab,Alluvial,Sugarcane,42.3,7.7,38.2,102.5,61.4,13.7,19-12-2024,18-05-2025,150,0.89
IND05505,Kerala,Laterite,Groundnut,32.4,6,29.3,83.1,85.5,16,09-05-2024,08-08-2024,91,0.77
IND05506,Gujarat,Alluvial,Rice,30.4,7,21,22.6,89.4,22,03-03-2024,21-06-2024,110,0.4
IND05507,Uttar Pradesh,Alluvial,Sugarcane,39.9,7.4,23.7,71.9,68.6,24.1,18-05-2024,14-08-2024,88,0.89
IND05508,Kerala,Laterite,Rice,17,6.5,33.7,36.6,62.3,24.9,15-02-2024,28-05-2024,103,0.87
IND05509,Madhya Pradesh,Black,Cotton,28.2,7.6,28.7,98.6,68.7,14.8,21-05-2024,21-10-2024,153,0.8
IND05510,Haryana,Alluvial,Sugarcane,20.2,7.1,23.2,198.8,67.9,20.2,10-11-2024,01-03-2025,111,0.63
IND05511,Karnataka,Black,Cotton,22.1,6.7,25,193.6,67.5,15,14-06-2024,16-11-2024,155,0.5
IND05512,Tamil Nadu,Laterite,Groundnut,17,6.7,39.8,286.4,69.4,0,03-07-2024,05-10-2024,94,0.49
IND05513,West Bengal,Laterite,Groundnut,17.2,6.4,22.7,179.8,69.2,28.6,08-04-2024,06-09-2024,151,0.88
IND05514,Karnataka,Red,Millet,34.6,6.8,25.1,225.6,71.2,21.4,21-03-2024,08-08-2024,140,0.89
IND05515,Punjab,Alluvial,Pulses,19.8,6.4,38.7,213,49.4,0,04-05-2024,10-09-2024,129,0.82
IND05516,Bihar,Alluvial,Rice,36.5,6.3,40,73.9,51,6.1,13-01-2024,16-05-2024,124,0.51
IND05517,Haryana,Alluvial,Sugarcane,30.9,6.1,24.1,62.8,57.2,20.1,22-01-2024,25-06-2024,155,0.88
IND05518,Punjab,Alluvial,Pulses,16.9,6.9,37.2,219.2,72.8,13.6,11-12-2024,20-05-2025,160,0.51
IND05519,Bihar,Alluvial,Wheat,40.8,7.6,25.7,193.9,78.6,15.6,10-09-2024,16-02-2025,159,0.53
IND05520,Punjab,Alluvial,Maize,39.7,6.4,34,22.7,65.2,19.2,06-08-2024,18-11-2024,104,0.42
IND05521,Tamil Nadu,Laterite,Groundnut,12.2,6.6,29,273.9,87.6,5.2,09-08-2024,23-12-2024,136,0.88
IND05522,Rajasthan,Desert,Millet,18.5,7.3,38.3,297.6,85.2,6.6,17-02-2024,24-05-2024,97,0.81
IND05523,West Bengal,Alluvial,Sugarcane,13.9,7.5,21,190.1,45.8,17.2,13-03-2024,09-06-2024,88,0.39
IND05524,Karnataka,Laterite,Groundnut,22.9,7.7,35.7,259.8,65.3,12.6,15-03-2024,22-07-2024,129,0.75
IND05525,Madhya Pradesh,Black,Cotton,25.9,6.2,26.9,164.6,65.3,23.3,11-09-2024,07-12-2024,87,0.4
IND05526,Haryana,Alluvial,Wheat,21.6,6.7,30.1,64.6,45.2,31.3,11-11-2024,15-02-2025,96,0.7
IND05527,Punjab,Alluvial,Rice,39.1,7,21.3,40,53.4,20.7,05-09-2024,31-01-2025,148,0.46
IND05528,Odisha,Laterite,Rice,16.4,6.7,18.9,197.7,71.1,8,06-01-2024,25-04-2024,110,0.63
IND05529,Bihar,Alluvial,Wheat,37.7,7,30.5,74,73.1,21.9,24-10-2024,10-03-2025,137,0.42
IND05530,Haryana,Alluvial,Wheat,43.3,6.7,39.5,103.6,57.1,4.1,13-11-2024,06-04-2025,144,0.43
IND05531,Haryana,Alluvial,Sugarcane,28.3,7.2,30.2,299.2,50.5,0,07-03-2024,26-06-2024,111,0.85
IND05532,Tamil Nadu,Red,Pulses,34.8,7.3,35.4,58.7,67.4,34.9,02-03-2024,13-07-2024,133,0.38
IND05533,Uttar Pradesh,Alluvial,Rice,15.1,6.2,31.2,159.2,89.7,34.9,05-11-2024,10-02-2025,97,0.81
IND05534,Punjab,Alluvial,Maize,19.1,7.6,19.4,229.3,56.4,5.5,21-03-2024,30-06-2024,101,0.82
IND05535,Bihar,Alluvial,Sugarcane,13.5,7.8,20.3,141.5,46,42.3,21-06-2024,03-10-2024,104,0.83
IND05536,Maharashtra,Red,Millet,35.8,7.6,36.2,122,40.3,10.9,20-06-2024,09-11-2024,142,0.63
IND05537,Telangana,Red,Groundnut,32.1,7.5,22.6,262.6,88.8,17.2,23-07-2024,28-11-2024,128,0.8
IND05538,Haryana,Alluvial,Pulses,22.7,6.1,37.8,282.9,80.6,0,01-10-2024,14-01-2025,105,0.69
IND05539,Tamil Nadu,Laterite,Groundnut,12.6,6.6,21.5,154.5,54.1,34.4,24-06-2024,18-09-2024,86,0.52
IND05540,Madhya Pradesh,Black,Sugarcane,40.2,7.5,25.2,34.4,49.9,2.2,07-12-2024,23-04-2025,137,0.79
IND05541,Karnataka,Black,Cotton,18.5,6.9,27,51.3,72.6,29.3,06-02-2024,08-05-2024,92,0.37
IND05542,Telangana,Red,Maize,19.4,7.6,31.8,88.7,88.9,13.7,09-06-2024,19-09-2024,102,0.63
IND05543,Tamil Nadu,Black,Cotton,24.8,6.5,29.2,76.9,45.1,6.8,03-10-2024,17-02-2025,137,0.44
IND05544,West Bengal,Laterite,Rice,13,7.3,33.9,142.3,64.4,4.9,09-03-2024,13-07-2024,126,0.37
IND05545,Odisha,Alluvial,Maize,14.5,6.3,37.6,160.9,89.9,1.5,14-08-2024,15-12-2024,123,0.39
IND05546,Madhya Pradesh,Black,Sugarcane,27.7,6,22.8,102.7,83.6,19,02-01-2024,28-04-2024,117,0.88
IND05547,Uttar Pradesh,Alluvial,Rice,22.6,7.1,31.4,210,47.4,26.3,20-12-2024,20-04-2025,121,0.89
IND05548,Odisha,Laterite,Rice,36,7.6,38.2,195.2,66.8,22.4,23-06-2024,01-11-2024,131,0.8
IND05549,Telangana,Red,Maize,29.2,6.4,23.9,61.7,54.5,24.9,01-10-2024,15-01-2025,106,0.51
IND05550,Uttar Pradesh,Alluvial,Pulses,24.9,7.7,31.2,136,48.8,23.7,15-09-2024,04-02-2025,142,0.58
IND05551,Kerala,Laterite,Rice,40.2,7.1,29.1,192,86.5,4.4,15-08-2024,15-01-2025,153,0.62
IND05552,Madhya Pradesh,Red,Maize,25,6.6,38.2,190.7,68,31.5,07-05-2024,11-09-2024,127,0.63
IND05553,Tamil Nadu,Laterite,Groundnut,44.9,6.1,25.1,186.9,77.6,21.2,20-03-2024,05-08-2024,138,0.66
IND05554,Punjab,Alluvial,Pulses,35.7,7.2,24.3,252.2,47.2,10.3,08-07-2024,21-11-2024,136,0.43
IND05555,Madhya Pradesh,Black,Sugarcane,36.3,7.4,34.6,186.7,81.3,0.7,21-04-2024,17-07-2024,87,0.44
IND05556,Andhra Pradesh,Black,Sugarcane,29.5,6.3,35,135.9,62.9,23.8,20-07-2024,15-12-2024,148,0.39
IND05557,Telangana,Black,Cotton,17.8,7.2,26.5,148.1,78.3,6.9,08-01-2024,08-05-2024,121,0.74
IND05558,Uttar Pradesh,Alluvial,Sugarcane,32.5,7.8,29.1,176.4,40.7,13,11-05-2024,31-08-2024,112,0.84
IND05559,Maharashtra,Laterite,Groundnut,14.7,6.8,23.7,236.8,46.2,27,25-04-2024,21-08-2024,118,0.41
IND05560,Bihar,Alluvial,Maize,37.1,6.6,24.4,174.7,48.6,8.9,24-08-2024,12-01-2025,141,0.84
IND05561,Madhya Pradesh,Black,Sugarcane,40.7,6.9,21,225.4,58.1,2.2,08-06-2024,05-11-2024,150,0.77
IND05562,Rajasthan,Alluvial,Maize,36.1,7.1,39.3,43.3,72.4,16.7,06-07-2024,06-10-2024,92,0.47
IND05563,Rajasthan,Alluvial,Pulses,19.3,6.5,35.2,154.2,42.2,21.8,11-01-2024,11-04-2024,91,0.77
IND05564,Haryana,Alluvial,Sugarcane,43.3,7.2,19.9,66.4,75.6,36.9,15-05-2024,20-10-2024,158,0.36
IND05565,Telangana,Red,Maize,30.8,7.6,19.3,53.3,44.6,13.8,22-09-2024,05-01-2025,105,0.74
IND05566,West Bengal,Alluvial,Sugarcane,20.1,7.6,22.9,44.6,49,39.7,09-05-2024,07-08-2024,90,0.8
IND05567,Andhra Pradesh,Red,Pulses,12.3,6.2,31.2,126.4,61.3,25.7,11-11-2024,19-02-2025,100,0.63
IND05568,Gujarat,Black,Sugarcane,36.6,7.3,23.6,243.8,44.6,0,06-05-2024,13-10-2024,160,0.42
IND05569,Kerala,Laterite,Groundnut,13,6.4,18.6,217.9,85.9,10,22-06-2024,31-10-2024,131,0.45
IND05570,Haryana,Alluvial,Pulses,39.1,6.2,26.1,202.4,81,0,06-02-2024,05-05-2024,89,0.65
IND05571,Telangana,Black,Cotton,18.3,6.3,27.9,291.6,89.9,2,11-08-2024,09-12-2024,120,0.71
IND05572,Maharashtra,Laterite,Rice,17.9,6.4,32.2,109.5,52.8,26.7,17-11-2024,06-04-2025,140,0.81
IND05573,Gujarat,Black,Sugarcane,34.8,6.9,36.4,234.4,58.1,1,10-08-2024,17-12-2024,129,0.76
IND05574,Uttar Pradesh,Alluvial,Sugarcane,36.3,6.8,33,22.7,80.9,28.3,05-09-2024,02-02-2025,150,0.6
IND05575,Kerala,Laterite,Groundnut,32.9,7.1,35.5,229.3,77.4,13.8,14-07-2024,23-10-2024,101,0.86
IND05576,Bihar,Alluvial,Maize,24.1,7.1,23.6,264.1,77.4,11,12-02-2024,10-06-2024,119,0.65
IND05577,Maharashtra,Laterite,Rice,29.3,6.1,29.8,216.7,84.2,0,18-06-2024,19-11-2024,154,0.41
IND05578,Andhra Pradesh,Black,Cotton,16.4,6.1,36.5,272.4,72.1,27.5,12-09-2024,19-12-2024,98,0.85
IND05579,Punjab,Alluvial,Maize,40.8,6.6,20.6,271.2,77.2,0,04-05-2024,15-09-2024,134,0.44
IND05580,Madhya Pradesh,Black,Sugarcane,41,6.2,29.8,67.6,41.4,35.2,11-07-2024,29-11-2024,141,0.43
IND05581,Tamil Nadu,Laterite,Rice,14.5,6.8,20.7,168.3,50.9,11.8,18-04-2024,23-09-2024,158,0.39
IND05582,Gujarat,Alluvial,Sugarcane,21.1,7.5,33.9,198.9,67.7,5.8,08-08-2024,25-11-2024,109,0.65
IND05583,Punjab,Alluvial,Wheat,15.3,6.6,34.4,136.5,70.6,7.4,22-05-2024,22-08-2024,92,0.7
IND05584,Odisha,Alluvial,Rice,18.8,7.3,25,149.5,40.7,21.8,14-05-2024,12-10-2024,151,0.85
IND05585,Rajasthan,Desert,Millet,41.4,7.5,29.3,25.4,47.8,29.4,04-09-2024,26-12-2024,113,0.38
IND05586,Maharashtra,Red,Millet,28.5,6.8,33,180.6,79.7,30.7,02-02-2024,07-07-2024,156,0.87
IND05587,Maharashtra,Laterite,Rice,36.5,6.7,35.9,120.8,57,12.3,19-11-2024,20-04-2025,152,0.45
IND05588,Haryana,Alluvial,Sugarcane,27.1,7.1,39.7,143.3,70.8,0.3,11-11-2024,13-02-2025,94,0.9
IND05589,Andhra Pradesh,Red,Millet,18.8,7,36.8,221.8,60.1,32.3,04-04-2024,22-08-2024,140,0.74
IND05590,Punjab,Alluvial,Maize,42.1,6.3,24.4,274.8,45.9,0,15-09-2024,31-12-2024,107,0.85
IND05591,Karnataka,Black,Wheat,40.9,7.6,33.9,288.6,72.3,0,10-05-2024,11-10-2024,154,0.61
IND05592,West Bengal,Laterite,Groundnut,36,7,38.8,119,51.1,33,21-10-2024,26-03-2025,156,0.71
IND05593,Telangana,Black,Sugarcane,39.2,6.1,35.6,158.9,41.3,27.2,09-07-2024,23-10-2024,106,0.54
IND05594,Punjab,Alluvial,Sugarcane,37.6,7.7,27.8,255.3,66.2,0,15-01-2024,30-04-2024,106,0.65
IND05595,Telangana,Black,Sugarcane,13.4,7.2,27.1,203.9,72.7,10.1,20-12-2024,28-03-2025,98,0.42
IND05596,Madhya Pradesh,Black,Wheat,12,6.5,34.8,179.3,69.5,25.2,15-05-2024,27-09-2024,135,0.72
IND05597,Karnataka,Laterite,Groundnut,37.7,6.3,25.8,282.9,43.7,6.4,07-07-2024,23-11-2024,139,0.64
IND05598,Gujarat,Alluvial,Wheat,37.5,6.8,27,157.6,80.6,1,04-10-2024,26-01-2025,114,0.71
IND05599,Kerala,Laterite,Groundnut,41.1,6.9,28.5,199.3,77.2,0,01-04-2024,14-07-2024,104,0.66
IND05600,Tamil Nadu,Red,Groundnut,31,6.1,34.6,100.6,63.9,12.6,16-11-2024,11-03-2025,115,0.57
IND05601,Karnataka,Red,Pulses,19.6,7.5,20.8,59.5,79.8,29.6,10-02-2024,05-05-2024,85,0.69
IND05602,Rajasthan,Desert,Millet,23.7,6.3,36.6,211.8,48.7,26.2,05-04-2024,18-08-2024,135,0.6
IND05603,Andhra Pradesh,Black,Cotton,28.7,7.6,31.5,48.1,88.2,37.1,20-03-2024,18-08-2024,151,0.76
IND05604,Odisha,Laterite,Rice,29.4,7.3,22,23.6,59.6,32.2,14-06-2024,08-10-2024,116,0.54
IND05605,Tamil Nadu,Red,Pulses,32.5,6.4,21,169,44.2,29,13-10-2024,12-02-2025,122,0.66
IND05606,Telangana,Red,Groundnut,20.2,6.2,33.6,263,73.5,8.1,06-03-2024,06-06-2024,92,0.44
IND05607,Gujarat,Alluvial,Rice,39.7,6.5,29.4,270.5,75.3,0,07-10-2024,19-01-2025,104,0.62
IND05608,Telangana,Red,Groundnut,32.7,6.5,19.7,247.5,54.6,0,11-04-2024,23-08-2024,134,0.37
IND05609,Maharashtra,Red,Groundnut,31.2,6.2,19.1,235.4,79.5,0,09-02-2024,13-05-2024,94,0.5
IND05610,Andhra Pradesh,Red,Millet,32.6,7.5,25.4,297.1,67.5,0,15-05-2024,16-10-2024,154,0.47
IND05611,Telangana,Black,Sugarcane,38.7,6.9,25.4,120,89.8,0,23-07-2024,13-12-2024,143,0.71
IND05612,Odisha,Alluvial,Pulses,20.9,7.4,27.3,267.3,69.4,28.2,25-10-2024,15-03-2025,141,0.85
IND05613,Bihar,Alluvial,Sugarcane,15.5,6.2,30.7,66.8,79.7,47,08-06-2024,10-09-2024,94,0.87
IND05614,West Bengal,Alluvial,Pulses,35.7,7.6,33.1,252,65.3,5.5,10-04-2024,16-07-2024,97,0.37
IND05615,West Bengal,Alluvial,Wheat,14.5,6.3,22,74.3,57.3,28.7,12-02-2024,02-07-2024,141,0.66
IND05616,Kerala,Laterite,Rice,12.7,6.6,22.2,108.9,77.4,26.7,25-08-2024,23-01-2025,151,0.5
IND05617,West Bengal,Alluvial,Rice,20.3,6.3,39.7,59.4,88.2,16.7,10-10-2024,13-03-2025,154,0.53
IND05618,Madhya Pradesh,Black,Sugarcane,34.7,6.6,31.8,254.2,57.3,22.1,19-02-2024,25-05-2024,96,0.7
IND05619,Gujarat,Black,Cotton,42,6,22.5,214.1,53.7,9.8,17-09-2024,30-01-2025,135,0.84
IND05620,Telangana,Black,Cotton,35.1,6.2,32.6,158.6,89.3,1.4,04-01-2024,11-06-2024,159,0.68
IND05621,Karnataka,Laterite,Rice,42.1,7.1,22.6,178.2,42.9,26.1,01-11-2024,08-02-2025,99,0.56
IND05622,Haryana,Alluvial,Rice,13.2,7.3,28,58.3,75.3,38.8,25-09-2024,18-01-2025,115,0.85
IND05623,Uttar Pradesh,Alluvial,Pulses,22.9,6.3,22.3,279.9,77.8,23.1,03-12-2024,06-04-2025,124,0.37
IND05624,Odisha,Alluvial,Rice,22.7,6.9,26.3,275.2,89,13.7,02-07-2024,26-10-2024,116,0.85
IND05625,West Bengal,Alluvial,Rice,12.7,6.7,30.5,35.7,40.6,28.2,24-07-2024,08-11-2024,107,0.46
IND05626,Telangana,Black,Cotton,35.8,6.7,35.7,280.7,65.7,4.2,09-02-2024,05-06-2024,117,0.67
IND05627,Rajasthan,Alluvial,Wheat,24.6,6.4,32.6,233.5,61,0,07-07-2024,20-11-2024,136,0.7
IND05628,Maharashtra,Black,Sugarcane,21.1,7.4,30.3,109.6,48.4,30.8,21-03-2024,18-08-2024,150,0.75
IND05629,Haryana,Alluvial,Rice,12.5,6.7,21.5,238,43.1,6.1,02-02-2024,23-06-2024,142,0.53
IND05630,Madhya Pradesh,Black,Cotton,33.9,6.8,30.5,284.8,63.6,11.8,19-09-2024,22-12-2024,94,0.83
IND05631,Karnataka,Red,Millet,28.8,7.4,34.6,84.6,59.7,19.4,25-11-2024,04-03-2025,99,0.59
IND05632,Odisha,Alluvial,Maize,43.7,7,31.2,151,62,20.9,16-11-2024,22-04-2025,157,0.58
IND05633,Bihar,Alluvial,Wheat,43.8,6.5,30.8,223.3,65.9,0,06-06-2024,03-09-2024,89,0.61
IND05634,Telangana,Black,Cotton,27.6,6.3,34.1,44,47.4,17,01-11-2024,30-01-2025,90,0.9
IND05635,Karnataka,Laterite,Rice,17,6.1,19.8,61.4,74.2,19.4,09-10-2024,18-01-2025,101,0.56
IND05636,Odisha,Laterite,Groundnut,17.1,6.5,20.3,116.8,61.2,14.7,25-04-2024,24-08-2024,121,0.59
IND05637,Gujarat,Alluvial,Maize,44.8,7.3,33.1,119.7,82.5,9.6,15-09-2024,15-12-2024,91,0.61
IND05638,West Bengal,Alluvial,Wheat,44.2,6.7,39.5,27.2,65.9,19.6,09-01-2024,29-04-2024,111,0.65
IND05639,Gujarat,Black,Sugarcane,30.5,7.4,28.9,76,88.3,5.3,11-12-2024,15-05-2025,155,0.56
IND05640,Karnataka,Red,Millet,31.8,6.6,26.3,132.2,81.5,2.3,15-05-2024,10-10-2024,148,0.73
IND05641,Haryana,Alluvial,Sugarcane,20.4,6.2,26.8,154.9,84.3,19.9,25-02-2024,22-05-2024,87,0.62
IND05642,Tamil Nadu,Laterite,Groundnut,27.5,7.4,33.2,295.5,52.2,1.2,18-06-2024,17-11-2024,152,0.72
IND05643,Kerala,Laterite,Rice,20.6,7.5,40,127.8,69,17.8,10-07-2024,15-11-2024,128,0.83
IND05644,Maharashtra,Laterite,Rice,29.2,7.3,23,124.6,71.6,13.9,21-11-2024,23-03-2025,122,0.83
IND05645,Karnataka,Red,Millet,41.5,6.3,33.6,186.9,80.3,0,23-02-2024,21-05-2024,88,0.86
IND05646,Maharashtra,Red,Groundnut,40.2,6.1,33.1,269.4,74.6,0,22-08-2024,21-11-2024,91,0.44
IND05647,Kerala,Laterite,Groundnut,31,7.7,32.5,125.9,89.5,16,25-08-2024,19-12-2024,116,0.81
IND05648,Telangana,Red,Groundnut,21.3,7.5,36.8,291.4,51.6,0,22-08-2024,23-11-2024,93,0.83
IND05649,Odisha,Laterite,Groundnut,38.6,6.4,23.1,41.2,89,31.8,16-07-2024,18-11-2024,125,0.84
IND05650,Rajasthan,Alluvial,Rice,25.5,7,18.9,42.6,85.2,24.3,03-06-2024,07-10-2024,126,0.8
IND05651,Punjab,Alluvial,Pulses,14,6,39.5,229.3,76.1,0,10-01-2024,04-06-2024,146,0.75
IND05652,Punjab,Alluvial,Maize,33.8,7.2,33.9,98.8,46.2,0.4,01-09-2024,27-01-2025,148,0.56
IND05653,Bihar,Alluvial,Pulses,14.3,6.9,31.1,203.7,63,7.7,03-06-2024,22-10-2024,141,0.7
IND05654,Punjab,Alluvial,Sugarcane,41.1,7,33.3,69.4,83.1,9.1,01-10-2024,02-02-2025,124,0.59
IND05655,Telangana,Black,Sugarcane,28.6,6.2,32.8,215.9,76.4,26.6,19-03-2024,12-06-2024,85,0.68
IND05656,Punjab,Alluvial,Maize,13.5,6.9,22.8,160.8,88,20.8,15-01-2024,20-05-2024,126,0.8
IND05657,Punjab,Alluvial,Pulses,19.1,7.6,21.6,295.9,57,25.5,21-08-2024,24-11-2024,95,0.37
IND05658,Odisha,Laterite,Rice,23.1,6,35.7,136.9,49,17.9,23-10-2024,12-02-2025,112,0.63
IND05659,Odisha,Alluvial,Rice,33.7,7.3,33.6,279.3,85.4,8.4,25-07-2024,03-11-2024,101,0.42
IND05660,Karnataka,Laterite,Groundnut,28.5,7.7,35.5,293.9,50.1,0,25-04-2024,16-08-2024,113,0.41
IND05661,Bihar,Alluvial,Rice,44.1,6.2,21.4,61.3,73.8,29.2,08-03-2024,06-08-2024,151,0.55
IND05662,Kerala,Laterite,Groundnut,25.9,7.7,34,195.1,77.4,10.8,19-11-2024,15-02-2025,88,0.9
IND05663,Odisha,Alluvial,Maize,39.1,6.9,19.6,65.7,55.6,4,12-08-2024,14-01-2025,155,0.63
IND05664,Tamil Nadu,Laterite,Rice,27.6,7.5,35,270.9,60,0.6,13-03-2024,11-06-2024,90,0.59
IND05665,West Bengal,Laterite,Groundnut,36,7.7,37.3,278.4,72.7,9.4,12-09-2024,16-12-2024,95,0.63
IND05666,Karnataka,Black,Cotton,16.1,6.9,36.7,264.7,81,17.8,23-02-2024,27-07-2024,155,0.74
IND05667,Maharashtra,Red,Pulses,14.1,6.5,31.2,220.8,40.9,9.3,03-07-2024,02-12-2024,152,0.35
IND05668,Kerala,Laterite,Groundnut,36.3,6,28.8,139.9,61.1,20.6,22-10-2024,07-03-2025,136,0.72
IND05669,Karnataka,Black,Cotton,19.1,7.6,35.2,272.3,59.2,25.6,21-11-2024,22-03-2025,121,0.63
IND05670,Maharashtra,Laterite,Groundnut,21.2,7.8,31.1,73.1,67.1,28.5,14-09-2024,19-12-2024,96,0.39
IND05671,Madhya Pradesh,Red,Groundnut,17.4,6,24.3,111.9,55.4,9,25-01-2024,28-05-2024,124,0.53
IND05672,Bihar,Alluvial,Wheat,29.9,6.7,25.4,244.7,51.1,20.6,03-06-2024,28-10-2024,147,0.9
IND05673,Odisha,Laterite,Rice,18.8,7.7,29.6,195.9,76.7,29.1,07-07-2024,01-12-2024,147,0.37
IND05674,Uttar Pradesh,Alluvial,Pulses,26.5,6.8,34.3,102.9,65.1,15.6,14-02-2024,14-06-2024,121,0.52
IND05675,Karnataka,Laterite,Rice,43.4,6.9,37.2,196.1,83.7,15.1,14-08-2024,12-11-2024,90,0.44
IND05676,Gujarat,Alluvial,Rice,21.4,7.2,39.6,138.5,56,5.3,07-05-2024,04-08-2024,89,0.84
IND05677,Maharashtra,Black,Wheat,34.1,7,36.2,110.5,41,34.4,03-01-2024,29-04-2024,117,0.43
IND05678,Haryana,Alluvial,Rice,28.1,6.6,24.8,276,77.8,0,03-07-2024,16-11-2024,136,0.44
IND05679,Tamil Nadu,Black,Wheat,23.6,6.8,32,128,82,31,24-11-2024,19-04-2025,146,0.81
IND05680,Telangana,Black,Cotton,28.7,7.1,34.4,155.6,53.1,27,13-07-2024,22-11-2024,132,0.73
IND05681,Bihar,Alluvial,Sugarcane,35.2,7.7,26.5,268.1,77,18.3,12-03-2024,15-06-2024,95,0.37
IND05682,West Bengal,Alluvial,Pulses,44.1,7.4,33,244.8,82.9,14.2,05-04-2024,02-09-2024,150,0.47
IND05683,Madhya Pradesh,Black,Wheat,42.6,6.5,39.8,188.9,59.9,14.9,19-06-2024,30-09-2024,103,0.61
IND05684,Telangana,Black,Sugarcane,19.2,6.4,33.1,57.2,70.9,40.3,11-05-2024,14-09-2024,126,0.39
IND05685,Kerala,Laterite,Groundnut,18.6,7,31.4,200.1,80,1.1,11-03-2024,01-08-2024,143,0.38
IND05686,Maharashtra,Black,Wheat,32.1,7.4,21,30.5,46.9,7.5,15-07-2024,14-12-2024,152,0.44
IND05687,Andhra Pradesh,Black,Sugarcane,16.5,7.5,37.4,180.1,84,17.6,15-05-2024,25-09-2024,133,0.74
IND05688,Gujarat,Alluvial,Wheat,31.1,6.5,33,50.5,60,15.5,15-11-2024,24-04-2025,160,0.72
IND05689,Karnataka,Laterite,Rice,44.6,6.4,20.2,242.9,47.1,0,21-07-2024,22-10-2024,93,0.41
IND05690,Bihar,Alluvial,Rice,28.4,6.4,37.6,104.3,55.1,3.2,06-05-2024,15-09-2024,132,0.36
IND05691,Kerala,Laterite,Rice,25.5,6.4,21,121.9,86.4,16.3,11-03-2024,06-06-2024,87,0.48
IND05692,Rajasthan,Desert,Millet,25.2,6.6,29.5,20.8,64.4,31.6,22-07-2024,04-11-2024,105,0.72
IND05693,Haryana,Alluvial,Wheat,35.4,7.5,34.5,25.3,87.9,10.8,06-04-2024,21-07-2024,106,0.5
IND05694,Punjab,Alluvial,Sugarcane,20.6,6,29.6,241.2,44.6,5.9,15-12-2024,27-03-2025,102,0.6
IND05695,Telangana,Red,Groundnut,41.3,7.1,33.3,124.3,54.4,11.5,13-12-2024,24-03-2025,101,0.39
IND05696,Odisha,Laterite,Groundnut,18.6,6.7,19.2,191.3,58.2,3.1,16-06-2024,23-11-2024,160,0.55
IND05697,Tamil Nadu,Red,Millet,45,7.1,18.8,63.3,54.8,30.2,12-11-2024,26-03-2025,134,0.48
IND05698,Odisha,Alluvial,Sugarcane,24.3,6.5,25.9,27.6,81.5,17,03-10-2024,08-03-2025,156,0.66
IND05699,Rajasthan,Alluvial,Sugarcane,14.1,7.6,37.7,127.2,73.9,10.2,25-10-2024,30-01-2025,97,0.53
IND05700,Andhra Pradesh,Black,Cotton,27.1,7.2,36.7,215.8,74.4,10.2,25-02-2024,21-07-2024,147,0.88
IND05701,Bihar,Alluvial,Sugarcane,35.2,6.1,30.2,191.3,54.6,0.1,10-02-2024,28-05-2024,108,0.7
IND05702,Rajasthan,Desert,Millet,18.7,7.8,31,263.5,83.6,17.9,15-01-2024,05-06-2024,142,0.64
IND05703,Kerala,Laterite,Groundnut,28.7,7.8,36,135.3,72.3,6.8,18-04-2024,23-08-2024,127,0.47
IND05704,Tamil Nadu,Laterite,Groundnut,18.3,6.9,25,94.4,83.1,40.3,14-03-2024,08-07-2024,116,0.89
IND05705,Gujarat,Alluvial,Wheat,35,7.2,27.2,174.1,42.8,0,06-05-2024,12-08-2024,98,0.86
IND05706,Odisha,Laterite,Groundnut,15.5,7.3,26.7,178.4,88.2,21.3,19-03-2024,10-07-2024,113,0.56
IND05707,Kerala,Laterite,Groundnut,41.6,6.6,24.3,117.9,59.4,33.9,20-06-2024,29-10-2024,131,0.45
IND05708,Bihar,Alluvial,Rice,42.8,6.6,32.4,204.1,71.8,8.1,10-07-2024,14-10-2024,96,0.48
IND05709,Bihar,Alluvial,Rice,27.4,6.5,38.1,99.3,50.5,20.9,01-05-2024,20-08-2024,111,0.8
IND05710,Maharashtra,Black,Sugarcane,16.7,6.2,20,118.3,80,37.7,22-03-2024,29-08-2024,160,0.6
IND05711,Haryana,Alluvial,Pulses,22.4,6.5,30.2,124.5,40.1,9.1,01-08-2024,25-12-2024,146,0.82
IND05712,Maharashtra,Laterite,Rice,29.4,7,30.6,200.5,65,0,04-11-2024,29-03-2025,145,0.45
IND05713,Maharashtra,Red,Groundnut,33.1,6.7,34.4,154.8,52.2,19.6,22-03-2024,23-06-2024,93,0.37
IND05714,Odisha,Alluvial,Rice,38.6,6.3,32.4,277.2,46.9,0,13-11-2024,16-02-2025,95,0.74
IND05715,Maharashtra,Black,Cotton,40.9,7.1,18.1,111.4,74.2,1.7,11-05-2024,22-09-2024,134,0.88
IND05716,Andhra Pradesh,Red,Millet,13,6.4,37.7,257.3,80.9,4.9,12-01-2024,14-04-2024,93,0.83
IND05717,Punjab,Alluvial,Pulses,29.2,6.7,29.1,139.6,73.8,14.1,09-04-2024,31-08-2024,144,0.66
IND05718,Bihar,Alluvial,Rice,23,7.2,31.2,244.6,81.8,8.6,20-10-2024,17-02-2025,120,0.54
IND05719,Maharashtra,Red,Pulses,37.2,7,33.5,232,80.2,24.6,08-02-2024,18-05-2024,100,0.82
IND05720,Tamil Nadu,Laterite,Groundnut,27.3,6.6,21.3,270,87.7,0,22-03-2024,03-07-2024,103,0.44
IND05721,Tamil Nadu,Laterite,Rice,12.2,6.2,28.5,46.7,57.9,39.6,06-11-2024,13-04-2025,158,0.58
IND05722,West Bengal,Alluvial,Wheat,40.8,7.7,28.9,22,51,2.3,08-01-2024,22-05-2024,135,0.37
IND05723,Uttar Pradesh,Alluvial,Maize,28.5,6.3,34.4,28.4,82,39.2,22-09-2024,08-01-2025,108,0.42
IND05724,Madhya Pradesh,Black,Sugarcane,20.3,7.7,30.9,110.7,61.3,40.1,17-12-2024,08-04-2025,112,0.45
IND05725,Tamil Nadu,Red,Maize,30.5,6.8,34,226.8,80.8,0,19-02-2024,10-07-2024,142,0.64
IND05726,Gujarat,Black,Sugarcane,17,6.2,23.2,47.3,77,17.4,20-11-2024,07-03-2025,107,0.6
IND05727,Bihar,Alluvial,Maize,18,6.8,27.5,65.1,56.9,21.8,05-01-2024,07-06-2024,154,0.86
IND05728,Telangana,Black,Sugarcane,42.3,7.4,19.4,284.8,42.1,0,04-11-2024,10-04-2025,157,0.76
IND05729,Haryana,Alluvial,Pulses,25.5,7.5,33.9,269.8,57.2,0,13-11-2024,23-03-2025,130,0.84
IND05730,Bihar,Alluvial,Rice,12.7,6.9,36.5,112.4,73.2,30.3,12-05-2024,16-08-2024,96,0.45
IND05731,Maharashtra,Laterite,Groundnut,20,6.1,35.8,256.9,63.5,29.9,02-09-2024,26-01-2025,146,0.48
IND05732,Tamil Nadu,Red,Millet,25.2,6.4,34.4,175.9,83.3,11.5,06-11-2024,03-03-2025,117,0.38
IND05733,Gujarat,Black,Sugarcane,39.7,7,31.2,262.5,67,0,04-06-2024,07-11-2024,156,0.7
IND05734,Haryana,Alluvial,Pulses,24.7,6.7,18.1,54.6,54.2,28.5,14-03-2024,21-07-2024,129,0.5
IND05735,Kerala,Laterite,Rice,36.7,7.7,34.7,106.3,75,0,12-03-2024,29-07-2024,139,0.55
IND05736,Kerala,Laterite,Rice,39.2,7.7,33.3,36.4,85.4,14.8,16-03-2024,19-06-2024,95,0.85
IND05737,West Bengal,Laterite,Groundnut,22.5,6.2,20.4,121.1,66.4,8.1,07-06-2024,26-09-2024,111,0.81
IND05738,Madhya Pradesh,Black,Sugarcane,43.8,7.3,32.4,188.9,47.6,0,19-10-2024,03-03-2025,135,0.67
IND05739,Kerala,Laterite,Groundnut,19.5,7.3,25.3,92.8,43.9,34.6,01-12-2024,20-04-2025,140,0.66
IND05740,Odisha,Laterite,Rice,41.2,6.4,26.2,190.9,57.5,26.1,09-08-2024,24-12-2024,137,0.55
IND05741,Karnataka,Laterite,Groundnut,35.5,7.4,20.6,39.4,64.4,14.6,01-11-2024,28-02-2025,119,0.82
IND05742,Kerala,Laterite,Groundnut,34.1,6.2,25.1,168,67.4,2.2,14-12-2024,14-05-2025,151,0.44
IND05743,Maharashtra,Black,Cotton,17.6,6.5,27.4,109.7,53.7,14.1,06-02-2024,23-05-2024,107,0.82
IND05744,Kerala,Laterite,Groundnut,25.6,7.3,26,130.5,75.3,21.1,23-09-2024,12-01-2025,111,0.62
IND05745,Haryana,Alluvial,Rice,19.6,7.1,24.2,202.7,70.9,35.6,10-09-2024,11-02-2025,154,0.4
IND05746,West Bengal,Alluvial,Sugarcane,38,7,38.9,296.2,79,0,23-03-2024,03-08-2024,133,0.67
IND05747,Haryana,Alluvial,Maize,44.4,7.4,19.2,270.9,65.5,0,16-06-2024,08-11-2024,145,0.85
IND05748,Rajasthan,Desert,Millet,35.7,7.2,34.6,22.8,60.6,5.1,24-03-2024,19-08-2024,148,0.8
IND05749,Telangana,Black,Wheat,33.6,7.3,39,55.4,69.6,12.2,08-06-2024,16-10-2024,130,0.8
IND05750,Gujarat,Black,Cotton,19.9,7.5,18.4,89.7,52.8,25,19-01-2024,07-05-2024,109,0.85
IND05751,Bihar,Alluvial,Maize,44.9,7.7,38,156.6,60.2,0,25-07-2024,11-12-2024,139,0.79
IND05752,Maharashtra,Laterite,Groundnut,41.6,6,20.5,261.6,65.5,17.7,20-10-2024,19-02-2025,122,0.55
IND05753,Punjab,Alluvial,Sugarcane,41.8,7.3,29.6,121.2,58,8,09-01-2024,08-06-2024,151,0.55
IND05754,Gujarat,Alluvial,Wheat,38.5,6.6,20.9,96.6,83.5,34.3,15-03-2024,30-06-2024,107,0.53
IND05755,Andhra Pradesh,Red,Pulses,13,6.8,19.4,103.7,82.4,31.7,23-11-2024,30-04-2025,158,0.82
IND05756,Telangana,Black,Cotton,24.2,6.7,29.7,186.5,88.3,6.8,25-05-2024,19-10-2024,147,0.58
IND05757,West Bengal,Alluvial,Pulses,42.9,6.2,19.7,208,58.7,6.2,11-11-2024,20-02-2025,101,0.83
IND05758,Madhya Pradesh,Black,Wheat,28.1,7.4,34.1,227.9,61,9.2,14-02-2024,11-06-2024,118,0.65
IND05759,Tamil Nadu,Red,Maize,30,6.2,22.7,299.1,56.3,16.6,11-12-2024,09-03-2025,88,0.57
IND05760,Odisha,Laterite,Rice,38,6.5,22.3,100.2,78.5,22.4,13-10-2024,06-03-2025,144,0.75
IND05761,Odisha,Alluvial,Rice,36,7.6,36,63.2,63.7,31.6,01-07-2024,26-10-2024,117,0.52
IND05762,Uttar Pradesh,Alluvial,Rice,19.8,7.5,35.5,209.1,44.9,26.8,24-09-2024,01-01-2025,99,0.73
IND05763,Haryana,Alluvial,Rice,36.5,6.9,32.8,124.1,49.3,25.2,06-02-2024,12-05-2024,96,0.53
IND05764,Tamil Nadu,Laterite,Rice,13.9,6.4,39.7,203.1,53.3,23.4,19-08-2024,06-12-2024,109,0.57
IND05765,Telangana,Black,Wheat,33.7,7.4,23.9,81.9,88.8,33.5,17-09-2024,30-12-2024,104,0.56
IND05766,Andhra Pradesh,Red,Pulses,21.7,7.4,23,206.3,47.3,8.7,19-10-2024,10-02-2025,114,0.78
IND05767,Karnataka,Red,Millet,18.9,7.8,33.1,81.1,78.9,6.2,04-06-2024,14-09-2024,102,0.74
IND05768,Uttar Pradesh,Alluvial,Wheat,35,6.6,33,183.6,86.4,0,25-11-2024,19-03-2025,114,0.73
IND05769,Tamil Nadu,Laterite,Groundnut,42.5,6.1,22.1,163.9,69.1,14.9,14-08-2024,03-01-2025,142,0.73
IND05770,Punjab,Alluvial,Pulses,23.5,7.5,21.8,53.4,79,21.5,07-06-2024,08-10-2024,123,0.68
IND05771,Bihar,Alluvial,Sugarcane,16.6,6.8,23.1,221.4,64.1,23,23-10-2024,09-03-2025,137,0.82
IND05772,Madhya Pradesh,Red,Maize,21.6,6.3,18.3,214.6,80.9,0,19-05-2024,17-08-2024,90,0.83
IND05773,Telangana,Red,Maize,34.2,7.4,30.2,261.7,44.4,11.3,10-03-2024,24-07-2024,136,0.63
IND05774,Kerala,Laterite,Rice,24.2,6.6,28.8,120.8,78.9,29.9,19-02-2024,24-07-2024,156,0.44
IND05775,Punjab,Alluvial,Maize,42.1,6.6,28.1,273.9,69,0,08-10-2024,25-02-2025,140,0.88
IND05776,Telangana,Red,Millet,23.4,7.3,34.2,202.3,88.6,0,11-03-2024,06-06-2024,87,0.77
IND05777,Punjab,Alluvial,Wheat,37.7,6.1,37.8,145.5,51.1,16.4,18-10-2024,23-02-2025,128,0.48
IND05778,Haryana,Alluvial,Maize,15.2,6.7,33,83.9,66.5,30.4,08-04-2024,06-07-2024,89,0.38
IND05779,Rajasthan,Alluvial,Maize,36.5,6.1,33.5,142.6,54.5,1.1,20-05-2024,22-10-2024,155,0.54
IND05780,Karnataka,Black,Wheat,23.5,7.8,38.2,39,76.4,32.8,13-01-2024,04-06-2024,143,0.6
IND05781,Rajasthan,Alluvial,Sugarcane,26.3,7.1,23.6,68.5,67.4,30.1,07-10-2024,03-01-2025,88,0.86
IND05782,Gujarat,Black,Sugarcane,16.4,6.1,34.3,286.2,62.2,18.8,19-05-2024,19-10-2024,153,0.47
IND05783,Maharashtra,Red,Groundnut,27.8,6.4,20.1,140.7,62,9.4,12-05-2024,11-09-2024,122,0.63
IND05784,Punjab,Alluvial,Sugarcane,28.7,6.1,36.5,179.7,71.3,33.6,19-11-2024,22-03-2025,123,0.54
IND05785,Odisha,Alluvial,Pulses,27.2,7.2,19.3,263.4,56.3,0,16-10-2024,18-02-2025,125,0.65
IND05786,Kerala,Laterite,Groundnut,21.3,7.6,18.7,227,56.5,30.9,08-03-2024,18-07-2024,132,0.41
IND05787,Kerala,Laterite,Rice,43.8,6.9,21.1,296.6,59.2,0,19-07-2024,21-12-2024,155,0.59
IND05788,Madhya Pradesh,Black,Sugarcane,30.6,6.6,34.3,195.5,42.1,6.6,22-06-2024,06-10-2024,106,0.88
IND05789,Karnataka,Red,Millet,37.7,6.7,34.6,275.9,79.3,20.1,01-06-2024,04-11-2024,156,0.58
IND05790,Tamil Nadu,Black,Wheat,27.4,6.6,20,200.5,44.3,21.4,21-02-2024,26-06-2024,126,0.84
IND05791,Kerala,Laterite,Rice,18.4,7.4,35.1,103.3,48.6,44,15-05-2024,21-09-2024,129,0.36
IND05792,Kerala,Laterite,Rice,30.5,6.9,31.1,167,65.8,6.9,13-06-2024,23-10-2024,132,0.53
IND05793,Rajasthan,Alluvial,Rice,23.2,7.6,39.1,264.6,87.2,12.8,01-02-2024,03-05-2024,92,0.8
IND05794,Haryana,Alluvial,Pulses,27.1,7.3,36.5,164.2,78.6,31.9,10-12-2024,11-04-2025,122,0.69
IND05795,Uttar Pradesh,Alluvial,Rice,19.4,6.3,37.2,297.1,88.9,0,16-11-2024,08-03-2025,112,0.86
IND05796,Bihar,Alluvial,Sugarcane,12.2,6.2,25,40.4,75.1,45,06-07-2024,02-10-2024,88,0.86
IND05797,Andhra Pradesh,Black,Wheat,29.2,6.2,19.4,127.4,47.2,33.6,02-07-2024,01-10-2024,91,0.42
IND05798,Odisha,Alluvial,Pulses,36.7,6.3,38.2,266.9,60.1,23.4,11-12-2024,30-04-2025,140,0.38
IND05799,Haryana,Alluvial,Pulses,22.9,6.8,29.3,177.3,42.1,0,02-10-2024,31-01-2025,121,0.62
IND05800,Madhya Pradesh,Black,Cotton,40.2,7.6,35.9,296,79.2,0,10-11-2024,04-03-2025,114,0.4
IND05801,Andhra Pradesh,Black,Cotton,27.3,6.4,30.9,227.3,76.5,13.7,11-03-2024,08-08-2024,150,0.66
IND05802,Kerala,Laterite,Rice,20.7,6.2,18.8,281.3,77.7,0,21-07-2024,25-12-2024,157,0.76
IND05803,Tamil Nadu,Laterite,Rice,36,6.2,18.5,134.3,47.1,26.7,04-12-2024,28-04-2025,145,0.53
IND05804,Haryana,Alluvial,Sugarcane,15.3,6,30.7,89.4,65.8,32.9,01-04-2024,01-08-2024,122,0.45
IND05805,Telangana,Black,Cotton,36.5,6.1,22.6,67.6,75,7.2,01-06-2024,01-11-2024,153,0.72
IND05806,Karnataka,Black,Sugarcane,43,6.7,28.7,57,75.6,3.5,05-01-2024,09-04-2024,95,0.72
IND05807,Bihar,Alluvial,Wheat,16,6.2,34,226.2,73.2,32.4,01-06-2024,16-09-2024,107,0.78
IND05808,Rajasthan,Alluvial,Maize,32,6.4,20.4,105.1,70.5,31.1,09-04-2024,07-07-2024,89,0.67
IND05809,Punjab,Alluvial,Maize,27.8,6.8,21.4,134.7,82,24.8,09-12-2024,29-04-2025,141,0.53
IND05810,Maharashtra,Black,Wheat,19.6,6.2,30.2,32.8,40.1,25.1,13-10-2024,11-01-2025,90,0.43
IND05811,West Bengal,Laterite,Rice,39.3,6.8,36.5,283.4,75.2,0,09-01-2024,26-05-2024,138,0.81
IND05812,Kerala,Laterite,Groundnut,22.3,6.6,39,185.7,75.5,29.6,14-02-2024,15-06-2024,122,0.5
IND05813,Punjab,Alluvial,Pulses,22.3,7.1,32.1,59.4,55.4,11.9,24-04-2024,15-08-2024,113,0.53
IND05814,Rajasthan,Alluvial,Maize,21.8,6,21.1,139.4,48.8,23.7,05-02-2024,14-05-2024,99,0.36
IND05815,Bihar,Alluvial,Sugarcane,22.5,6.4,28.4,193.5,62.1,9.1,02-01-2024,30-05-2024,149,0.82
IND05816,Uttar Pradesh,Alluvial,Pulses,25.5,6.7,24,210.4,43.6,0,04-07-2024,02-10-2024,90,0.76
IND05817,Gujarat,Black,Wheat,33,6.6,33.3,22,80.7,11.2,17-09-2024,21-12-2024,95,0.46
IND05818,Gujarat,Black,Sugarcane,31.6,6.9,37.1,253.4,49.4,12.1,02-12-2024,14-04-2025,133,0.66
IND05819,West Bengal,Alluvial,Sugarcane,14.6,7,35.6,115.9,56.2,35.5,24-06-2024,21-11-2024,150,0.55
IND05820,Haryana,Alluvial,Rice,14.2,6.9,28.6,178.2,77.3,28.9,24-12-2024,28-04-2025,125,0.65
IND05821,Rajasthan,Alluvial,Sugarcane,21.5,6.3,35.8,75.2,54.3,7,05-01-2024,02-04-2024,88,0.59
IND05822,Karnataka,Black,Cotton,31.4,6.7,27.3,244.7,69.3,0,04-03-2024,25-06-2024,113,0.39
IND05823,Tamil Nadu,Red,Maize,29.2,7.3,22.5,187.2,46.3,4.5,06-07-2024,22-11-2024,139,0.63
IND05824,West Bengal,Alluvial,Rice,26.9,7,19.2,224.7,52.4,20,11-04-2024,29-07-2024,109,0.46
IND05825,Odisha,Laterite,Groundnut,29.7,6.8,34.8,49.4,68.1,12.7,25-07-2024,15-11-2024,113,0.54
IND05826,Andhra Pradesh,Black,Wheat,24.1,6.3,25.7,127.3,74.1,2.9,13-05-2024,12-10-2024,152,0.63
IND05827,Kerala,Laterite,Rice,22,7.8,32.4,241,42.9,0.9,25-06-2024,21-11-2024,149,0.55
IND05828,Andhra Pradesh,Black,Wheat,23.3,6.5,23.8,279.5,43.9,11.9,06-03-2024,06-07-2024,122,0.56
IND05829,Bihar,Alluvial,Sugarcane,14.5,7.3,22.1,267.8,84.7,0,07-09-2024,25-12-2024,109,0.67
IND05830,Maharashtra,Laterite,Rice,28.4,6,26.3,272.9,88.6,0,07-10-2024,11-01-2025,96,0.4
IND05831,Haryana,Alluvial,Pulses,31.7,6.5,32.9,176.8,63.2,13.5,18-04-2024,24-08-2024,128,0.82
IND05832,Tamil Nadu,Laterite,Rice,23.9,7.6,20.2,70,62.9,10,03-12-2024,15-04-2025,133,0.89
IND05833,Gujarat,Black,Sugarcane,12.3,6.3,18.5,157.8,57.1,28.7,11-03-2024,11-08-2024,153,0.83
IND05834,Haryana,Alluvial,Maize,43.7,7.2,19.5,87,60.2,31.9,23-06-2024,20-11-2024,150,0.78
IND05835,Haryana,Alluvial,Pulses,33.4,7.4,18,184.4,74.3,31.3,21-10-2024,11-03-2025,141,0.61
IND05836,Maharashtra,Black,Wheat,27.8,7.3,24,253.4,69,8.2,20-10-2024,26-02-2025,129,0.68
IND05837,Kerala,Laterite,Rice,29.6,6.8,18.6,30.7,51.9,7.6,08-11-2024,03-03-2025,115,0.38
IND05838,Maharashtra,Black,Wheat,42.7,7.8,26.1,196.5,89.2,0,03-12-2024,29-03-2025,116,0.39
IND05839,Uttar Pradesh,Alluvial,Sugarcane,42.2,6.2,39.8,235,71.8,0,14-08-2024,16-12-2024,124,0.56
IND05840,Maharashtra,Red,Groundnut,25.2,6.6,26,287.5,56.5,4.9,24-01-2024,20-05-2024,117,0.51
IND05841,Rajasthan,Desert,Millet,36.7,7.5,37.9,284.4,68.6,0,20-04-2024,26-08-2024,128,0.62
IND05842,Karnataka,Black,Wheat,23.3,7,27.6,229.7,74.9,16.1,08-10-2024,07-03-2025,150,0.68
IND05843,West Bengal,Laterite,Groundnut,15.1,7.2,21.6,179.7,74.5,27.7,01-11-2024,09-03-2025,128,0.75
IND05844,Uttar Pradesh,Alluvial,Pulses,34.1,7.1,32.7,42.9,44.1,39.6,24-11-2024,25-02-2025,93,0.71
IND05845,Tamil Nadu,Black,Wheat,30.8,6.8,31.2,101,64.6,7.4,19-07-2024,25-12-2024,159,0.4
IND05846,Rajasthan,Alluvial,Pulses,23.1,6.7,37.6,206.9,87.1,13.7,14-12-2024,17-03-2025,93,0.9
IND05847,Andhra Pradesh,Black,Wheat,36.9,7.1,18.6,91.3,48.9,1.7,12-11-2024,06-02-2025,86,0.58
IND05848,Maharashtra,Laterite,Groundnut,14.4,6.6,28.8,217.5,68.6,4.2,10-04-2024,20-08-2024,132,0.73
IND05849,Bihar,Alluvial,Pulses,32,7.3,34.2,248.2,45.2,15.8,21-03-2024,07-08-2024,139,0.54
IND05850,Karnataka,Black,Wheat,31.6,6.1,38.1,161,45.4,0,10-04-2024,11-08-2024,123,0.69
IND05851,Gujarat,Alluvial,Pulses,31.6,7.8,30.1,266.2,72.2,25,19-10-2024,25-02-2025,129,0.83
IND05852,Rajasthan,Desert,Millet,30.1,7.6,34.7,294.9,61.4,0,04-01-2024,05-06-2024,153,0.85
IND05853,Odisha,Alluvial,Rice,12.8,6.3,22,142.5,78.2,18.8,22-04-2024,27-07-2024,96,0.46
IND05854,Bihar,Alluvial,Pulses,33.4,6.5,27.1,93.5,77.2,32.5,15-09-2024,25-01-2025,132,0.6
IND05855,West Bengal,Alluvial,Wheat,33.7,7.2,30.9,232.3,77.2,0,22-10-2024,05-02-2025,106,0.8
IND05856,Uttar Pradesh,Alluvial,Sugarcane,26.7,7.8,24.1,117.2,78.5,9.2,19-12-2024,04-05-2025,136,0.74
IND05857,Tamil Nadu,Red,Millet,28.8,6.3,19.1,27.4,55.9,43.2,08-03-2024,11-08-2024,156,0.48
IND05858,Bihar,Alluvial,Rice,29.7,7.3,34,269.7,80,19.9,08-11-2024,14-02-2025,98,0.49
IND05859,Andhra Pradesh,Red,Pulses,36.5,6.8,37.7,73.6,78,5.4,06-01-2024,26-05-2024,141,0.51
IND05860,Odisha,Alluvial,Maize,36.5,7,34.8,259,80.4,4.2,19-01-2024,25-05-2024,127,0.56
IND05861,Tamil Nadu,Black,Sugarcane,31.8,7.1,21.1,48.5,55.6,19,02-11-2024,12-02-2025,102,0.62
IND05862,Odisha,Alluvial,Maize,37.3,6.4,34.2,257.8,63.2,0.7,14-10-2024,19-02-2025,128,0.36
IND05863,Odisha,Alluvial,Maize,13.1,6.4,28.9,128.8,84.9,29.9,22-02-2024,01-06-2024,100,0.64
IND05864,Rajasthan,Alluvial,Rice,24.2,7.7,36.5,42.9,82.2,25.9,07-10-2024,30-01-2025,115,0.51
IND05865,Maharashtra,Red,Pulses,40.6,6.2,31.4,130.2,64.3,32.4,06-02-2024,01-05-2024,85,0.73
IND05866,Haryana,Alluvial,Rice,25.3,6.4,38.4,132.6,43.5,11.1,20-06-2024,13-11-2024,146,0.54
IND05867,Madhya Pradesh,Black,Wheat,31.3,7.2,33.3,297.1,69.9,0,16-09-2024,10-12-2024,85,0.57
IND05868,Uttar Pradesh,Alluvial,Sugarcane,28.2,6.5,27.3,32.3,53.9,40.2,06-03-2024,13-06-2024,99,0.86
IND05869,Telangana,Black,Wheat,43.6,7.1,38.3,198.1,83.7,7,25-09-2024,31-01-2025,128,0.66
IND05870,Kerala,Laterite,Rice,40.4,6.9,35.1,182,77.1,20.7,11-09-2024,02-01-2025,113,0.43
IND05871,Maharashtra,Laterite,Groundnut,42.3,6.5,39.7,81.5,73.3,32.8,11-11-2024,05-04-2025,145,0.85
IND05872,Rajasthan,Desert,Millet,39.8,6.3,26.3,90.2,48.5,26.3,20-03-2024,20-06-2024,92,0.87
IND05873,Andhra Pradesh,Black,Wheat,23.8,7.4,18.1,24.6,49.2,32.3,04-07-2024,07-11-2024,126,0.87
IND05874,Rajasthan,Desert,Millet,31.3,7.6,35.8,267.6,55.2,5.6,08-12-2024,07-03-2025,89,0.74
IND05875,Punjab,Alluvial,Sugarcane,18.5,7.1,30.7,209.5,51.6,1.2,16-02-2024,02-07-2024,137,0.86
IND05876,Bihar,Alluvial,Sugarcane,40.4,6.5,28.1,134.9,78.4,8.6,08-10-2024,02-03-2025,145,0.36
IND05877,Kerala,Laterite,Groundnut,17.5,7.4,23.7,128.5,82.7,4.2,24-10-2024,25-02-2025,124,0.48
IND05878,Haryana,Alluvial,Maize,28.8,6.2,23.9,121,54.7,20.3,08-10-2024,05-02-2025,120,0.66
IND05879,Karnataka,Black,Sugarcane,30.1,7.5,36.7,163.3,53.2,3.5,14-12-2024,08-05-2025,145,0.83
IND05880,Kerala,Laterite,Rice,24.9,6.9,29.8,40.2,48.5,17.3,18-03-2024,25-06-2024,99,0.68
IND05881,Rajasthan,Alluvial,Wheat,16.4,7,19.8,228.6,71.2,31.3,17-07-2024,21-12-2024,157,0.88
IND05882,West Bengal,Alluvial,Sugarcane,26.5,7.7,19.1,84.1,63.5,35.2,15-03-2024,02-08-2024,140,0.89
IND05883,Tamil Nadu,Black,Cotton,20,7.3,30.1,82.8,48.3,34.4,12-07-2024,17-11-2024,128,0.89
IND05884,Punjab,Alluvial,Pulses,18.5,6.9,31.3,21.2,84.1,36,12-03-2024,28-06-2024,108,0.72
IND05885,Maharashtra,Laterite,Groundnut,35.7,7.5,36.7,216.8,48.1,20.5,17-03-2024,17-07-2024,122,0.45
IND05886,Uttar Pradesh,Alluvial,Sugarcane,44.6,6.2,31,184.7,57.8,0,12-01-2024,03-06-2024,143,0.51
IND05887,Maharashtra,Black,Sugarcane,24.2,6.7,29.5,169.4,65.5,9.3,07-05-2024,18-08-2024,103,0.51
IND05888,Kerala,Laterite,Rice,39.2,6,23.1,246.2,74.4,16.4,19-10-2024,05-02-2025,109,0.36
IND05889,Gujarat,Black,Sugarcane,14.7,6.9,29.2,178.6,51.6,19.1,09-03-2024,20-06-2024,103,0.4
IND05890,Odisha,Laterite,Rice,13.8,6.6,22.1,153.5,48.3,23.6,16-05-2024,12-08-2024,88,0.61
IND05891,Rajasthan,Alluvial,Rice,30.3,6.1,35.2,211,77.2,24.4,22-03-2024,19-06-2024,89,0.76
IND05892,Rajasthan,Desert,Millet,20.1,7.5,26.4,173,55.9,4.8,11-02-2024,02-07-2024,142,0.46
IND05893,Kerala,Laterite,Rice,20.9,7.7,27,148,57,39.4,23-12-2024,11-04-2025,109,0.74
IND05894,Gujarat,Alluvial,Rice,22.3,6.8,36.2,145.1,55.1,9.9,01-06-2024,19-09-2024,110,0.83
IND05895,Gujarat,Black,Wheat,36.7,7.4,20.9,134.2,55,22.3,12-08-2024,11-11-2024,91,0.66
IND05896,Telangana,Red,Pulses,26.3,6.7,22.6,163.7,67.7,11.2,15-02-2024,25-05-2024,100,0.87
IND05897,Bihar,Alluvial,Maize,14.1,7.2,29.9,233.3,89.5,35.1,10-01-2024,28-05-2024,139,0.42
IND05898,West Bengal,Alluvial,Maize,17.5,6.3,30.5,173.3,53.6,32.7,22-10-2024,22-02-2025,123,0.71
IND05899,Karnataka,Laterite,Rice,26.7,6.4,20.4,287.3,76.2,1,12-06-2024,09-09-2024,89,0.47
IND05900,Punjab,Alluvial,Wheat,33.9,6.9,21.9,253.9,68,0,17-02-2024,20-07-2024,154,0.66
IND05901,Uttar Pradesh,Alluvial,Wheat,14.5,7.1,31.8,205,49.3,36.8,01-06-2024,10-10-2024,131,0.53
IND05902,Andhra Pradesh,Black,Wheat,26,7.6,40,170.6,42.2,4.4,04-12-2024,06-04-2025,123,0.55
IND05903,Uttar Pradesh,Alluvial,Sugarcane,15.2,6.4,28.5,201.3,47.7,6.5,08-01-2024,19-04-2024,102,0.89
IND05904,Karnataka,Black,Wheat,37.1,6.4,26.2,253.1,63.9,11.5,17-02-2024,11-07-2024,145,0.89
IND05905,Odisha,Alluvial,Sugarcane,44.2,6.8,26.6,249.1,51,14.4,15-10-2024,21-02-2025,129,0.52
IND05906,Karnataka,Red,Maize,17.5,7.7,27,35.9,75,39.1,01-11-2024,06-04-2025,156,0.35
IND05907,Odisha,Laterite,Groundnut,42.7,6.8,34.7,254,80.3,0,21-03-2024,16-08-2024,148,0.59
IND05908,Haryana,Alluvial,Maize,23.4,6,28.8,139.8,50.2,12.6,24-08-2024,01-01-2025,130,0.79
IND05909,Gujarat,Black,Cotton,24,6.7,36.8,120,83.8,2.4,13-11-2024,09-02-2025,88,0.89
IND05910,Rajasthan,Desert,Millet,24.4,6.3,31.2,194.3,65.2,8.3,02-01-2024,17-05-2024,136,0.81
IND05911,Andhra Pradesh,Black,Wheat,44.9,7.1,24.9,243.8,50.3,9.1,01-10-2024,02-02-2025,124,0.47
IND05912,Madhya Pradesh,Red,Maize,12.2,7.6,24.5,144.4,79.8,17.4,18-07-2024,12-12-2024,147,0.49
IND05913,Andhra Pradesh,Red,Pulses,28.9,7.5,20.4,286.2,58.1,2.8,21-02-2024,29-05-2024,98,0.4
IND05914,Maharashtra,Black,Sugarcane,21.7,7,32.4,71.2,48.7,22.7,12-11-2024,14-03-2025,122,0.68
IND05915,West Bengal,Alluvial,Sugarcane,22.6,6.6,38.9,271.9,62.7,0,03-04-2024,14-08-2024,133,0.46
IND05916,Haryana,Alluvial,Pulses,26.3,7.1,20.2,99.4,75,26.9,15-05-2024,02-10-2024,140,0.53
IND05917,Uttar Pradesh,Alluvial,Maize,35.8,7.3,22.9,91,52,19.2,01-08-2024,25-11-2024,116,0.44
IND05918,Gujarat,Alluvial,Rice,15,6.5,35.6,187.5,81.3,1.5,22-03-2024,31-07-2024,131,0.68
IND05919,Rajasthan,Desert,Millet,24.1,7.1,20.5,162.6,89.4,13.9,07-12-2024,17-04-2025,131,0.5
IND05920,Telangana,Red,Maize,44,6.8,25.5,241.2,88.8,0,20-11-2024,07-03-2025,107,0.41
IND05921,Karnataka,Laterite,Rice,22.6,6.8,27.2,64.1,53.6,30.2,01-11-2024,30-01-2025,90,0.41
IND05922,Telangana,Red,Groundnut,32.6,6.7,19.1,61.6,83.6,29.6,13-06-2024,10-10-2024,119,0.75
IND05923,Odisha,Alluvial,Rice,33,6.2,30.3,253.8,57,21.4,08-04-2024,27-08-2024,141,0.71
IND05924,Kerala,Laterite,Groundnut,12.6,7.4,23.1,71,74.9,23.6,18-08-2024,15-01-2025,150,0.61
IND05925,Haryana,Alluvial,Pulses,44.4,7.3,31.4,60.1,85.2,0,09-09-2024,31-12-2024,113,0.67
IND05926,Madhya Pradesh,Black,Cotton,20.2,6,29.8,247.7,40.3,21.4,16-06-2024,29-10-2024,135,0.35
IND05927,Bihar,Alluvial,Wheat,16.5,7.2,20.9,117.5,86,24.4,07-03-2024,26-06-2024,111,0.46
IND05928,Karnataka,Red,Groundnut,23.6,7.6,32.6,58.2,77.9,41,10-04-2024,07-08-2024,119,0.68
IND05929,Odisha,Alluvial,Wheat,19.6,7.7,38.9,122,52.2,40.2,22-07-2024,17-11-2024,118,0.35
IND05930,Bihar,Alluvial,Maize,38.5,6.5,35.9,186.1,69.4,12.7,02-12-2024,02-03-2025,90,0.45
IND05931,Punjab,Alluvial,Maize,27,6.1,38.8,183.5,55,20,17-06-2024,27-09-2024,102,0.63
IND05932,Gujarat,Black,Sugarcane,26,6.6,27.4,195.1,63.3,18,18-03-2024,09-08-2024,144,0.86
IND05933,West Bengal,Laterite,Rice,32.9,6.9,30.7,36.2,55.4,18.9,18-08-2024,23-12-2024,127,0.45
IND05934,Tamil Nadu,Red,Groundnut,24,6.2,27.7,39.2,50.6,10.8,19-12-2024,29-03-2025,100,0.4
IND05935,Tamil Nadu,Laterite,Rice,13,7.1,39.4,112.8,48.5,33.4,11-09-2024,13-01-2025,124,0.51
IND05936,Telangana,Black,Cotton,29.1,6.5,38.5,65.9,89.2,21,25-12-2024,12-04-2025,108,0.51
IND05937,Andhra Pradesh,Black,Cotton,33.8,7.6,19.4,131.4,73.1,0,07-01-2024,09-06-2024,154,0.53
IND05938,Kerala,Laterite,Rice,20.3,7.7,34.8,261.7,79.9,23,24-12-2024,04-04-2025,101,0.73
IND05939,Kerala,Laterite,Rice,24.4,6.6,39,75.2,47.1,24.4,04-05-2024,10-09-2024,129,0.57
IND05940,Maharashtra,Red,Maize,20.6,7.1,20.9,27.8,73.6,15,14-06-2024,16-10-2024,124,0.72
IND05941,Andhra Pradesh,Black,Sugarcane,26,6.9,20.8,288.2,47.9,0,22-01-2024,03-06-2024,133,0.56
IND05942,West Bengal,Laterite,Rice,39.4,7.2,23.3,210.7,61,20.2,04-06-2024,09-10-2024,127,0.46
IND05943,Telangana,Red,Millet,41.8,6.9,39.3,255.9,47.8,13,16-07-2024,17-10-2024,93,0.63
IND05944,Telangana,Red,Millet,22.6,7.3,18.2,143,61.2,3.4,23-06-2024,27-10-2024,126,0.84
IND05945,Andhra Pradesh,Black,Cotton,19.8,7.6,35.9,229.6,85.6,0,24-11-2024,17-02-2025,85,0.77
IND05946,Odisha,Alluvial,Sugarcane,18.8,6.8,34.8,293.4,76.9,24.1,06-07-2024,04-11-2024,121,0.43
IND05947,Uttar Pradesh,Alluvial,Maize,17.3,7.5,20.6,145.2,77.1,26.2,19-01-2024,26-04-2024,98,0.58
IND05948,Gujarat,Black,Wheat,35.9,6.3,38.5,28.9,86.9,24.6,16-12-2024,31-03-2025,105,0.48
IND05949,Madhya Pradesh,Black,Cotton,20.2,6.5,18.4,23.2,52.4,27.5,09-04-2024,30-08-2024,143,0.71
IND05950,Gujarat,Alluvial,Pulses,28.3,6.6,19,117.8,67.7,5.9,15-12-2024,10-05-2025,146,0.53
IND05951,Madhya Pradesh,Black,Sugarcane,19.6,6.8,24.9,52.5,63.9,22,02-09-2024,09-12-2024,98,0.35
IND05952,Punjab,Alluvial,Pulses,16.5,6.7,23.9,91.8,71.5,12.3,05-01-2024,30-05-2024,146,0.6
IND05953,Bihar,Alluvial,Pulses,40,7.3,34,251.6,46.8,1,22-08-2024,31-12-2024,131,0.88
IND05954,Gujarat,Black,Sugarcane,29.3,7,29.8,263.2,59.9,0,05-11-2024,22-03-2025,137,0.46
IND05955,Maharashtra,Laterite,Groundnut,43.4,6.3,36.8,269.8,56.6,19.9,01-11-2024,02-04-2025,152,0.79
IND05956,Punjab,Alluvial,Maize,22.4,6.7,30.2,153.9,82.2,22.4,09-07-2024,09-11-2024,123,0.49
IND05957,Uttar Pradesh,Alluvial,Maize,13.5,6.2,38.3,57.1,73.5,17,22-11-2024,19-04-2025,148,0.87
IND05958,Uttar Pradesh,Alluvial,Wheat,12.8,6.9,34.6,285.2,51.5,12.3,13-09-2024,21-12-2024,99,0.57
IND05959,Madhya Pradesh,Red,Maize,38.4,7.1,30.5,40.3,58.5,35.9,14-08-2024,31-12-2024,139,0.7
IND05960,Gujarat,Alluvial,Rice,42.5,7.5,21.9,239.8,70.5,7.8,24-08-2024,03-12-2024,101,0.55
IND05961,Bihar,Alluvial,Rice,17,6.2,31.8,261.5,88.6,15.6,04-04-2024,29-06-2024,86,0.48
IND05962,Kerala,Laterite,Groundnut,44.1,7.1,22.3,179.5,83.8,0.8,09-08-2024,12-12-2024,125,0.61
IND05963,Maharashtra,Black,Sugarcane,37.6,6.4,26.2,81.4,71.9,14.5,11-01-2024,05-04-2024,85,0.5
IND05964,Telangana,Black,Cotton,26.5,6.6,30.7,70.4,88,6.8,06-03-2024,17-06-2024,103,0.58
IND05965,Punjab,Alluvial,Maize,14.4,6.9,31.6,299.9,44.5,18.4,14-02-2024,18-05-2024,94,0.55
IND05966,Madhya Pradesh,Red,Groundnut,13.6,7.7,36.5,271.3,40.2,0,25-08-2024,30-11-2024,97,0.45
IND05967,Karnataka,Red,Pulses,16.3,6.2,21.9,257,57.6,9.5,05-03-2024,14-07-2024,131,0.9
IND05968,Gujarat,Black,Sugarcane,32.8,7.4,20,97,70.5,33.4,18-12-2024,09-04-2025,112,0.49
IND05969,Rajasthan,Desert,Millet,21.5,6.2,24.2,122.4,75.6,6.8,21-07-2024,20-11-2024,122,0.62
IND05970,Telangana,Black,Wheat,25.2,7.2,30.7,55.7,46.8,40.9,20-10-2024,28-03-2025,159,0.7
IND05971,Karnataka,Black,Cotton,38.6,7.7,24.7,56.9,89.4,34.6,21-10-2024,19-02-2025,121,0.5
IND05972,Odisha,Alluvial,Rice,34.3,6.9,30.4,295.2,85.4,0,07-12-2024,08-04-2025,122,0.77
IND05973,Madhya Pradesh,Red,Maize,24,7.1,29.9,167.8,76.4,7.7,15-12-2024,07-05-2025,143,0.57
IND05974,Odisha,Alluvial,Maize,23.8,7.8,19.5,112.9,41.3,17.6,24-09-2024,20-02-2025,149,0.64
IND05975,Uttar Pradesh,Alluvial,Rice,19,7.1,35.3,291.3,59,0.6,23-01-2024,28-04-2024,96,0.83
IND05976,Karnataka,Red,Millet,44.9,6.6,31.5,151.1,86.3,0,22-05-2024,15-08-2024,85,0.75
IND05977,Bihar,Alluvial,Maize,39.6,6.5,36.6,183,87.5,18.9,23-10-2024,27-03-2025,155,0.62
IND05978,Telangana,Red,Millet,34.5,6.3,36.8,100.6,43.7,7,19-10-2024,27-02-2025,131,0.87
IND05979,Rajasthan,Desert,Millet,26.7,7.3,30.5,219.6,74.4,31.2,23-05-2024,26-10-2024,156,0.56
IND05980,Andhra Pradesh,Red,Maize,26.2,6.4,24,207.6,60.4,0,12-06-2024,31-10-2024,141,0.87
IND05981,Rajasthan,Desert,Millet,38.7,6.2,27.5,294,69.8,0,05-01-2024,23-04-2024,109,0.71
IND05982,Rajasthan,Alluvial,Rice,27,6.6,36.4,21.5,44.1,44.6,01-01-2024,28-04-2024,118,0.43
IND05983,Rajasthan,Alluvial,Wheat,26.8,6.5,33.3,60.4,83.5,16.2,07-05-2024,12-08-2024,97,0.66
IND05984,Punjab,Alluvial,Sugarcane,32.2,6.3,28.2,205.8,57.4,10.3,10-05-2024,07-10-2024,150,0.62
IND05985,Maharashtra,Laterite,Groundnut,39.5,6.4,35.1,234.7,88.5,24.6,25-10-2024,11-02-2025,109,0.49
IND05986,Karnataka,Laterite,Rice,27.3,6.8,30.1,213.6,70.2,25.7,12-10-2024,15-02-2025,126,0.4
IND05987,Rajasthan,Desert,Millet,41.2,7.1,33.8,157.5,44.9,15.7,17-08-2024,29-11-2024,104,0.53
IND05988,Rajasthan,Desert,Millet,41.1,7.7,29.5,42.2,89.1,32.5,13-02-2024,14-07-2024,152,0.79
IND05989,West Bengal,Alluvial,Wheat,12.2,6.2,25.6,56.2,82,38.3,13-01-2024,15-04-2024,93,0.8
IND05990,Andhra Pradesh,Black,Cotton,17.6,6.2,27.4,42.2,49.7,20.8,03-03-2024,28-06-2024,117,0.47
IND05991,Bihar,Alluvial,Maize,42.5,6.1,19.4,50.9,64,18.3,01-03-2024,22-07-2024,143,0.72
IND05992,Punjab,Alluvial,Wheat,19,6.7,33.7,164.6,51.6,20.5,20-09-2024,19-12-2024,90,0.43
IND05993,Rajasthan,Desert,Millet,20.6,7.4,18.6,226.1,63.5,10.3,10-02-2024,17-07-2024,158,0.5
IND05994,Haryana,Alluvial,Wheat,31.4,7.2,25.3,267.6,78,8.6,02-10-2024,11-02-2025,132,0.51
IND05995,Madhya Pradesh,Black,Wheat,14.7,7.6,30.4,238.6,81,29,05-07-2024,21-10-2024,108,0.54
IND05996,Bihar,Alluvial,Rice,17.4,7.4,20.8,185.1,60.8,15,10-12-2024,18-03-2025,98,0.43
IND05997,Telangana,Red,Groundnut,42.6,6.5,36.5,200.1,53.5,0,01-08-2024,13-11-2024,104,0.65
IND05998,West Bengal,Alluvial,Pulses,34.8,7.7,21.9,213,55.3,0,24-02-2024,04-06-2024,101,0.54
IND05999,Punjab,Alluvial,Wheat,41.1,7,32.2,160,77,9,15-04-2024,22-08-2024,129,0.76
IND06000,Haryana,Alluvial,Rice,25.4,7.7,39.1,232.6,44.1,0,07-05-2024,05-10-2024,151,0.41
IND06001,Odisha,Laterite,Groundnut,29,7.1,20.1,97.7,58.3,25.2,24-03-2024,09-07-2024,107,0.78
IND06002,Punjab,Alluvial,Rice,15.1,7.4,39.4,251.9,60.8,4.2,20-04-2024,25-09-2024,158,0.64
IND06003,Kerala,Laterite,Rice,21,6.4,30.5,284.2,84.5,0,10-01-2024,13-06-2024,155,0.85
IND06004,West Bengal,Alluvial,Rice,17.8,7.1,35.6,128.4,49,35.2,13-11-2024,10-03-2025,117,0.67
IND06005,Karnataka,Black,Sugarcane,38.8,7.7,35.4,61.7,79.4,1.2,24-05-2024,17-08-2024,85,0.39
IND06006,Punjab,Alluvial,Maize,33.2,7.5,24.1,134.3,81.8,34,04-09-2024,27-01-2025,145,0.8
IND06007,Madhya Pradesh,Black,Cotton,17.3,7.2,20.3,118.1,74.4,12.4,01-10-2024,11-02-2025,133,0.43
IND06008,Andhra Pradesh,Black,Wheat,24.1,7.3,37.8,240.4,67.3,29.8,02-08-2024,28-10-2024,87,0.75
IND06009,Andhra Pradesh,Red,Millet,12.1,6.3,34.1,144.3,50.5,5.5,15-09-2024,31-01-2025,138,0.77
IND06010,Haryana,Alluvial,Sugarcane,20.9,7.5,25.9,239.4,64.5,13.9,07-08-2024,31-10-2024,85,0.74
IND06011,Madhya Pradesh,Black,Cotton,39.5,6.1,31.7,299.8,42.7,0.2,10-08-2024,12-12-2024,124,0.7
IND06012,Madhya Pradesh,Black,Wheat,17.1,7.1,28.3,134.2,56.9,4.4,10-01-2024,27-05-2024,138,0.36
IND06013,Haryana,Alluvial,Maize,19.5,7.2,39.9,265.5,64,6.3,16-07-2024,09-11-2024,116,0.39
IND06014,Rajasthan,Desert,Millet,34,6.6,32.2,293.3,69.6,0,16-08-2024,06-12-2024,112,0.73
IND06015,Karnataka,Red,Groundnut,13.3,6.3,31.1,194.8,50.1,18.7,07-11-2024,11-02-2025,96,0.48
IND06016,Maharashtra,Red,Millet,37,7,37.2,250.5,83,0,20-09-2024,15-02-2025,148,0.4
IND06017,Haryana,Alluvial,Maize,12.9,6.3,26.2,120.6,68.8,42.1,08-10-2024,17-03-2025,160,0.6
IND06018,Kerala,Laterite,Groundnut,19,7.4,29.4,224.3,55.7,7.9,03-08-2024,17-12-2024,136,0.82
IND06019,Bihar,Alluvial,Maize,20.5,7.1,22.8,246.8,49.5,17.6,15-07-2024,27-10-2024,104,0.35
IND06020,Odisha,Alluvial,Wheat,25,6.2,38.5,120.2,84.3,22.5,10-09-2024,06-12-2024,87,0.75
IND06021,Kerala,Laterite,Rice,23.2,7.3,21.2,242.7,87.8,4.1,23-01-2024,14-06-2024,143,0.86
IND06022,Telangana,Black,Sugarcane,37,6.5,18.4,198.9,66.2,0,04-10-2024,12-01-2025,100,0.47
IND06023,Bihar,Alluvial,Maize,20.7,7.2,23.9,62.9,51.8,23.3,05-04-2024,15-07-2024,101,0.39
IND06024,Kerala,Laterite,Groundnut,17.8,6,26.5,191.7,79.1,22.7,07-04-2024,08-07-2024,92,0.81
IND06025,Odisha,Alluvial,Rice,13.4,7.7,39.1,35.2,55.9,42.2,04-10-2024,20-01-2025,108,0.37
IND06026,Kerala,Laterite,Rice,34,6.8,30,185.1,46.8,27.9,09-10-2024,01-03-2025,143,0.67
IND06027,Odisha,Alluvial,Sugarcane,33.2,7.4,31.3,193,83.9,16.3,15-08-2024,27-12-2024,134,0.57
IND06028,Gujarat,Alluvial,Maize,39,6.1,33.5,145,66.3,4.7,01-02-2024,21-05-2024,110,0.71
IND06029,Telangana,Red,Maize,21.4,7.1,30.8,79.3,78.2,24.9,14-08-2024,15-12-2024,123,0.48
IND06030,Madhya Pradesh,Black,Wheat,16.4,6.6,31.4,103.5,41.7,11.7,04-06-2024,14-09-2024,102,0.59
IND06031,Telangana,Black,Cotton,20.1,6.7,25.6,49.4,61,30.2,10-05-2024,06-09-2024,119,0.61
IND06032,Bihar,Alluvial,Sugarcane,41.2,6.6,36.9,58.6,76.5,23.8,12-01-2024,24-04-2024,103,0.88
IND06033,Uttar Pradesh,Alluvial,Rice,18.6,7.3,19.8,186.1,88.9,18.6,24-01-2024,02-07-2024,160,0.86
IND06034,Rajasthan,Desert,Millet,41.7,7.4,33.9,35.7,64.8,31.5,04-06-2024,31-10-2024,149,0.62
IND06035,Kerala,Laterite,Rice,44.6,7.8,36.8,26.4,47.4,28.9,22-07-2024,04-11-2024,105,0.6
IND06036,Kerala,Laterite,Groundnut,42.4,6.6,19.2,163.1,51,0,20-01-2024,30-04-2024,101,0.45
IND06037,Haryana,Alluvial,Pulses,35.4,6.4,23.6,99.2,85.7,0,03-08-2024,11-11-2024,100,0.71
IND06038,Rajasthan,Alluvial,Maize,29.9,6.6,35.1,117.1,62.2,16.1,08-06-2024,29-09-2024,113,0.54
IND06039,Gujarat,Alluvial,Rice,36.5,6.6,18.4,201.5,41.8,14.7,04-10-2024,14-01-2025,102,0.68
IND06040,Bihar,Alluvial,Rice,42.3,7.1,35,113,66.8,14.8,12-11-2024,30-03-2025,138,0.5
IND06041,Madhya Pradesh,Red,Millet,40.4,7.5,19.7,190.6,66.9,0,05-11-2024,04-02-2025,91,0.61
IND06042,Telangana,Red,Groundnut,35.3,6.6,19.3,207.4,74.1,0,17-09-2024,15-12-2024,89,0.56
IND06043,Karnataka,Laterite,Rice,25.3,6.7,38.7,185.1,46.3,10.2,14-09-2024,10-12-2024,87,0.38
IND06044,Odisha,Laterite,Rice,17.7,7.4,25.1,138.9,51,12.1,25-06-2024,30-10-2024,127,0.57
IND06045,Tamil Nadu,Black,Wheat,16.4,6.1,38.5,268.8,41.3,20.6,07-10-2024,02-03-2025,146,0.7
IND06046,Tamil Nadu,Red,Pulses,43.4,6.1,32.2,103.1,41.4,0,15-01-2024,10-04-2024,86,0.86
IND06047,Odisha,Alluvial,Maize,12.2,7.7,19,91.1,72.8,42.1,24-12-2024,20-05-2025,147,0.89
IND06048,Maharashtra,Laterite,Groundnut,35.6,7.6,33.4,144.7,70.8,0.2,13-08-2024,20-12-2024,129,0.4
IND06049,Tamil Nadu,Black,Cotton,21.4,7.2,28.2,25.7,58.4,21.9,14-03-2024,11-08-2024,150,0.76
IND06050,Uttar Pradesh,Alluvial,Wheat,23,6.2,37,50.9,66.9,46.3,23-05-2024,22-10-2024,152,0.51
IND06051,Andhra Pradesh,Red,Pulses,35.6,6.5,23.3,169.2,53.5,7,02-07-2024,05-11-2024,126,0.49
IND06052,Odisha,Laterite,Groundnut,19.3,7,31.2,256.2,40.9,11.8,16-01-2024,18-06-2024,154,0.67
IND06053,Rajasthan,Alluvial,Wheat,20.7,6.4,23.4,172.6,64,5.9,13-02-2024,13-06-2024,121,0.5
IND06054,Telangana,Red,Maize,34.2,7.3,32.8,279.6,84.7,0,18-03-2024,07-07-2024,111,0.36
IND06055,Karnataka,Black,Cotton,37.5,6.3,20.1,174.6,60.4,13.9,24-12-2024,25-05-2025,152,0.68
IND06056,Odisha,Laterite,Groundnut,38.6,7.5,35.2,167.4,73.3,25.4,11-05-2024,09-10-2024,151,0.59
IND06057,Haryana,Alluvial,Maize,21.8,6.7,33.2,229.7,86.4,32.2,06-01-2024,06-05-2024,121,0.35
IND06058,Rajasthan,Alluvial,Sugarcane,43.2,6.1,39.5,209.1,82.9,1.6,25-08-2024,27-01-2025,155,0.71
IND06059,Kerala,Laterite,Rice,32.4,6.9,32.8,212.4,76.4,9.4,20-07-2024,15-10-2024,87,0.79
IND06060,West Bengal,Laterite,Rice,19.1,6.7,23.4,84.3,41.8,39.3,20-05-2024,07-09-2024,110,0.58
IND06061,Bihar,Alluvial,Rice,33.3,6.1,37.8,23.8,87.7,8.6,14-10-2024,23-01-2025,101,0.78
IND06062,Tamil Nadu,Laterite,Groundnut,30.9,7.6,27.5,292.7,76,0,24-08-2024,16-01-2025,145,0.7
IND06063,Kerala,Laterite,Rice,35.4,6.4,36.6,124.2,48.9,28.2,20-12-2024,15-04-2025,116,0.51
IND06064,Maharashtra,Red,Groundnut,35.3,7.3,23.6,100.5,79.2,29.4,19-09-2024,13-02-2025,147,0.84
IND06065,Haryana,Alluvial,Sugarcane,14.3,7,22.8,277.9,82.2,10.6,19-07-2024,18-10-2024,91,0.38
IND06066,Punjab,Alluvial,Pulses,41.9,7.3,22,125,59.8,31.7,01-11-2024,24-03-2025,143,0.49
IND06067,Madhya Pradesh,Red,Groundnut,22.8,7.5,23.2,45.8,87.8,22.2,06-10-2024,02-01-2025,88,0.48
IND06068,Rajasthan,Alluvial,Pulses,36.3,7.1,20.5,240.4,85.5,0,16-10-2024,14-02-2025,121,0.54
IND06069,Odisha,Alluvial,Rice,42,6.3,37.2,21,50.1,41.1,19-07-2024,13-10-2024,86,0.43
IND06070,Uttar Pradesh,Alluvial,Wheat,29.2,7.6,33.3,147.2,87.5,12.6,04-08-2024,07-11-2024,95,0.53
IND06071,Odisha,Alluvial,Rice,34.3,6.9,37.4,223.3,65.9,0,06-06-2024,13-11-2024,160,0.64
IND06072,Tamil Nadu,Black,Sugarcane,32.9,7.2,39,204.2,86,13,02-02-2024,09-05-2024,97,0.37
IND06073,Tamil Nadu,Laterite,Groundnut,36.5,7.1,38,89.2,69.5,20.5,06-01-2024,23-05-2024,138,0.68
IND06074,West Bengal,Alluvial,Wheat,20.2,7.3,27.6,253,61.3,17.7,25-05-2024,25-10-2024,153,0.68
IND06075,Andhra Pradesh,Black,Sugarcane,31.2,7.7,34.6,266.6,46.1,12.8,23-11-2024,26-04-2025,154,0.79
IND06076,Kerala,Laterite,Rice,38.2,7.4,24.6,41.9,89,10,04-03-2024,03-06-2024,91,0.46
IND06077,Punjab,Alluvial,Wheat,37.2,6.7,33.7,132.7,68.5,21.2,23-07-2024,15-12-2024,145,0.79
IND06078,Maharashtra,Laterite,Rice,24.7,7.3,19.8,200,66.6,1.2,07-08-2024,23-12-2024,138,0.89
IND06079,Haryana,Alluvial,Wheat,34.5,7.1,35.7,223,69.5,0,10-09-2024,12-12-2024,93,0.42
IND06080,Odisha,Laterite,Rice,43,7.6,25,85.9,76.8,34.1,04-01-2024,17-04-2024,104,0.6
IND06081,Punjab,Alluvial,Pulses,31.9,6.4,32.4,249.6,53.5,4.4,17-05-2024,28-08-2024,103,0.76
IND06082,Punjab,Alluvial,Wheat,42,7.3,25.4,150.1,87.4,0,25-01-2024,14-06-2024,141,0.43
IND06083,Uttar Pradesh,Alluvial,Maize,42.8,7.3,20.4,171.4,46.4,9.7,25-11-2024,14-04-2025,140,0.88
IND06084,Haryana,Alluvial,Pulses,26,6.8,20.1,187.8,80,14.6,07-02-2024,15-05-2024,98,0.73
IND06085,Andhra Pradesh,Red,Millet,12.7,6.8,19.4,110.4,56.4,30.4,12-10-2024,18-02-2025,129,0.46
IND06086,Rajasthan,Alluvial,Rice,39.4,7,25.6,45,59.4,4.4,17-01-2024,12-05-2024,116,0.53
IND06087,Odisha,Alluvial,Pulses,12.8,7.6,20.2,172.6,61.7,14.6,06-04-2024,31-07-2024,116,0.66
IND06088,Andhra Pradesh,Red,Pulses,20.6,6.6,28.3,270.7,47.2,0,22-02-2024,02-07-2024,131,0.6
IND06089,Odisha,Alluvial,Maize,12,7.3,35.5,275.4,60.9,10,05-09-2024,01-02-2025,149,0.35
IND06090,Karnataka,Black,Cotton,12.5,7.8,24.7,282.7,62.7,0.3,10-10-2024,16-01-2025,98,0.52
IND06091,Karnataka,Red,Millet,15.9,7.7,18.7,21.8,75.9,35.1,08-11-2024,07-04-2025,150,0.66
IND06092,Uttar Pradesh,Alluvial,Pulses,40.7,6.6,22.2,114.3,84.9,0,15-02-2024,30-05-2024,105,0.57
IND06093,West Bengal,Laterite,Rice,34.9,6.9,28,224.2,58.9,0,16-01-2024,09-06-2024,145,0.6
IND06094,Odisha,Alluvial,Maize,25.2,6.7,22.7,189,89.7,14.6,18-04-2024,08-08-2024,112,0.41
IND06095,Andhra Pradesh,Red,Millet,33.3,6.9,23.8,278.2,73.9,2.4,06-03-2024,03-07-2024,119,0.45
IND06096,Bihar,Alluvial,Sugarcane,40.5,6.6,31.5,85.6,76.5,18.2,24-01-2024,15-05-2024,112,0.47
IND06097,Uttar Pradesh,Alluvial,Maize,40.2,6.1,22.6,189.8,82.5,3.7,02-05-2024,10-08-2024,100,0.59
IND06098,Kerala,Laterite,Rice,12.3,6.5,22.6,129.2,68.9,14,10-08-2024,20-12-2024,132,0.48
IND06099,Tamil Nadu,Red,Millet,32,7,26.4,176.5,88.1,24.8,08-12-2024,05-05-2025,148,0.86
IND06100,Uttar Pradesh,Alluvial,Maize,44.5,7.6,19.8,72.2,81.6,26.1,17-01-2024,31-05-2024,135,0.45
IND06101,West Bengal,Laterite,Rice,44.4,7.2,32.8,213.1,65.7,0,07-06-2024,07-11-2024,153,0.38
IND06102,Kerala,Laterite,Groundnut,19.5,6.9,38.7,272.8,60.7,3.1,17-04-2024,07-08-2024,112,0.76
IND06103,Kerala,Laterite,Rice,24.5,6.5,27.2,51.1,43.4,40.7,21-04-2024,13-08-2024,114,0.56
IND06104,West Bengal,Alluvial,Pulses,26.6,7.2,25,276.7,76.2,0,20-01-2024,02-05-2024,103,0.58
IND06105,Telangana,Black,Wheat,34.6,6.6,34.2,21.2,79.9,12.1,22-05-2024,05-10-2024,136,0.73
IND06106,Bihar,Alluvial,Pulses,38.6,7.2,31.3,143.2,74.9,24.5,24-04-2024,31-07-2024,98,0.49
IND06107,Maharashtra,Red,Groundnut,17.1,6.5,20.8,42.4,44.8,10.1,21-08-2024,21-11-2024,92,0.63
IND06108,Uttar Pradesh,Alluvial,Rice,25.2,7,19.7,93.5,76.4,29.7,23-02-2024,30-06-2024,128,0.66
IND06109,Uttar Pradesh,Alluvial,Pulses,43.3,7.4,21,256,60.7,19.7,04-08-2024,22-11-2024,110,0.46
IND06110,Bihar,Alluvial,Pulses,32.2,7.1,25.2,20.2,40.5,14.3,06-05-2024,12-08-2024,98,0.87
IND06111,West Bengal,Alluvial,Wheat,24.8,7.2,35.3,171.2,64.7,6.7,06-05-2024,31-08-2024,117,0.42
IND06112,Maharashtra,Red,Groundnut,31.2,6.4,28.8,274.7,47.6,0,04-11-2024,06-02-2025,94,0.86
IND06113,Bihar,Alluvial,Pulses,16.7,6.8,35.1,153.8,71.4,37.2,06-12-2024,15-05-2025,160,0.61
IND06114,Uttar Pradesh,Alluvial,Maize,35,6.1,28.9,266.2,79.4,12.1,20-01-2024,15-06-2024,147,0.67
IND06115,Uttar Pradesh,Alluvial,Rice,23,6.9,23.6,276.2,68.9,13.1,14-06-2024,15-10-2024,123,0.5
IND06116,Maharashtra,Red,Millet,44.8,6.3,21.8,131,64.9,0.6,18-07-2024,24-10-2024,98,0.72
IND06117,Haryana,Alluvial,Maize,36.8,6.4,39.7,276.2,88.4,0,08-02-2024,29-05-2024,111,0.78
IND06118,Karnataka,Laterite,Rice,14.6,6.1,32.4,185.5,66.7,24.5,25-12-2024,12-04-2025,108,0.81
IND06119,Tamil Nadu,Red,Maize,33.2,7.1,33.9,95.6,83.2,35.2,14-03-2024,14-07-2024,122,0.39
IND06120,Uttar Pradesh,Alluvial,Wheat,17.2,6.6,39.6,146.9,42.1,2.5,22-08-2024,15-12-2024,115,0.67
IND06121,Odisha,Alluvial,Pulses,40.2,7.4,30.8,197.3,71.7,20.1,24-06-2024,24-09-2024,92,0.7
IND06122,Maharashtra,Red,Millet,27.1,6.1,34.7,144.6,67.6,28.3,23-06-2024,30-09-2024,99,0.47
IND06123,Andhra Pradesh,Red,Groundnut,27.4,7.3,31.1,191.8,73.3,33.1,07-07-2024,21-10-2024,106,0.66
IND06124,Odisha,Laterite,Rice,43.6,6.9,29.7,131.9,78.1,0,18-07-2024,28-11-2024,133,0.86
IND06125,Maharashtra,Laterite,Rice,31.6,6.6,33.6,173.2,83.5,19.8,05-11-2024,02-03-2025,117,0.67
IND06126,Karnataka,Black,Cotton,14.1,7.7,38.8,261.9,43.4,21.4,02-09-2024,02-12-2024,91,0.37
IND06127,Karnataka,Red,Groundnut,42.8,6.3,34.5,86.9,47.6,10.6,01-12-2024,27-04-2025,147,0.48
IND06128,Haryana,Alluvial,Rice,23.5,6.6,21.6,82,50,42.1,20-10-2024,06-02-2025,109,0.71
IND06129,Bihar,Alluvial,Maize,31.7,6.4,20.2,171.2,76.4,29.9,12-03-2024,26-06-2024,106,0.4
IND06130,Karnataka,Laterite,Rice,24.4,7.6,38.4,59.4,70.1,29,01-08-2024,12-12-2024,133,0.55
IND06131,Bihar,Alluvial,Rice,15.3,6.2,26.3,138.9,52,15.2,11-11-2024,27-03-2025,136,0.51
IND06132,Telangana,Black,Wheat,24.1,7.5,32.5,144.3,55.8,37.2,01-07-2024,11-10-2024,102,0.74
IND06133,Madhya Pradesh,Black,Cotton,17.2,6.5,22.8,243.3,55.7,28.3,18-09-2024,18-12-2024,91,0.7
IND06134,Andhra Pradesh,Red,Millet,23.6,6.9,35.1,84.8,76,23.1,05-08-2024,03-12-2024,120,0.6
IND06135,Uttar Pradesh,Alluvial,Rice,44.4,6.6,32,281.9,56.7,12.1,02-09-2024,22-12-2024,111,0.47
IND06136,Kerala,Laterite,Rice,20,6.8,23.3,98,69.2,18.2,23-06-2024,30-10-2024,129,0.42
IND06137,Madhya Pradesh,Black,Cotton,32.3,7.8,39.3,179.2,66.1,0,14-09-2024,03-01-2025,111,0.5
IND06138,Telangana,Black,Cotton,22.4,7,34.6,95.8,60.7,18.3,19-08-2024,11-01-2025,145,0.38
IND06139,Andhra Pradesh,Red,Groundnut,21.2,7,28.2,270.2,62.4,25.5,24-05-2024,29-10-2024,158,0.48
IND06140,Bihar,Alluvial,Pulses,32.5,6.9,18.5,115,69.9,33.2,08-08-2024,29-12-2024,143,0.75
IND06141,Punjab,Alluvial,Pulses,17.7,6.9,19.3,175.8,80.1,14.3,08-08-2024,14-11-2024,98,0.62
IND06142,Haryana,Alluvial,Wheat,40,6.3,36.4,56.7,59.1,26.2,23-03-2024,21-07-2024,120,0.84
IND06143,Gujarat,Black,Wheat,20.1,6.1,19.5,48.5,70,41,20-11-2024,22-02-2025,94,0.81
IND06144,Rajasthan,Alluvial,Wheat,26.2,7.3,30.4,232.8,58.5,16.1,20-02-2024,21-05-2024,91,0.51
IND06145,Gujarat,Alluvial,Wheat,38.1,7.5,20,226.7,57.5,24.7,24-04-2024,01-10-2024,160,0.84
IND06146,Maharashtra,Black,Sugarcane,37.1,6.7,27.8,280.2,72.9,0,23-02-2024,03-06-2024,101,0.59
IND06147,Haryana,Alluvial,Pulses,15.6,6.4,27.4,114.2,68.3,5.3,19-09-2024,08-02-2025,142,0.51
IND06148,Maharashtra,Laterite,Rice,14,7,38.7,155.9,66.9,2.5,02-07-2024,22-10-2024,112,0.62
IND06149,Karnataka,Red,Maize,21.9,7.4,35.1,49.8,43.5,44.1,24-06-2024,23-09-2024,91,0.84
IND06150,Madhya Pradesh,Black,Wheat,37.3,6.9,27.7,85.3,65.2,33.7,11-12-2024,26-04-2025,136,0.82
IND06151,Maharashtra,Black,Cotton,24.7,6,31,158,56.6,21.3,04-02-2024,02-05-2024,88,0.9
IND06152,Punjab,Alluvial,Wheat,40.1,6.1,19.8,289.7,40.5,0,23-10-2024,23-02-2025,123,0.36
IND06153,Andhra Pradesh,Black,Wheat,18,6.7,24.3,165.9,46.5,3.2,11-06-2024,06-11-2024,148,0.5
IND06154,Maharashtra,Red,Millet,17.6,6.2,36.1,106,68.8,30.5,14-08-2024,09-12-2024,117,0.38
IND06155,Punjab,Alluvial,Maize,37.7,6.1,36.8,255.1,58.6,15.9,20-01-2024,28-04-2024,99,0.7
IND06156,Telangana,Black,Wheat,16.6,7.5,18.2,123,81.6,19.2,02-12-2024,21-04-2025,140,0.9
IND06157,Punjab,Alluvial,Wheat,36.6,6.4,38.9,296.2,63.6,0,07-07-2024,17-11-2024,133,0.7
IND06158,Odisha,Laterite,Rice,29.7,6.6,23.5,265,82.8,5.8,23-10-2024,16-03-2025,144,0.52
IND06159,Madhya Pradesh,Red,Millet,34.5,6.6,20.4,25.9,54.6,38.2,23-09-2024,19-01-2025,118,0.35
IND06160,Rajasthan,Desert,Millet,33.5,6.8,25.1,183.5,42.3,9.6,08-07-2024,30-10-2024,114,0.89
IND06161,Gujarat,Black,Wheat,25.7,7.2,29.6,29,47.9,8.9,20-03-2024,27-07-2024,129,0.86
IND06162,Gujarat,Alluvial,Rice,23,6.1,31.2,28.3,65.5,14.7,11-11-2024,13-03-2025,122,0.7
IND06163,Andhra Pradesh,Black,Cotton,18.7,7.2,26.5,225,87.8,25.1,22-12-2024,24-03-2025,92,0.45
IND06164,Karnataka,Laterite,Groundnut,27.1,7.1,39.3,132.3,54,29.1,17-09-2024,22-02-2025,158,0.54
IND06165,Punjab,Alluvial,Sugarcane,29.1,6.7,34.3,36.9,68.1,9.9,19-09-2024,14-12-2024,86,0.52
IND06166,Kerala,Laterite,Rice,30.1,7.6,33.5,119.6,51.7,4.5,25-12-2024,13-04-2025,109,0.45
IND06167,Bihar,Alluvial,Maize,22.8,6.5,29.5,299.8,85.2,0,23-05-2024,17-09-2024,117,0.66
IND06168,Gujarat,Alluvial,Maize,20.2,6.2,23.8,102.9,66.5,38.6,15-08-2024,01-01-2025,139,0.64
IND06169,Maharashtra,Red,Millet,30,6.6,23.4,75.8,78.7,6.1,06-06-2024,25-10-2024,141,0.44
IND06170,West Bengal,Laterite,Rice,37.3,7.2,30.6,51.1,64.6,19.3,07-01-2024,05-05-2024,119,0.72
IND06171,Gujarat,Black,Cotton,34.4,7,23.7,230.1,54.8,18.2,08-09-2024,25-12-2024,108,0.51
IND06172,Karnataka,Black,Cotton,23.4,7.7,31.3,268.8,48.9,0,04-02-2024,23-06-2024,140,0.73
IND06173,Odisha,Laterite,Rice,13.4,6.2,23.4,269.1,86.1,21.2,24-07-2024,15-12-2024,144,0.8
IND06174,Maharashtra,Black,Cotton,19.5,7.6,33.4,146.8,46.1,1.9,24-05-2024,30-10-2024,159,0.41
IND06175,Punjab,Alluvial,Pulses,27.2,6.4,33.1,33.5,68,28,12-10-2024,11-02-2025,122,0.38
IND06176,Odisha,Alluvial,Wheat,26.2,6.4,38.2,237.2,58,9.8,16-10-2024,21-03-2025,156,0.57
IND06177,Andhra Pradesh,Black,Sugarcane,41.3,7.2,22,194.6,75,0,06-12-2024,20-04-2025,135,0.64
IND06178,Andhra Pradesh,Black,Cotton,42.6,6.2,34.7,251.4,70.8,0,02-09-2024,30-01-2025,150,0.82
IND06179,Bihar,Alluvial,Pulses,43.8,6.4,31.4,193.7,76.7,26.1,08-06-2024,05-09-2024,89,0.5
IND06180,Kerala,Laterite,Rice,42.3,6.2,26.7,227,60.9,0.1,03-01-2024,04-05-2024,122,0.62
IND06181,Rajasthan,Alluvial,Wheat,38.9,7.2,26.5,42.4,53.7,32.9,16-08-2024,30-11-2024,106,0.44
IND06182,Gujarat,Black,Wheat,43,7.1,36.7,202.2,88.5,0,06-03-2024,28-07-2024,144,0.35
IND06183,Kerala,Laterite,Rice,19.5,6.3,18.5,66.3,60.5,31.5,08-03-2024,12-08-2024,157,0.7
IND06184,Madhya Pradesh,Black,Wheat,20.8,6.4,25.3,161.7,70.9,34.2,18-10-2024,09-03-2025,142,0.58
IND06185,Madhya Pradesh,Black,Wheat,12.6,6.9,23.1,90.8,73.8,38.1,12-01-2024,20-06-2024,160,0.67
IND06186,Gujarat,Black,Cotton,21.7,7.3,38.6,280.6,66.4,0,16-06-2024,18-09-2024,94,0.79
IND06187,Maharashtra,Black,Cotton,44.9,6.1,20.4,271.1,55.9,10.4,05-05-2024,11-09-2024,129,0.61
IND06188,Gujarat,Alluvial,Pulses,34.2,7,21.1,135.2,61.4,23.8,08-06-2024,05-09-2024,89,0.38
IND06189,Andhra Pradesh,Red,Groundnut,44.9,6.1,34.5,203.6,59.8,0,24-12-2024,15-04-2025,112,0.64
IND06190,Andhra Pradesh,Black,Wheat,42.4,7.4,29.1,151.8,89.4,20.9,06-08-2024,01-11-2024,87,0.49
IND06191,Haryana,Alluvial,Rice,42.2,6.2,32.4,208.2,51.6,4.4,08-04-2024,05-07-2024,88,0.39
IND06192,Bihar,Alluvial,Wheat,26.6,6.6,22.2,171,71.2,29.7,06-02-2024,03-06-2024,118,0.42
IND06193,Odisha,Alluvial,Pulses,26.5,7.7,20.5,237.8,76.8,15.3,25-10-2024,25-01-2025,92,0.85
IND06194,Kerala,Laterite,Groundnut,24.8,6.9,39.8,297.2,67.7,0,06-08-2024,05-11-2024,91,0.67
IND06195,Bihar,Alluvial,Rice,24.7,6.7,18.5,73.2,69.2,26.6,21-10-2024,22-01-2025,93,0.86
IND06196,West Bengal,Laterite,Groundnut,24.3,6.5,27.4,59.6,44.7,21.3,23-02-2024,21-07-2024,149,0.56
IND06197,Tamil Nadu,Black,Sugarcane,24.1,7,28.7,68.2,62,6.1,14-02-2024,21-07-2024,158,0.59
IND06198,Karnataka,Black,Sugarcane,33,7.4,20.8,293.1,54.6,19.2,16-03-2024,26-07-2024,132,0.8
IND06199,Telangana,Red,Maize,19.8,7.3,21.8,271.4,85.6,27.2,22-03-2024,15-06-2024,85,0.44
IND06200,Karnataka,Black,Sugarcane,20,6.3,24,255,76.3,28.2,13-04-2024,12-07-2024,90,0.37
IND06201,Karnataka,Laterite,Rice,13.5,7.5,19.9,92.6,74,12.6,04-11-2024,03-03-2025,119,0.47
IND06202,Madhya Pradesh,Black,Cotton,36.1,7.7,21.4,26,77.2,28.4,03-09-2024,05-12-2024,93,0.56
IND06203,Kerala,Laterite,Groundnut,43.8,7,26.7,181.3,45.3,0,08-10-2024,22-01-2025,106,0.41
IND06204,Tamil Nadu,Laterite,Rice,27.9,7.2,38,36.5,77.1,18.7,10-08-2024,29-11-2024,111,0.84
IND06205,Rajasthan,Alluvial,Maize,31.2,7.6,18.4,272.1,62.9,23.1,01-07-2024,05-10-2024,96,0.71
IND06206,Rajasthan,Alluvial,Pulses,31.9,6.3,29.3,67,80.5,41,06-12-2024,02-04-2025,117,0.69
IND06207,Gujarat,Black,Sugarcane,21.5,7.8,36.3,251.7,60.4,22.4,10-02-2024,03-06-2024,114,0.79
IND06208,Maharashtra,Black,Sugarcane,13.7,6.6,23.1,178,75.3,26,15-05-2024,14-10-2024,152,0.37
IND06209,Karnataka,Black,Wheat,12.5,6.4,23.7,211.4,52.8,7.2,08-07-2024,16-11-2024,131,0.6
IND06210,Odisha,Alluvial,Sugarcane,22.4,7.8,24.1,232.7,57.2,19.8,02-12-2024,04-05-2025,153,0.49
IND06211,Karnataka,Black,Wheat,16.3,7.7,26.2,83.5,40.9,10.2,14-09-2024,19-01-2025,127,0.89
IND06212,Kerala,Laterite,Groundnut,38.7,6.5,36.5,112.1,73.6,31.2,25-07-2024,07-11-2024,105,0.38
IND06213,West Bengal,Laterite,Rice,42.7,6.8,31.7,72.6,42.9,19.4,04-04-2024,21-07-2024,108,0.89
IND06214,Rajasthan,Alluvial,Sugarcane,23.4,6.8,24.1,40.9,54.9,17.2,13-03-2024,30-06-2024,109,0.78
IND06215,Tamil Nadu,Black,Wheat,40.2,7.1,35.5,264.6,88,0,20-08-2024,29-11-2024,101,0.56
IND06216,Karnataka,Laterite,Rice,39.5,6.9,26.5,256.7,60.6,0,17-04-2024,07-09-2024,143,0.36
IND06217,Maharashtra,Laterite,Rice,41.4,6,30.1,30.9,70.9,6.9,11-10-2024,10-02-2025,122,0.59
IND06218,Uttar Pradesh,Alluvial,Maize,23.6,6.4,18.8,218.4,59.5,0,03-01-2024,24-04-2024,112,0.38
IND06219,Uttar Pradesh,Alluvial,Wheat,29.5,6.5,29.5,143,78.7,27.1,09-12-2024,02-04-2025,114,0.78
IND06220,Uttar Pradesh,Alluvial,Pulses,33.1,6.2,29.7,258.2,71.1,22.6,24-01-2024,04-06-2024,132,0.52
IND06221,West Bengal,Laterite,Rice,19.1,6.4,29.3,124.6,64.2,24.3,17-11-2024,28-03-2025,131,0.74
IND06222,Andhra Pradesh,Black,Wheat,35,6,25.1,122.2,82.5,31.2,02-06-2024,14-09-2024,104,0.88
IND06223,Punjab,Alluvial,Wheat,22.2,6.2,29.2,116.7,45.2,14.7,22-12-2024,11-04-2025,110,0.43
IND06224,Telangana,Black,Sugarcane,32.2,6.4,39.7,55,40.8,34.9,08-08-2024,29-12-2024,143,0.43
IND06225,Punjab,Alluvial,Rice,35.6,7.3,35.5,77.2,89.1,37.6,14-03-2024,05-08-2024,144,0.5
IND06226,Andhra Pradesh,Black,Cotton,36.5,6.2,19.7,106.1,88,35,02-11-2024,26-02-2025,116,0.41
IND06227,Madhya Pradesh,Red,Pulses,25.4,7.5,30.4,198,73.6,8.2,22-10-2024,22-03-2025,151,0.4
IND06228,Odisha,Laterite,Rice,27.2,7,35.6,241.2,86.3,0,12-04-2024,30-07-2024,109,0.37
IND06229,Uttar Pradesh,Alluvial,Pulses,19.4,6.1,38.5,31,61.5,39,08-09-2024,11-02-2025,156,0.69
IND06230,Odisha,Alluvial,Rice,16.6,7,30.3,202.8,82.8,13.2,13-11-2024,04-04-2025,142,0.54
IND06231,Odisha,Alluvial,Pulses,29.1,7.1,33.3,177,82.4,1.5,06-10-2024,29-01-2025,115,0.49
IND06232,Tamil Nadu,Red,Groundnut,43.1,7,22.2,288.9,66.1,0,05-01-2024,07-06-2024,154,0.39
IND06233,Telangana,Red,Millet,24.7,7.7,25.6,103.3,44.1,29,17-07-2024,06-12-2024,142,0.81
IND06234,Bihar,Alluvial,Maize,17,6.7,35.5,107.7,48.8,25.3,23-01-2024,26-05-2024,124,0.68
IND06235,Maharashtra,Laterite,Rice,32.1,6.6,18.7,119.2,41.1,0,10-07-2024,04-11-2024,117,0.86
IND06236,West Bengal,Alluvial,Sugarcane,29.2,6.7,38.1,190,60,32,23-08-2024,13-12-2024,112,0.7
IND06237,Telangana,Red,Pulses,35.8,7.5,25.8,45.4,69,7,18-07-2024,13-10-2024,87,0.78
IND06238,Andhra Pradesh,Red,Maize,20.2,7.7,19.7,297.7,79.2,0.7,16-08-2024,09-12-2024,115,0.4
IND06239,Haryana,Alluvial,Maize,35.4,6.1,26.8,208.3,40.5,22.7,12-01-2024,17-06-2024,157,0.83
IND06240,Gujarat,Alluvial,Rice,39.2,6.7,26.4,270.6,88.6,0,22-12-2024,18-04-2025,117,0.52
IND06241,Uttar Pradesh,Alluvial,Wheat,44.2,7.1,24.8,89.4,52.5,7.8,20-05-2024,31-08-2024,103,0.55
IND06242,Tamil Nadu,Red,Pulses,12.9,6.2,39.6,165.1,47.8,29.9,17-06-2024,03-10-2024,108,0.69
IND06243,West Bengal,Laterite,Rice,42.9,7.4,26.3,204.5,74,19.5,24-12-2024,01-06-2025,159,0.73
IND06244,Bihar,Alluvial,Wheat,43.1,6.5,18.2,59.7,67.2,36.1,15-10-2024,19-02-2025,127,0.64
IND06245,Punjab,Alluvial,Pulses,41.7,7.1,27.7,228.5,76.7,21.2,11-07-2024,21-10-2024,102,0.6
IND06246,Maharashtra,Laterite,Groundnut,29.3,7,22.3,153.7,61.4,25.7,05-12-2024,24-04-2025,140,0.35
IND06247,Rajasthan,Alluvial,Pulses,25.1,7.6,18.8,222.8,89.3,0,16-07-2024,01-12-2024,138,0.6
IND06248,Gujarat,Black,Sugarcane,40.6,7.6,27.2,164.8,66.7,14.5,12-01-2024,21-05-2024,130,0.87
IND06249,Andhra Pradesh,Black,Sugarcane,37,7.3,39.3,41.5,87.3,11.7,01-05-2024,14-09-2024,136,0.63
IND06250,Maharashtra,Laterite,Rice,38.5,6.5,26.8,65.7,86.5,31.9,02-11-2024,25-03-2025,143,0.75
IND06251,Andhra Pradesh,Red,Maize,35.5,7.7,38.7,65.5,47.1,13.4,17-10-2024,23-01-2025,98,0.71
IND06252,Madhya Pradesh,Red,Groundnut,23.1,6.3,39,181.4,69.6,0,18-02-2024,03-06-2024,106,0.49
IND06253,Maharashtra,Black,Cotton,20.1,7.4,38.6,219.7,48.7,10.9,10-11-2024,05-04-2025,146,0.67
IND06254,Karnataka,Black,Wheat,39.9,7.1,35.8,246.1,41.7,0,08-01-2024,15-05-2024,128,0.4
IND06255,Odisha,Alluvial,Maize,30.5,6.9,31.5,131.9,63.3,8.6,01-06-2024,11-10-2024,132,0.47
IND06256,Odisha,Laterite,Rice,33.1,7.8,20.8,97.9,41.1,0,02-02-2024,27-04-2024,85,0.58
IND06257,Haryana,Alluvial,Rice,42.6,7.4,31.6,284.7,65.9,15.4,19-05-2024,09-10-2024,143,0.59
IND06258,Odisha,Alluvial,Maize,43.4,6.3,24.8,224,45.6,0,05-06-2024,29-10-2024,146,0.82
IND06259,Punjab,Alluvial,Maize,16.1,7.6,32.3,127.1,67.9,18.5,20-01-2024,25-04-2024,96,0.56
IND06260,Punjab,Alluvial,Wheat,34.5,7,22.8,46.6,41.3,35.9,17-10-2024,25-03-2025,159,0.85
IND06261,Gujarat,Black,Wheat,25.4,6.1,19.3,243.3,54.8,2.1,01-11-2024,12-03-2025,131,0.54
IND06262,Kerala,Laterite,Groundnut,24.6,6.3,39.2,41.6,41.9,20.2,18-12-2024,04-04-2025,107,0.79
IND06263,West Bengal,Alluvial,Sugarcane,27.4,6.9,24.3,149.4,85.2,34.9,16-03-2024,03-08-2024,140,0.39
IND06264,Maharashtra,Red,Pulses,34.5,6.8,36.8,78.6,41,32.5,23-11-2024,16-03-2025,113,0.86
IND06265,Punjab,Alluvial,Sugarcane,43.8,7.6,27.3,81.2,74.7,16.7,25-12-2024,11-05-2025,137,0.6
IND06266,West Bengal,Laterite,Rice,24.2,6.4,18,261.4,70.6,14,25-03-2024,05-07-2024,102,0.43
IND06267,Kerala,Laterite,Groundnut,29.1,6.2,30.7,43.6,84.4,30.4,22-12-2024,13-04-2025,112,0.4
IND06268,Bihar,Alluvial,Pulses,40,7.4,32.6,136,80.2,21.3,20-02-2024,21-05-2024,91,0.79
IND06269,West Bengal,Alluvial,Pulses,33,6.2,22.9,231.7,58.9,14,22-08-2024,05-01-2025,136,0.73
IND06270,Andhra Pradesh,Red,Millet,22.1,7.7,23.8,144.1,59.9,13.8,12-04-2024,25-08-2024,135,0.61
IND06271,Madhya Pradesh,Black,Wheat,33.2,7.3,30,177.3,42.8,12.6,22-02-2024,03-06-2024,102,0.79
IND06272,Andhra Pradesh,Black,Wheat,35.3,7,28.7,142.1,45.2,16.1,19-03-2024,18-07-2024,121,0.59
IND06273,Odisha,Laterite,Rice,42.1,6.5,32.4,109.2,70,29.2,15-05-2024,08-08-2024,85,0.54
IND06274,Rajasthan,Desert,Millet,38.6,6.1,39.7,141.1,59.1,25.2,24-11-2024,03-05-2025,160,0.44
IND06275,Uttar Pradesh,Alluvial,Wheat,32,7.5,19.1,219.7,57.8,0.7,18-04-2024,29-07-2024,102,0.42
IND06276,Bihar,Alluvial,Sugarcane,38,6.1,23.9,108.3,46.1,22.5,12-08-2024,25-12-2024,135,0.46
IND06277,Karnataka,Laterite,Groundnut,14.1,6.3,40,152.5,72.9,9.8,11-06-2024,08-11-2024,150,0.83
IND06278,Telangana,Black,Wheat,16.7,7.5,21.9,219.5,67.7,10.3,18-08-2024,29-12-2024,133,0.57
IND06279,Kerala,Laterite,Rice,30.1,6.4,28.8,66.9,78.3,25.5,01-11-2024,31-01-2025,91,0.69
IND06280,Telangana,Black,Sugarcane,37.4,7.5,19.4,168.9,75.5,0,15-01-2024,07-06-2024,144,0.87
IND06281,Bihar,Alluvial,Wheat,12,7.2,25.9,120.6,48.8,26.8,12-06-2024,12-10-2024,122,0.48
IND06282,Madhya Pradesh,Black,Sugarcane,13,6.7,38.3,76.8,59.4,19.5,21-09-2024,01-01-2025,102,0.46
IND06283,Rajasthan,Desert,Millet,15.7,7.3,33.6,64.1,68.5,38.1,10-11-2024,15-04-2025,156,0.79
IND06284,Tamil Nadu,Laterite,Rice,13,7.6,39.9,149.2,85.8,12.9,10-11-2024,06-02-2025,88,0.6
IND06285,Gujarat,Black,Sugarcane,13.3,6,20.2,27.6,62.2,49,11-07-2024,10-10-2024,91,0.73
IND06286,Madhya Pradesh,Black,Cotton,27.6,6.3,20.1,227.5,72.3,21,14-09-2024,03-02-2025,142,0.64
IND06287,West Bengal,Laterite,Rice,17.1,6.6,36.4,43.3,69,48.2,15-12-2024,03-05-2025,139,0.63
IND06288,Kerala,Laterite,Groundnut,17.7,7.4,27.5,215.1,64.9,8.6,15-05-2024,08-09-2024,116,0.87
IND06289,Punjab,Alluvial,Maize,38.2,7.2,26.2,262.4,82.4,0,05-11-2024,30-01-2025,86,0.73
IND06290,Andhra Pradesh,Red,Millet,17.1,7.7,22.7,284.9,52.7,0.2,21-08-2024,21-12-2024,122,0.72
IND06291,Uttar Pradesh,Alluvial,Sugarcane,44.3,7.4,34.4,134,55.7,21.1,17-01-2024,15-05-2024,119,0.73
IND06292,Punjab,Alluvial,Sugarcane,29.9,6.4,25.4,110.7,65.4,16.3,09-10-2024,07-02-2025,121,0.65
IND06293,Karnataka,Red,Groundnut,42.6,6.3,26.4,213.7,72,0,07-11-2024,07-03-2025,120,0.4
IND06294,Rajasthan,Alluvial,Maize,17.6,7.7,34.9,184.5,69.2,10,08-10-2024,08-02-2025,123,0.36
IND06295,Bihar,Alluvial,Maize,30.2,6.9,34.9,180.9,86.9,4.2,13-10-2024,11-03-2025,149,0.6
IND06296,Odisha,Alluvial,Pulses,25.8,6.1,19.8,87.7,88.3,12.1,14-11-2024,01-03-2025,107,0.8
IND06297,Andhra Pradesh,Black,Cotton,38.3,7.8,30.5,51.4,64.2,21,12-12-2024,15-05-2025,154,0.7
IND06298,Kerala,Laterite,Groundnut,24.1,7.2,18.2,205.6,88.1,0,02-07-2024,10-11-2024,131,0.44
IND06299,Punjab,Alluvial,Sugarcane,24.4,6.8,21.9,214.5,45.6,31.7,10-04-2024,25-08-2024,137,0.52
IND06300,Uttar Pradesh,Alluvial,Wheat,26.7,6,34.1,117.5,88.8,1.8,08-10-2024,12-02-2025,127,0.49
IND06301,Andhra Pradesh,Black,Sugarcane,38.8,7.7,34.1,105.5,74.9,12.4,15-02-2024,03-07-2024,139,0.38
IND06302,Maharashtra,Black,Cotton,42,6.4,22,208.8,60.8,26.4,23-09-2024,05-01-2025,104,0.89
IND06303,Karnataka,Black,Cotton,13.4,7.6,35.4,267.1,57.3,0.2,10-11-2024,06-03-2025,116,0.61
IND06304,Haryana,Alluvial,Sugarcane,43.8,7.8,35.3,276.9,73.9,0,06-02-2024,03-07-2024,148,0.49
IND06305,Gujarat,Alluvial,Sugarcane,30.3,7.1,19.7,142,75.8,1.9,03-06-2024,25-10-2024,144,0.54
IND06306,Andhra Pradesh,Black,Sugarcane,38.1,6.3,30.4,42,55.9,12,23-07-2024,05-11-2024,105,0.5
IND06307,West Bengal,Laterite,Groundnut,24,7.4,34.7,233,69.7,18.4,21-02-2024,09-07-2024,139,0.38
IND06308,Uttar Pradesh,Alluvial,Wheat,13.5,7.2,21.1,274.6,42.7,0,13-02-2024,08-07-2024,146,0.85
IND06309,West Bengal,Alluvial,Wheat,22.5,6.6,22.7,222.2,83.9,26.2,16-10-2024,22-03-2025,157,0.83
IND06310,Karnataka,Laterite,Groundnut,19.6,6.2,32.3,260.3,60.4,21.9,19-08-2024,24-01-2025,158,0.87
IND06311,Andhra Pradesh,Black,Wheat,35.9,6.9,34.8,285.7,78,11.6,02-08-2024,12-11-2024,102,0.83
IND06312,Gujarat,Black,Cotton,37,7.3,27.5,61.2,44.3,14.4,24-06-2024,03-10-2024,101,0.85
IND06313,Haryana,Alluvial,Wheat,23.1,6.5,32.7,244.4,81,0,21-09-2024,29-12-2024,99,0.84
IND06314,West Bengal,Laterite,Rice,26.9,7.7,35.3,276.8,84.7,2.8,18-08-2024,05-12-2024,109,0.8
IND06315,Punjab,Alluvial,Wheat,26,6.7,37.8,228.1,85.7,3.6,16-11-2024,30-03-2025,134,0.82
IND06316,Kerala,Laterite,Rice,40.5,6.8,37.6,127.7,67.7,28.4,05-06-2024,29-08-2024,85,0.55
IND06317,Madhya Pradesh,Red,Millet,25.3,6.4,30.7,63.1,73.3,27.2,02-12-2024,10-03-2025,98,0.45
IND06318,Haryana,Alluvial,Maize,39,7.6,28.6,166.4,55.9,16.9,09-01-2024,29-05-2024,141,0.44
IND06319,Madhya Pradesh,Black,Sugarcane,18.2,6.5,27.6,87.6,48.5,22.3,20-03-2024,13-07-2024,115,0.76
IND06320,Maharashtra,Black,Wheat,15.7,7.3,30.7,35.5,65.1,50.9,25-02-2024,22-06-2024,118,0.55
IND06321,Madhya Pradesh,Black,Wheat,27.8,7.2,33.9,79,81.4,5.5,25-01-2024,15-06-2024,142,0.62
IND06322,Karnataka,Red,Millet,37.2,6.3,29.3,34.8,87.4,6.4,22-01-2024,21-06-2024,151,0.8
IND06323,Odisha,Alluvial,Wheat,27.5,6.2,24.1,222.5,43.2,3.7,12-02-2024,24-05-2024,102,0.66
IND06324,Kerala,Laterite,Rice,44.1,6.2,36.9,146.5,52.6,2.4,06-11-2024,20-02-2025,106,0.39
IND06325,Madhya Pradesh,Red,Groundnut,26,6.2,28.9,294,82.2,0,11-08-2024,09-01-2025,151,0.51
IND06326,Punjab,Alluvial,Rice,44.8,7.1,34.6,51.7,72.2,25.6,05-04-2024,02-09-2024,150,0.41
IND06327,Kerala,Laterite,Rice,26.7,6.3,22.1,209.9,47.5,8,04-08-2024,09-01-2025,158,0.58
IND06328,Punjab,Alluvial,Maize,44.2,6.5,21.3,100.1,71,30.5,03-09-2024,14-01-2025,133,0.41
IND06329,Karnataka,Red,Pulses,44.8,7.5,26.8,150,77.2,15.5,14-11-2024,10-03-2025,116,0.82
IND06330,Telangana,Black,Wheat,29.2,7,28,229.1,51.4,0,10-06-2024,17-10-2024,129,0.78
IND06331,Madhya Pradesh,Red,Maize,33.4,6.8,21.7,26.4,74.7,10.2,10-11-2024,21-03-2025,131,0.61
IND06332,Odisha,Alluvial,Pulses,12.1,7.7,19.3,66,81.3,40.5,23-03-2024,10-07-2024,109,0.36
IND06333,Maharashtra,Red,Millet,41.2,6.4,24.2,62,58.8,35.9,14-11-2024,08-03-2025,114,0.87
IND06334,West Bengal,Alluvial,Rice,33.1,6.3,39.2,269.4,67.4,3.3,03-03-2024,07-08-2024,157,0.36
IND06335,Haryana,Alluvial,Sugarcane,38,7,28.3,72.3,84.9,10.3,05-07-2024,25-10-2024,112,0.9
IND06336,Maharashtra,Red,Millet,30.8,6.9,24.1,166.2,82.9,11.9,23-12-2024,12-04-2025,110,0.64
IND06337,Bihar,Alluvial,Sugarcane,31.3,7.2,34.5,122.3,65,8.4,02-06-2024,08-10-2024,128,0.89
IND06338,Haryana,Alluvial,Wheat,13.3,7.6,38.2,262.4,58.2,14.8,15-10-2024,04-03-2025,140,0.43
IND06339,Uttar Pradesh,Alluvial,Pulses,16.6,6.7,18.3,233.3,85.8,17.5,04-09-2024,07-12-2024,94,0.89
IND06340,Haryana,Alluvial,Wheat,23.8,6.7,34.3,191,40.5,5.4,18-05-2024,21-10-2024,156,0.62
IND06341,Madhya Pradesh,Black,Sugarcane,21.2,7.6,37.2,21,76.5,37.1,21-12-2024,26-04-2025,126,0.64
IND06342,Bihar,Alluvial,Wheat,13.6,7.3,26.5,246.3,56.9,0,09-04-2024,13-07-2024,95,0.78
IND06343,Karnataka,Red,Millet,20.2,6.1,27.1,140.5,79.1,7.5,18-03-2024,06-08-2024,141,0.6
IND06344,Punjab,Alluvial,Pulses,14.8,6.5,34.1,251.7,80.3,24.6,14-02-2024,09-06-2024,116,0.54
IND06345,Kerala,Laterite,Groundnut,37.8,6.1,21.4,162.5,59.5,12.6,15-06-2024,15-09-2024,92,0.86
IND06346,Haryana,Alluvial,Sugarcane,43.4,7.4,18.5,83.1,74.8,4.3,01-12-2024,24-03-2025,113,0.68
IND06347,Odisha,Laterite,Rice,27.1,7.1,33.1,164.4,71.7,31.8,21-04-2024,07-08-2024,108,0.89
IND06348,Odisha,Laterite,Rice,19.9,7.6,39.8,153.4,88.6,39,25-09-2024,27-12-2024,93,0.85
IND06349,Odisha,Laterite,Groundnut,30.9,6.3,33.6,192.7,80.5,5.3,24-08-2024,26-01-2025,155,0.61
IND06350,Bihar,Alluvial,Wheat,13.6,7.2,30.4,274.8,44,14.6,22-02-2024,03-07-2024,132,0.55
IND06351,Kerala,Laterite,Groundnut,35.8,6.1,26.5,276.4,89.2,0,16-12-2024,28-04-2025,133,0.73
IND06352,Kerala,Laterite,Groundnut,44.6,7.1,28.7,67.9,53.4,24.4,10-09-2024,11-02-2025,154,0.53
IND06353,Karnataka,Laterite,Rice,30.7,6.5,18.2,168.7,59.8,29.8,02-05-2024,25-09-2024,146,0.75
IND06354,Gujarat,Alluvial,Sugarcane,17.4,6.7,34.3,291.1,57.5,16.5,22-04-2024,13-09-2024,144,0.41
IND06355,Odisha,Laterite,Groundnut,23.8,7.4,38.1,298.5,46.2,16.9,11-04-2024,24-08-2024,135,0.75
IND06356,Uttar Pradesh,Alluvial,Rice,20.1,7,24.1,241.4,76.8,19,19-05-2024,08-10-2024,142,0.41
IND06357,Uttar Pradesh,Alluvial,Maize,41.7,6.2,20.6,207.3,87,0,01-08-2024,08-01-2025,160,0.4
IND06358,Telangana,Red,Groundnut,27.4,6.9,37.3,170.7,41.2,7.9,04-09-2024,17-01-2025,135,0.84
IND06359,Odisha,Laterite,Groundnut,33.3,7.3,26.9,105.1,77.3,13.2,22-08-2024,19-11-2024,89,0.76
IND06360,Telangana,Red,Millet,34.1,7.2,37,244,81.5,10.7,06-01-2024,23-05-2024,138,0.77
IND06361,Tamil Nadu,Black,Cotton,36.4,6.9,38.4,165.6,64.7,29.6,09-06-2024,15-09-2024,98,0.39
IND06362,Rajasthan,Desert,Millet,40.5,6.5,24.5,289.7,69.7,3.1,08-05-2024,26-09-2024,141,0.59
IND06363,Uttar Pradesh,Alluvial,Wheat,37.4,7.6,31,280.6,63.9,0,04-05-2024,02-08-2024,90,0.45
IND06364,Karnataka,Red,Pulses,13.1,7,21.8,288.6,69.3,0,15-03-2024,28-06-2024,105,0.71
IND06365,West Bengal,Laterite,Rice,42.2,6.2,35.9,272.5,81.3,8.1,06-12-2024,01-05-2025,146,0.43
IND06366,Punjab,Alluvial,Wheat,24.1,7.2,36.9,165,61.1,24.7,06-04-2024,31-08-2024,147,0.69
IND06367,Bihar,Alluvial,Sugarcane,35.4,6.7,31.1,171,64.5,25.5,04-06-2024,29-08-2024,86,0.67
IND06368,Kerala,Laterite,Groundnut,43.8,6.6,38,233,78.3,4.8,09-05-2024,09-10-2024,153,0.86
IND06369,Andhra Pradesh,Black,Wheat,18.8,6.4,27.1,94.8,63.2,11.8,04-12-2024,22-03-2025,108,0.59
IND06370,Uttar Pradesh,Alluvial,Maize,14.8,7.4,18.4,105.7,55,42,05-07-2024,01-11-2024,119,0.69
IND06371,Telangana,Black,Wheat,25.4,6.7,36.7,220.1,59,18.7,15-10-2024,22-01-2025,99,0.74
IND06372,Punjab,Alluvial,Pulses,31.4,6.2,39.8,273.8,88.5,5.7,25-04-2024,24-08-2024,121,0.43
IND06373,Uttar Pradesh,Alluvial,Wheat,15.8,6.1,32.1,133.3,44.4,27.6,10-02-2024,20-06-2024,131,0.55
IND06374,Odisha,Alluvial,Sugarcane,24,6.6,23.2,194.7,53.8,0,10-12-2024,13-03-2025,93,0.67
IND06375,Punjab,Alluvial,Rice,23.7,7.2,39.9,208.1,89.1,0,17-03-2024,21-06-2024,96,0.55
IND06376,Andhra Pradesh,Black,Wheat,29.3,7.6,32.3,279.6,73.3,0,21-02-2024,25-07-2024,155,0.72
IND06377,Tamil Nadu,Laterite,Rice,21.6,6.6,34.7,63.2,78.2,27.4,08-02-2024,04-05-2024,86,0.42
IND06378,Kerala,Laterite,Rice,31.1,7.5,30.8,180,44.7,13.6,03-09-2024,09-12-2024,97,0.67
IND06379,Madhya Pradesh,Black,Cotton,30.4,7.4,29.7,238.7,76.4,0,04-08-2024,21-11-2024,109,0.36
IND06380,Telangana,Black,Cotton,42.6,6.2,29.6,84.8,78.3,26.2,14-08-2024,09-01-2025,148,0.79
IND06381,West Bengal,Alluvial,Pulses,19,7,26.7,254.2,85.8,3.2,22-09-2024,20-01-2025,120,0.78
IND06382,Haryana,Alluvial,Maize,42.1,7.5,29.7,114.2,43.9,5.4,14-06-2024,22-10-2024,130,0.7
IND06383,Maharashtra,Laterite,Rice,28.6,6.5,23,195,62.2,10.6,08-07-2024,24-11-2024,139,0.47
IND06384,Tamil Nadu,Laterite,Groundnut,16.3,7.2,31.5,218.1,81,14.7,21-09-2024,29-12-2024,99,0.73
IND06385,West Bengal,Laterite,Rice,43.1,6.4,37,106.8,65.5,1.9,13-12-2024,24-03-2025,101,0.84
IND06386,Uttar Pradesh,Alluvial,Pulses,43.1,7.4,27.3,53.4,83.8,24.2,06-09-2024,13-02-2025,160,0.48
IND06387,Gujarat,Black,Cotton,18.1,7.4,24.9,205.8,81.3,3.6,01-06-2024,21-10-2024,142,0.35
IND06388,Haryana,Alluvial,Maize,17.9,6.4,22.6,173.7,70.6,20.9,08-12-2024,17-04-2025,130,0.62
IND06389,Rajasthan,Alluvial,Wheat,40.1,6.5,25.3,147.9,74.6,3.6,10-01-2024,15-06-2024,157,0.62
IND06390,Gujarat,Black,Wheat,21.2,7.6,24.3,74.5,62.8,41.4,25-10-2024,27-01-2025,94,0.83
IND06391,Punjab,Alluvial,Pulses,28.4,7.4,27.3,239,56.3,2.6,12-07-2024,05-12-2024,146,0.45
IND06392,Rajasthan,Desert,Millet,44.9,7,34,174.7,67.1,0,17-10-2024,03-02-2025,109,0.88
IND06393,West Bengal,Laterite,Rice,19.6,6.6,36.7,151.8,47.6,29.9,05-03-2024,02-08-2024,150,0.87
IND06394,Odisha,Alluvial,Wheat,16,7.2,20.7,29.6,76.3,11.2,13-10-2024,24-01-2025,103,0.39
IND06395,Andhra Pradesh,Black,Cotton,31.6,7.1,30,192.8,68.3,22.9,14-02-2024,21-06-2024,128,0.77
IND06396,Maharashtra,Laterite,Groundnut,31.4,6.5,30.6,121.9,76.5,1.8,10-09-2024,16-12-2024,97,0.8
IND06397,West Bengal,Laterite,Groundnut,20.4,6.4,39.7,200.5,89.1,3.9,20-05-2024,22-08-2024,94,0.85
IND06398,Haryana,Alluvial,Pulses,21.1,7.5,18.6,85.6,72.7,11.1,19-05-2024,02-09-2024,106,0.77
IND06399,Rajasthan,Alluvial,Rice,42,6.6,26.8,59.8,64.3,29.9,08-05-2024,13-10-2024,158,0.71
IND06400,Punjab,Alluvial,Maize,16.1,6.2,22.5,125.9,87.6,28.1,22-09-2024,20-01-2025,120,0.67
IND06401,Andhra Pradesh,Black,Cotton,16.6,6,19.3,186.1,48.8,31.5,06-04-2024,12-08-2024,128,0.49
IND06402,Maharashtra,Red,Groundnut,41,6.1,32.3,211.6,51.7,0,15-06-2024,23-09-2024,100,0.7
IND06403,Tamil Nadu,Red,Millet,33.9,6.2,29.7,62.8,76.3,20.9,22-03-2024,23-07-2024,123,0.38
IND06404,Punjab,Alluvial,Rice,21.6,7.7,37.8,45.3,58.9,31.1,16-07-2024,26-10-2024,102,0.87
IND06405,Bihar,Alluvial,Sugarcane,16.7,6.1,30.2,26.3,88.5,21.9,19-05-2024,26-08-2024,99,0.86
IND06406,Andhra Pradesh,Red,Millet,40,6.8,25.3,124.5,46.8,0,23-12-2024,06-04-2025,104,0.55
IND06407,Rajasthan,Alluvial,Rice,38.5,6.3,33.2,113.6,89,4,11-08-2024,07-11-2024,88,0.67
IND06408,Maharashtra,Red,Maize,21,7.4,38.1,285.2,74.8,5.8,01-02-2024,14-05-2024,103,0.45
IND06409,Rajasthan,Desert,Millet,24.4,7.4,24.1,293.7,44.3,0,20-02-2024,24-06-2024,125,0.43
IND06410,Bihar,Alluvial,Pulses,22.3,6.5,24.9,160.2,54.2,36.6,07-04-2024,12-08-2024,127,0.6
IND06411,Haryana,Alluvial,Sugarcane,12.3,6.4,38.1,134,65.8,33.4,05-01-2024,20-05-2024,136,0.78
IND06412,Haryana,Alluvial,Rice,38.9,7.1,26.4,205.3,56.7,0,01-06-2024,14-09-2024,105,0.61
IND06413,Punjab,Alluvial,Wheat,40.6,7,27.5,231.2,69.2,0,09-12-2024,22-03-2025,103,0.68
IND06414,Haryana,Alluvial,Wheat,40.3,7.8,26.9,80.7,86,23.2,17-08-2024,25-11-2024,100,0.61
IND06415,Tamil Nadu,Red,Pulses,14.3,6.3,32,228.3,50.4,35.3,03-06-2024,15-10-2024,134,0.67
IND06416,Bihar,Alluvial,Rice,39.6,7.7,31.3,143.5,60.2,23.6,01-09-2024,04-01-2025,125,0.56
IND06417,Gujarat,Alluvial,Pulses,38.6,7.5,30.5,106.8,63.5,1.5,15-12-2024,07-04-2025,113,0.57
IND06418,Haryana,Alluvial,Pulses,33.8,6.2,33,218,59.7,23,20-06-2024,05-10-2024,107,0.64
IND06419,Andhra Pradesh,Red,Maize,21.4,7.2,23.3,37.8,83.2,45.4,09-02-2024,30-06-2024,142,0.62
IND06420,Maharashtra,Laterite,Rice,34,6.5,31.3,156.7,82.7,0,02-09-2024,13-12-2024,102,0.67
IND06421,Maharashtra,Black,Wheat,39.6,7.3,26.5,49.2,42.4,18,21-05-2024,30-09-2024,132,0.62
IND06422,Gujarat,Black,Cotton,14.6,6.1,22.4,80.4,60.1,13.4,13-07-2024,29-11-2024,139,0.68
IND06423,Uttar Pradesh,Alluvial,Rice,41.9,7.1,23.4,97.1,68.2,24.3,11-01-2024,31-05-2024,141,0.38
IND06424,Punjab,Alluvial,Sugarcane,22.1,7.1,39.2,37.7,89.9,12.3,18-08-2024,25-12-2024,129,0.35
IND06425,Karnataka,Black,Wheat,24.5,7,36,215.2,45.9,21.3,09-01-2024,22-05-2024,134,0.76
IND06426,West Bengal,Laterite,Groundnut,17.7,7.2,30.3,76.8,45.6,13.3,14-04-2024,20-08-2024,128,0.69
IND06427,Rajasthan,Desert,Millet,37.6,7.5,27.7,241.7,88.7,18.3,25-09-2024,27-01-2025,124,0.83
IND06428,Bihar,Alluvial,Maize,29.9,7.3,24.8,130.7,47,29.7,17-01-2024,19-04-2024,93,0.71
IND06429,Karnataka,Red,Millet,12.3,7.1,35.9,188.2,75.1,8.2,16-09-2024,08-01-2025,114,0.36
IND06430,Kerala,Laterite,Rice,33.3,7.7,18.6,77.8,72.2,13,07-10-2024,20-02-2025,136,0.5
IND06431,West Bengal,Alluvial,Pulses,21.6,7.5,30.5,291.2,70,15.6,12-11-2024,08-02-2025,88,0.74
IND06432,Madhya Pradesh,Red,Maize,32.8,7.5,19.8,111.3,87.8,7.2,09-09-2024,11-02-2025,155,0.43
IND06433,Karnataka,Laterite,Rice,24.2,6.7,31,287.9,43.1,4.3,15-05-2024,05-10-2024,143,0.49
IND06434,West Bengal,Alluvial,Maize,42.8,7,20.8,199.4,41.5,19,13-10-2024,07-02-2025,117,0.53
IND06435,Telangana,Black,Cotton,17.3,6.4,22.6,292.1,73.1,12.3,14-10-2024,15-02-2025,124,0.5
IND06436,Odisha,Laterite,Groundnut,16.9,7.1,18.3,200,46.7,32.1,16-12-2024,17-04-2025,122,0.87
IND06437,Gujarat,Black,Cotton,17.6,6.7,29.2,261.3,72,11.3,22-10-2024,13-03-2025,142,0.76
IND06438,Uttar Pradesh,Alluvial,Rice,17.7,6.8,35,110.9,86.1,13.9,07-03-2024,10-06-2024,95,0.76
IND06439,Gujarat,Black,Wheat,41.5,7.7,23.2,62.1,85.5,23.9,19-11-2024,05-03-2025,106,0.88
IND06440,Haryana,Alluvial,Wheat,42.1,7.6,39.5,188.3,79.4,10.3,06-07-2024,14-10-2024,100,0.53
IND06441,Uttar Pradesh,Alluvial,Sugarcane,22.8,7.6,22.4,129.5,64.4,31.1,22-02-2024,21-06-2024,120,0.69
IND06442,Andhra Pradesh,Red,Pulses,16.1,6.4,39,119.6,82.4,12.9,08-02-2024,27-05-2024,109,0.71
IND06443,Punjab,Alluvial,Wheat,31,7.4,29.1,219.1,51.7,23.4,24-03-2024,26-08-2024,155,0.88
IND06444,Gujarat,Alluvial,Pulses,35.9,6.2,37.5,212.4,41,6.2,24-03-2024,07-08-2024,136,0.57
IND06445,Haryana,Alluvial,Maize,13.4,7.8,33,130.5,41,24.3,08-01-2024,18-05-2024,131,0.75
IND06446,Karnataka,Black,Cotton,14.8,6.7,26.1,116.4,65.7,29.2,09-04-2024,25-07-2024,107,0.49
IND06447,Tamil Nadu,Red,Groundnut,28.4,7,28.7,262.3,76.1,2.3,21-07-2024,17-11-2024,119,0.78
IND06448,Bihar,Alluvial,Sugarcane,15.4,7.6,19.3,286.3,78.8,0,17-05-2024,19-08-2024,94,0.37
IND06449,Madhya Pradesh,Red,Millet,43.2,7.1,30.8,37.3,83.5,12.3,02-02-2024,29-04-2024,87,0.59
IND06450,Karnataka,Laterite,Rice,33.7,6.1,19.3,225,44.9,3.9,03-03-2024,15-06-2024,104,0.86
IND06451,Gujarat,Black,Wheat,23,7,27,263.9,81.2,7.8,22-10-2024,24-02-2025,125,0.88
IND06452,Andhra Pradesh,Black,Sugarcane,31.7,7.4,37.1,36.4,69.2,25,07-04-2024,28-08-2024,143,0.48
IND06453,Punjab,Alluvial,Wheat,21.9,7.2,29.9,153.9,45.3,18.1,12-04-2024,16-07-2024,95,0.52
IND06454,Kerala,Laterite,Rice,29.2,7.1,22,44.6,67.8,29.5,11-04-2024,27-07-2024,107,0.49
IND06455,Tamil Nadu,Black,Cotton,21.3,7.6,29.5,127.8,45.8,36.8,17-02-2024,17-07-2024,151,0.42
IND06456,Bihar,Alluvial,Rice,41.4,7.5,34.9,208.6,74.3,15.6,25-10-2024,30-01-2025,97,0.7
IND06457,Maharashtra,Laterite,Rice,17.4,6.6,24.1,289,89.4,0,25-09-2024,09-02-2025,137,0.74
IND06458,Telangana,Black,Cotton,26,6.4,25.5,58.3,84.2,42.4,06-11-2024,16-03-2025,130,0.51
IND06459,Tamil Nadu,Black,Cotton,14.5,6,38.6,203.4,86.5,37,20-07-2024,14-11-2024,117,0.59
IND06460,Gujarat,Alluvial,Maize,42.6,6.8,29.1,288.6,73,0,24-05-2024,28-08-2024,96,0.62
IND06461,Karnataka,Laterite,Groundnut,14,7.4,19.6,162.2,76.2,6.8,17-09-2024,08-02-2025,144,0.37
IND06462,Madhya Pradesh,Red,Maize,41.5,7.5,27.7,93.8,66,11.6,01-06-2024,15-09-2024,106,0.73
IND06463,Gujarat,Alluvial,Maize,36.1,6.4,27.9,262.8,47.8,0,21-01-2024,08-06-2024,139,0.7
IND06464,Karnataka,Laterite,Rice,35.9,7.1,33.7,244,71.3,0,01-05-2024,14-08-2024,105,0.43
IND06465,Kerala,Laterite,Rice,19.9,6.9,38.4,256,52.5,21,05-04-2024,01-09-2024,149,0.56
IND06466,Rajasthan,Alluvial,Rice,22.8,6.8,24.8,29.2,87.2,44.8,02-08-2024,06-12-2024,126,0.9
IND06467,Tamil Nadu,Laterite,Groundnut,12.6,6.2,20.5,211.3,67.5,3.5,16-02-2024,17-07-2024,152,0.62
IND06468,Karnataka,Black,Cotton,42.5,6.8,27.5,130,69.8,16.4,13-06-2024,27-09-2024,106,0.8
IND06469,West Bengal,Laterite,Groundnut,42.8,6.4,21.1,76.3,60.7,24.3,14-02-2024,03-06-2024,110,0.6
IND06470,Uttar Pradesh,Alluvial,Maize,34.2,7.2,31.2,170.4,53.7,10,24-12-2024,07-04-2025,104,0.5
IND06471,Uttar Pradesh,Alluvial,Pulses,15.9,6.6,22.9,232.3,74.1,24.7,22-02-2024,23-05-2024,91,0.88
IND06472,Telangana,Black,Wheat,35.6,6.4,20.2,241.5,69.2,24.2,04-09-2024,04-02-2025,153,0.6
IND06473,Haryana,Alluvial,Maize,30.9,6.4,18.8,28.9,79.1,38.2,04-10-2024,16-01-2025,104,0.49
IND06474,West Bengal,Alluvial,Maize,25,7.5,26.6,65.5,44.5,37.1,14-06-2024,21-09-2024,99,0.42
IND06475,West Bengal,Alluvial,Rice,16.1,7,34.6,279.8,48.3,0,06-04-2024,05-09-2024,152,0.57
IND06476,Haryana,Alluvial,Pulses,13.2,7.7,38.5,230.9,59.7,16.9,17-09-2024,14-12-2024,88,0.6
IND06477,Karnataka,Black,Sugarcane,20.6,6.1,30.6,71.2,72.4,19.3,17-12-2024,08-05-2025,142,0.84
IND06478,Bihar,Alluvial,Sugarcane,19.1,6.1,30.9,143.2,84.4,1.6,19-09-2024,25-02-2025,159,0.79
IND06479,Punjab,Alluvial,Rice,33.6,6.7,39.3,268.8,63.9,0,16-10-2024,23-02-2025,130,0.75
IND06480,Odisha,Alluvial,Wheat,33.7,6.2,37.8,271.1,57.5,5.2,02-01-2024,29-05-2024,148,0.44
IND06481,Punjab,Alluvial,Maize,15.3,6.4,19.9,117.4,62.7,24.5,08-06-2024,15-09-2024,99,0.87
IND06482,Karnataka,Laterite,Rice,30.2,6.2,23,123.6,42.3,35.9,21-12-2024,29-04-2025,129,0.75
IND06483,Haryana,Alluvial,Rice,35,6.9,36.1,126.4,81.8,29.5,07-05-2024,24-09-2024,140,0.71
IND06484,Odisha,Laterite,Rice,16,6.5,21.8,39.2,42.5,23.7,19-04-2024,31-07-2024,103,0.53
IND06485,Maharashtra,Black,Cotton,18.2,6.4,35.5,266.5,89.3,31,16-06-2024,18-09-2024,94,0.52
IND06486,Haryana,Alluvial,Rice,32.3,7.8,33.1,117.2,62.8,2.8,21-11-2024,08-03-2025,107,0.52
IND06487,West Bengal,Laterite,Rice,27.3,6.8,36.9,253.1,56.5,19.5,25-03-2024,23-08-2024,151,0.83
IND06488,Haryana,Alluvial,Wheat,24.6,7,24.9,233.8,50.6,2.6,17-10-2024,04-02-2025,110,0.59
IND06489,Punjab,Alluvial,Sugarcane,19.8,6.3,24.1,240.1,62.7,11.1,11-10-2024,18-01-2025,99,0.64
IND06490,Gujarat,Alluvial,Maize,20.7,6.9,35.3,238.4,70.7,0,01-01-2024,08-05-2024,128,0.46
IND06491,Uttar Pradesh,Alluvial,Rice,16,6.7,30.2,146.2,78.6,12.3,08-05-2024,02-08-2024,86,0.51
IND06492,West Bengal,Alluvial,Pulses,19.8,6.6,22.5,151,63.7,27.8,03-02-2024,29-04-2024,86,0.75
IND06493,Punjab,Alluvial,Pulses,20.3,6.1,28.4,231.5,40.8,0,02-04-2024,17-08-2024,137,0.69
IND06494,West Bengal,Alluvial,Rice,32.2,7.1,37,227.4,80.3,0,11-04-2024,15-08-2024,126,0.74
IND06495,Rajasthan,Alluvial,Pulses,28.8,6.7,21.9,265,64.1,18.2,20-02-2024,28-05-2024,98,0.54
IND06496,Uttar Pradesh,Alluvial,Rice,27.8,6.7,33.8,194,52.7,10.3,25-07-2024,24-12-2024,152,0.45
IND06497,Rajasthan,Alluvial,Rice,26.2,6.2,36.4,188.7,45.2,5.9,21-08-2024,13-01-2025,145,0.84
IND06498,West Bengal,Alluvial,Pulses,15.8,7.4,20.5,255.8,83.8,24.5,15-08-2024,14-12-2024,121,0.65
IND06499,West Bengal,Laterite,Rice,28.2,7.5,25.4,248.6,40.6,16.1,16-10-2024,07-02-2025,114,0.41
IND06500,Tamil Nadu,Laterite,Groundnut,42.5,6.3,20.4,200.6,60.8,6.2,18-07-2024,15-10-2024,89,0.83
IND06501,Gujarat,Black,Wheat,36,6.8,39.4,227.7,54.6,6.7,21-05-2024,13-10-2024,145,0.46
IND06502,Andhra Pradesh,Black,Wheat,23.3,7.3,28.6,67.2,50.3,34.9,01-05-2024,22-09-2024,144,0.5
IND06503,Punjab,Alluvial,Pulses,30,7.3,39.4,221.3,81.9,0,13-06-2024,16-09-2024,95,0.8
IND06504,Bihar,Alluvial,Pulses,36.1,6.3,23.3,294.1,72.3,18.8,14-02-2024,13-06-2024,120,0.71
IND06505,Tamil Nadu,Black,Wheat,16.4,6.8,38,194.4,79.2,30.4,12-11-2024,11-04-2025,150,0.88
IND06506,Maharashtra,Red,Groundnut,34.1,6.1,36.6,166.5,81.9,4.8,25-03-2024,30-08-2024,158,0.8
IND06507,Punjab,Alluvial,Sugarcane,26.3,6.4,36.1,270.8,88.8,8,25-07-2024,22-11-2024,120,0.84
IND06508,Telangana,Black,Cotton,41.7,7.5,32.1,143.6,61.4,8.3,09-10-2024,13-01-2025,96,0.85
IND06509,Punjab,Alluvial,Maize,40.4,6.1,39.4,271.1,63.6,0,12-01-2024,10-06-2024,150,0.55
IND06510,West Bengal,Alluvial,Wheat,20.7,7.2,30.3,42.1,87.3,46.6,20-08-2024,09-12-2024,111,0.47
IND06511,Punjab,Alluvial,Pulses,38.7,7.5,24.5,259.7,80.5,3.1,11-05-2024,20-08-2024,101,0.7
IND06512,West Bengal,Laterite,Rice,32.7,7.4,36.9,60.3,50.2,32.7,11-02-2024,07-05-2024,86,0.6
IND06513,Telangana,Red,Pulses,41.3,6.5,39.5,293.3,59.2,0,03-02-2024,12-05-2024,99,0.72
IND06514,Punjab,Alluvial,Sugarcane,44.7,7.4,39.5,262,72.9,0,18-07-2024,08-12-2024,143,0.37
IND06515,Telangana,Black,Sugarcane,12.6,7.6,25.3,77.5,50.5,27.8,20-10-2024,13-03-2025,144,0.39
IND06516,Karnataka,Black,Sugarcane,44,6.8,31.2,218.9,77.2,0,01-01-2024,07-05-2024,127,0.47
IND06517,Punjab,Alluvial,Wheat,13.3,7.4,21.5,185.1,60,34.1,25-08-2024,13-01-2025,141,0.42
IND06518,Telangana,Red,Maize,16.6,6.9,25.3,183,73.4,0.1,23-01-2024,26-04-2024,94,0.56
IND06519,Gujarat,Black,Sugarcane,20.8,7.3,20.5,276,66.1,0,24-03-2024,07-07-2024,105,0.57
IND06520,Bihar,Alluvial,Sugarcane,19,7.5,39.9,113,87.1,22.5,06-12-2024,16-04-2025,131,0.54
IND06521,Bihar,Alluvial,Rice,17,7.5,35.8,232.8,46.2,20,21-01-2024,13-05-2024,113,0.83
IND06522,Tamil Nadu,Black,Sugarcane,33.4,6.6,19.1,239.5,63.9,19.5,24-09-2024,26-01-2025,124,0.79
IND06523,Karnataka,Black,Sugarcane,31.8,6.6,25.2,178.6,49.8,27.8,04-01-2024,30-04-2024,117,0.55
IND06524,Odisha,Alluvial,Sugarcane,34.3,6.5,32.7,35.6,41.7,25.2,24-01-2024,23-06-2024,151,0.54
IND06525,Rajasthan,Alluvial,Rice,28.3,6.6,33.3,294.8,74.6,14.8,17-12-2024,09-05-2025,143,0.8
IND06526,Odisha,Laterite,Rice,42.8,6.4,28.1,143.4,88.2,22.6,09-11-2024,01-03-2025,112,0.72
IND06527,Punjab,Alluvial,Rice,44.3,6.7,31.6,76.1,71.5,10.8,07-11-2024,14-02-2025,99,0.69
IND06528,Maharashtra,Laterite,Groundnut,36.4,7.1,26.5,205.8,59.7,0,25-02-2024,30-06-2024,126,0.65
IND06529,Haryana,Alluvial,Rice,29.3,7.6,29.1,42.4,63.1,11.3,14-10-2024,11-03-2025,148,0.64
IND06530,Tamil Nadu,Laterite,Rice,39.7,7.4,20.5,197.3,45.8,0,05-02-2024,14-06-2024,130,0.66
IND06531,Maharashtra,Laterite,Groundnut,44.8,6.9,23.8,95.6,50.5,0,10-08-2024,14-01-2025,157,0.4
IND06532,Rajasthan,Desert,Millet,22.6,7.5,25.3,274.3,54.8,13.2,25-12-2024,02-06-2025,159,0.77
IND06533,Haryana,Alluvial,Wheat,44.8,6.1,33.4,28.3,61.8,24.7,17-06-2024,14-09-2024,89,0.85
IND06534,Rajasthan,Desert,Millet,16.7,6.6,22.6,149.5,77.9,37,14-04-2024,25-07-2024,102,0.84
IND06535,Haryana,Alluvial,Pulses,36.7,6.3,32.9,186,66.9,21.5,21-10-2024,10-03-2025,140,0.42
IND06536,Tamil Nadu,Red,Maize,30,6.5,30.5,88.1,45.2,38.8,08-09-2024,21-12-2024,104,0.45
IND06537,Haryana,Alluvial,Pulses,25,7.1,19.2,205.5,52.2,22.4,13-03-2024,05-07-2024,114,0.39
IND06538,Karnataka,Black,Wheat,35.1,7,28.2,200.8,64,22.6,05-04-2024,25-07-2024,111,0.67
IND06539,Odisha,Alluvial,Rice,13.2,7.2,28.2,72.8,61.9,43.1,10-01-2024,17-06-2024,159,0.52
IND06540,West Bengal,Laterite,Rice,25.3,6.8,39.9,258,53,15.4,14-01-2024,10-04-2024,87,0.73
IND06541,Madhya Pradesh,Black,Sugarcane,18.9,6.2,18.4,86.3,66.1,36.4,22-10-2024,01-03-2025,130,0.7
IND06542,Kerala,Laterite,Rice,27.1,7.7,34.7,236.8,51.3,25.8,11-05-2024,27-08-2024,108,0.6
IND06543,West Bengal,Laterite,Rice,38.4,7.4,27,212.4,58.9,6.1,22-02-2024,14-06-2024,113,0.37
IND06544,Bihar,Alluvial,Wheat,16,7.8,20.5,166.6,53.6,32.6,12-06-2024,30-10-2024,140,0.54
IND06545,Telangana,Red,Millet,35.8,6.3,32.7,85.6,75.5,30.9,14-01-2024,19-05-2024,126,0.77
IND06546,Telangana,Red,Pulses,23.2,6.3,26.9,201.9,50.8,6.8,17-04-2024,17-07-2024,91,0.85
IND06547,Tamil Nadu,Laterite,Rice,42.4,6.9,37,261.4,71.1,10.2,16-12-2024,10-04-2025,115,0.43
IND06548,Telangana,Red,Pulses,40.6,6.7,25.7,60.3,49.5,33.6,18-07-2024,15-10-2024,89,0.62
IND06549,Kerala,Laterite,Rice,27.8,7.4,35.5,131.1,85.9,12.7,07-06-2024,14-09-2024,99,0.73
IND06550,Karnataka,Black,Wheat,27.5,7.3,24.2,115.1,88.2,5.2,16-10-2024,20-01-2025,96,0.57
IND06551,Rajasthan,Alluvial,Sugarcane,13.4,7,21.9,192.3,46,1.9,24-05-2024,10-09-2024,109,0.5
IND06552,Kerala,Laterite,Rice,21.7,6.4,36.6,219.2,88.6,14.6,21-03-2024,23-06-2024,94,0.75
IND06553,Kerala,Laterite,Groundnut,38.9,7.6,27.4,267.1,74.9,22,06-09-2024,24-12-2024,109,0.5
IND06554,Bihar,Alluvial,Maize,24.3,7,18.9,178.1,61.3,16,25-10-2024,28-01-2025,95,0.42
IND06555,Haryana,Alluvial,Pulses,13.7,6.7,35,278.3,44.7,0,04-12-2024,06-03-2025,92,0.89
IND06556,West Bengal,Laterite,Rice,43.5,7.4,37.5,166.9,45.4,15.3,14-05-2024,01-10-2024,140,0.75
IND06557,Bihar,Alluvial,Wheat,29.7,6.7,34.8,57.2,72.8,34.9,22-02-2024,09-06-2024,108,0.69
IND06558,Tamil Nadu,Laterite,Groundnut,26,6.9,35,91.7,79.9,20.1,18-06-2024,07-11-2024,142,0.38
IND06559,Telangana,Red,Groundnut,38.9,7.3,22.9,90,68.7,5.7,06-08-2024,09-11-2024,95,0.61
IND06560,Telangana,Red,Pulses,35.8,6.7,24,157.2,80.3,16.5,13-01-2024,13-05-2024,121,0.69
IND06561,Kerala,Laterite,Groundnut,37.8,6.8,39.7,249.9,60.5,0,10-11-2024,09-02-2025,91,0.63
IND06562,Tamil Nadu,Laterite,Rice,27.1,6.9,28.2,156.1,72.9,5.3,02-06-2024,01-09-2024,91,0.38
IND06563,Uttar Pradesh,Alluvial,Pulses,36.9,6.6,34.1,149.3,80.2,7.8,15-08-2024,30-11-2024,107,0.9
IND06564,Karnataka,Red,Pulses,31.5,6.1,35.9,22.1,58.8,17.1,01-03-2024,06-08-2024,158,0.75
IND06565,Bihar,Alluvial,Wheat,33.4,7.4,28.8,69,52.1,2.1,20-04-2024,19-09-2024,152,0.82
IND06566,Bihar,Alluvial,Maize,37.8,6,32.7,161.9,83.2,13.6,06-06-2024,17-10-2024,133,0.63
IND06567,Haryana,Alluvial,Sugarcane,38.9,7.2,19,197.6,67.2,0,14-09-2024,16-02-2025,155,0.89
IND06568,Odisha,Laterite,Rice,36.5,7.1,30,201.7,72,10.9,01-12-2024,03-04-2025,123,0.69
IND06569,Karnataka,Laterite,Rice,32.8,7.8,24.7,242.8,74,18.8,11-11-2024,06-03-2025,115,0.55
IND06570,Andhra Pradesh,Red,Millet,42,7.2,34.9,289.2,86,0,20-04-2024,23-09-2024,156,0.35
IND06571,Odisha,Laterite,Groundnut,29.4,7,29.9,214.6,65.9,21.6,10-06-2024,11-10-2024,123,0.38
IND06572,Uttar Pradesh,Alluvial,Rice,41.4,6.7,32.9,203.2,48.4,6.4,10-09-2024,05-12-2024,86,0.43
IND06573,Maharashtra,Black,Wheat,41.7,6.4,38.7,43.2,44,39.5,16-10-2024,17-03-2025,152,0.46
IND06574,Bihar,Alluvial,Pulses,18.8,6.7,22.5,298.7,82.7,2,25-08-2024,27-12-2024,124,0.81
IND06575,Odisha,Alluvial,Wheat,39.4,7.7,28.2,256.4,80.5,17.9,15-02-2024,19-07-2024,155,0.42
IND06576,Punjab,Alluvial,Sugarcane,19.2,7.5,40,172.9,75.8,37.1,19-07-2024,16-10-2024,89,0.89
IND06577,Haryana,Alluvial,Sugarcane,38.7,7.7,22.8,148.6,74.8,30.2,04-04-2024,17-08-2024,135,0.46
IND06578,Odisha,Laterite,Rice,30.5,7.2,28.5,224.2,74.2,0,19-02-2024,26-07-2024,158,0.46
IND06579,Punjab,Alluvial,Maize,21.8,7.1,29.4,198.5,87.4,34.9,11-12-2024,23-03-2025,102,0.47
IND06580,Odisha,Laterite,Rice,26.2,6.9,30.5,277.1,59.1,0,22-10-2024,27-02-2025,128,0.61
IND06581,West Bengal,Laterite,Groundnut,28.5,6.4,33.5,133.9,55.8,28.4,21-08-2024,21-12-2024,122,0.8
IND06582,Andhra Pradesh,Black,Cotton,19.8,6.3,20,272.4,82.7,0,23-09-2024,20-02-2025,150,0.72
IND06583,Uttar Pradesh,Alluvial,Sugarcane,43.8,6.7,32,100,47.1,0,10-10-2024,14-01-2025,96,0.73
IND06584,Uttar Pradesh,Alluvial,Pulses,39.8,7.2,18.8,90.2,51,13.1,22-09-2024,12-02-2025,143,0.69
IND06585,Odisha,Laterite,Rice,18.9,6.9,21.5,99.8,74.9,43.2,03-03-2024,02-07-2024,121,0.47
IND06586,Madhya Pradesh,Red,Pulses,23.7,6.2,23.2,47.8,50.5,36.9,10-06-2024,03-11-2024,146,0.68
IND06587,Madhya Pradesh,Black,Sugarcane,35.7,7.5,21,158.2,43.2,0,25-08-2024,17-12-2024,114,0.86
IND06588,Kerala,Laterite,Rice,37.3,6.4,21.8,83.2,43.1,35.9,10-01-2024,18-04-2024,99,0.48
IND06589,Karnataka,Black,Sugarcane,16.9,6.4,34.7,141.4,66.9,13.4,09-04-2024,09-08-2024,122,0.51
IND06590,Rajasthan,Alluvial,Pulses,24.6,7.3,21.3,199.1,76.4,3.4,10-01-2024,16-06-2024,158,0.89
IND06591,Gujarat,Black,Cotton,27.7,7,30.4,130.7,56.6,34.6,08-03-2024,15-08-2024,160,0.37
IND06592,Telangana,Red,Maize,14.1,7,30.1,116.4,65.7,19.7,07-06-2024,13-10-2024,128,0.73
IND06593,Uttar Pradesh,Alluvial,Wheat,21.6,6.9,31.6,182.5,52.9,35.2,03-07-2024,24-10-2024,113,0.57
IND06594,Maharashtra,Red,Maize,41.4,7.3,38.7,147.4,57.5,7.8,12-12-2024,01-05-2025,140,0.44
IND06595,Andhra Pradesh,Red,Groundnut,29,7.3,33.1,156.9,61.7,25.4,09-07-2024,09-11-2024,123,0.82
IND06596,Madhya Pradesh,Black,Cotton,43.2,7,18.1,225.4,72.3,24.2,03-09-2024,12-01-2025,131,0.42
IND06597,Gujarat,Alluvial,Pulses,21.4,7.4,22.7,282.3,60.4,0,20-05-2024,10-09-2024,113,0.65
IND06598,Odisha,Alluvial,Wheat,16.9,6.2,20.2,244.7,57.1,9.7,21-12-2024,03-05-2025,133,0.53
IND06599,Madhya Pradesh,Red,Groundnut,44.2,6.9,36.6,194.1,77.5,13.9,24-10-2024,18-02-2025,117,0.43
IND06600,Odisha,Laterite,Groundnut,31.9,7.4,31.6,236.4,44.7,26.6,24-06-2024,24-11-2024,153,0.46
IND06601,Andhra Pradesh,Red,Maize,40.8,6.1,32.1,45.9,43.8,20.2,08-12-2024,04-03-2025,86,0.8
IND06602,Tamil Nadu,Black,Wheat,16.8,7.6,21,77.2,50.9,15.5,11-01-2024,09-06-2024,150,0.7
IND06603,Bihar,Alluvial,Rice,23.4,7.3,18.8,160.6,57.7,20.9,11-06-2024,08-10-2024,119,0.63
IND06604,Bihar,Alluvial,Wheat,38,7.4,34.3,121,77.1,11.2,18-05-2024,09-10-2024,144,0.58
IND06605,Tamil Nadu,Laterite,Groundnut,36.5,7.2,35.5,296.1,48.4,18.3,06-04-2024,03-07-2024,88,0.59
IND06606,Madhya Pradesh,Red,Millet,40.2,6.2,28.8,252.8,44.6,0,03-09-2024,04-12-2024,92,0.49
IND06607,Odisha,Alluvial,Sugarcane,23.2,7.5,27.8,146.2,83,20.1,08-11-2024,26-02-2025,110,0.9
IND06608,Maharashtra,Red,Maize,16.9,7.6,37.2,239.5,84.1,12,18-09-2024,25-12-2024,98,0.87
IND06609,Uttar Pradesh,Alluvial,Pulses,25.4,7.3,39.1,248.4,44,6.7,15-11-2024,22-03-2025,127,0.59
IND06610,Uttar Pradesh,Alluvial,Rice,25.4,6.2,28.2,39.8,70.4,18.9,23-04-2024,09-09-2024,139,0.46
IND06611,Kerala,Laterite,Rice,30.9,7.1,39.4,56.6,40.2,32.9,18-06-2024,29-09-2024,103,0.88
IND06612,Uttar Pradesh,Alluvial,Wheat,40.7,7.3,28.2,30.2,44.3,38.6,25-02-2024,13-06-2024,109,0.88
IND06613,Gujarat,Alluvial,Wheat,35.3,6.4,31.1,168.4,53.8,0,19-11-2024,15-03-2025,116,0.86
IND06614,Punjab,Alluvial,Maize,27.6,7.7,19.1,38,89.7,15.3,13-06-2024,15-11-2024,155,0.7
IND06615,Maharashtra,Red,Groundnut,28.6,6.4,26.2,206.8,85.7,12,20-11-2024,16-04-2025,147,0.48
IND06616,West Bengal,Alluvial,Maize,31.4,7.8,26.5,189.1,57.9,13.5,02-06-2024,04-09-2024,94,0.9
IND06617,West Bengal,Laterite,Groundnut,21.1,6.1,39.9,38,69.9,48.2,10-07-2024,07-11-2024,120,0.71
IND06618,Kerala,Laterite,Rice,24.7,6.9,22.2,45.9,44.9,22.1,19-08-2024,06-01-2025,140,0.75
IND06619,Tamil Nadu,Black,Sugarcane,12.2,6.8,19.6,106,89,13.5,13-09-2024,23-01-2025,132,0.53
IND06620,Gujarat,Alluvial,Sugarcane,33.2,6.5,30.2,42.9,74.4,8.1,24-08-2024,17-01-2025,146,0.59
IND06621,Haryana,Alluvial,Rice,30.7,6.3,39.2,99.2,45.3,36.2,19-02-2024,09-06-2024,111,0.88
IND06622,Andhra Pradesh,Black,Cotton,15.8,6.4,37.7,192.9,41.9,23,20-07-2024,28-11-2024,131,0.39
IND06623,Rajasthan,Alluvial,Rice,27.7,7.5,34.8,146.4,48.3,36.7,20-10-2024,17-01-2025,89,0.81
IND06624,Punjab,Alluvial,Rice,18,7.3,25.1,200.7,51.7,1.8,21-07-2024,04-11-2024,106,0.85
IND06625,Maharashtra,Laterite,Rice,23.1,6.5,38,157.4,83.5,37.3,07-04-2024,05-08-2024,120,0.59
IND06626,Haryana,Alluvial,Rice,15.5,7.3,29.2,185.2,79,34.8,20-06-2024,06-10-2024,108,0.67
IND06627,Haryana,Alluvial,Wheat,40.8,6,27.8,48.9,89.9,23.5,23-05-2024,01-10-2024,131,0.86
IND06628,Madhya Pradesh,Red,Millet,34.4,7.2,37.6,276.5,56.7,0,24-04-2024,06-08-2024,104,0.59
IND06629,Telangana,Red,Millet,35.8,7.2,24.2,104.7,42.9,7.4,18-12-2024,30-03-2025,102,0.48
IND06630,Rajasthan,Desert,Millet,27.4,6.7,25.1,81.1,76.1,31.6,04-01-2024,10-04-2024,97,0.38
IND06631,West Bengal,Alluvial,Rice,24.8,6.5,30.3,33.9,66.1,43,02-11-2024,24-03-2025,142,0.46
IND06632,West Bengal,Laterite,Groundnut,41,7.7,22.5,32,86.1,15.6,23-05-2024,01-10-2024,131,0.8
IND06633,Haryana,Alluvial,Pulses,14.4,6.5,18.8,295.6,40.6,23.3,19-11-2024,22-03-2025,123,0.82
IND06634,Haryana,Alluvial,Pulses,35.3,7.1,23.2,158.5,74.6,0,08-10-2024,04-01-2025,88,0.89
IND06635,West Bengal,Alluvial,Wheat,16.7,7.3,20,153.3,59.1,16.3,03-03-2024,15-07-2024,134,0.85
IND06636,Uttar Pradesh,Alluvial,Sugarcane,35.2,7,31.7,287.7,45.4,0,03-06-2024,01-09-2024,90,0.35
IND06637,Rajasthan,Desert,Millet,18,6.3,27.2,88.5,60.4,29.6,10-04-2024,05-07-2024,86,0.45
IND06638,Tamil Nadu,Red,Maize,24.1,7.5,37.1,226.4,60.8,12.2,15-11-2024,24-04-2025,160,0.42
IND06639,Maharashtra,Red,Pulses,37.7,7.7,21.7,31.1,41.4,20.4,03-05-2024,07-10-2024,157,0.55
IND06640,Rajasthan,Desert,Millet,15.5,6.2,37.6,207.3,87.3,18.4,21-09-2024,21-01-2025,122,0.75
IND06641,Karnataka,Black,Cotton,28,6.7,31.7,299.1,52.1,16.2,13-09-2024,11-01-2025,120,0.5
IND06642,Maharashtra,Laterite,Groundnut,22.2,6.6,37.2,294.9,81.2,17.4,12-04-2024,11-09-2024,152,0.35
IND06643,Karnataka,Black,Cotton,23.3,6.6,26.1,294.5,62.4,20.1,05-03-2024,12-08-2024,160,0.8
IND06644,Kerala,Laterite,Rice,40.2,6.3,24.1,173,69.6,18.7,14-10-2024,26-01-2025,104,0.6
IND06645,Bihar,Alluvial,Maize,22.6,7.5,21.2,117.2,61.1,2.2,20-07-2024,13-10-2024,85,0.44
IND06646,Andhra Pradesh,Black,Cotton,26.2,7.4,19,209.9,56.3,6.8,04-08-2024,17-12-2024,135,0.44
IND06647,Bihar,Alluvial,Sugarcane,34.5,7.1,37.7,202.3,48.8,13.5,18-10-2024,11-02-2025,116,0.77
IND06648,Andhra Pradesh,Black,Sugarcane,13.3,6.2,30.9,140.9,85,8.4,22-11-2024,17-04-2025,146,0.54
IND06649,Gujarat,Alluvial,Rice,33.6,6.1,30,249.4,40.2,26.5,02-04-2024,07-09-2024,158,0.66
IND06650,Punjab,Alluvial,Rice,37.7,6.5,20.4,65.6,57.1,0.3,08-09-2024,31-12-2024,114,0.51
IND06651,West Bengal,Alluvial,Pulses,24.1,7.4,20.8,69.1,69.4,8.6,02-01-2024,12-05-2024,131,0.79
IND06652,Andhra Pradesh,Black,Wheat,35.2,7,38.7,226.1,78,2.2,09-03-2024,03-07-2024,116,0.41
IND06653,Telangana,Red,Millet,24.3,6.5,26.4,203.6,41.9,0,01-03-2024,24-07-2024,145,0.67
IND06654,Haryana,Alluvial,Pulses,14.4,7.5,34.2,221.3,85.5,22,07-08-2024,03-01-2025,149,0.66
IND06655,Telangana,Black,Cotton,23.8,7.1,29.8,263.7,70.8,0,21-09-2024,30-01-2025,131,0.62
IND06656,Telangana,Red,Groundnut,21.6,7,35.5,160.6,41.2,5.8,04-06-2024,18-10-2024,136,0.44
IND06657,Madhya Pradesh,Red,Maize,31.6,7.4,32.5,280.8,69.1,12.6,03-11-2024,12-03-2025,129,0.72
IND06658,Punjab,Alluvial,Wheat,19.1,6.6,35.4,105.6,81.4,40.5,25-01-2024,14-06-2024,141,0.37
IND06659,Bihar,Alluvial,Rice,44.8,6.2,35.1,133.8,79.4,18.8,16-07-2024,25-11-2024,132,0.76
IND06660,Rajasthan,Alluvial,Sugarcane,41.9,7.3,19.8,284.3,59.4,0,25-07-2024,30-12-2024,158,0.48
IND06661,West Bengal,Alluvial,Sugarcane,27.7,6.1,29.3,238.2,85,22.5,18-04-2024,04-08-2024,108,0.47
IND06662,Gujarat,Alluvial,Maize,40.4,6.2,31.4,276,70.8,0,10-06-2024,06-11-2024,149,0.5
IND06663,West Bengal,Alluvial,Pulses,35.9,6.5,29.7,29.1,41.4,25.3,04-12-2024,09-05-2025,156,0.38
IND06664,Bihar,Alluvial,Pulses,16,6,26.9,284.2,83.1,0,20-08-2024,26-11-2024,98,0.65
IND06665,Telangana,Black,Sugarcane,35.6,6.9,27.8,88.2,81.2,6.5,25-01-2024,03-06-2024,130,0.49
IND06666,Karnataka,Black,Sugarcane,40.2,7.2,23.4,273.8,46,13.1,10-02-2024,30-06-2024,141,0.73
IND06667,Telangana,Red,Groundnut,38.9,6.7,23.2,33,84.7,3.7,04-10-2024,18-01-2025,106,0.4
IND06668,Haryana,Alluvial,Maize,17.8,6.5,24.6,53.4,48.3,28,06-05-2024,19-08-2024,105,0.88
IND06669,West Bengal,Laterite,Groundnut,18.8,6.9,30.5,168.8,57.3,7.2,24-06-2024,03-10-2024,101,0.82
IND06670,Tamil Nadu,Red,Millet,23.8,6.4,18.2,39.9,48.8,20.4,13-05-2024,30-09-2024,140,0.73
IND06671,Karnataka,Laterite,Rice,30.2,6.2,18.7,109.3,63.5,26.2,21-10-2024,09-03-2025,139,0.76
IND06672,Rajasthan,Desert,Millet,27.7,6.8,26,177.5,73.5,18,09-02-2024,12-05-2024,93,0.82
IND06673,Uttar Pradesh,Alluvial,Pulses,14.5,6.9,21.2,211.9,89.8,23.7,02-01-2024,16-04-2024,105,0.74
IND06674,Punjab,Alluvial,Maize,36.4,6.7,22.4,32,87.2,6.6,19-07-2024,05-11-2024,109,0.44
IND06675,Tamil Nadu,Laterite,Groundnut,43.6,6.7,31.7,191.2,58,0,17-01-2024,29-04-2024,103,0.37
IND06676,Rajasthan,Alluvial,Maize,20.3,7.5,31.6,143.2,80.8,12.3,06-08-2024,12-12-2024,128,0.6
IND06677,Punjab,Alluvial,Pulses,12.6,7.4,31.6,295.8,74,30.2,24-09-2024,27-12-2024,94,0.67
IND06678,West Bengal,Laterite,Groundnut,27.8,6.7,37.8,63.9,51.6,5.8,10-08-2024,17-01-2025,160,0.37
IND06679,Tamil Nadu,Laterite,Groundnut,41,7.6,31.5,119.1,57.1,7.6,15-08-2024,20-12-2024,127,0.71
IND06680,Bihar,Alluvial,Pulses,36.4,7.4,27.1,162.4,80.1,14.5,23-01-2024,03-05-2024,101,0.56
IND06681,West Bengal,Alluvial,Rice,34.6,7.3,23.9,52.6,69.4,33.6,22-07-2024,20-12-2024,151,0.45
IND06682,Odisha,Alluvial,Pulses,24.1,6.3,20.8,86.6,73.8,10.7,24-08-2024,24-01-2025,153,0.54
IND06683,Karnataka,Black,Cotton,36.6,6.1,33.5,40.6,57.7,29.5,04-01-2024,19-04-2024,106,0.59
IND06684,Rajasthan,Alluvial,Maize,31.9,6.3,36.1,191,48.5,19.3,23-07-2024,03-11-2024,103,0.79
IND06685,Haryana,Alluvial,Wheat,41.9,7.1,38.7,262.9,50.6,0,01-12-2024,17-03-2025,106,0.76
IND06686,Rajasthan,Alluvial,Wheat,44.8,6.8,30.6,261.7,40.6,0,23-09-2024,06-02-2025,136,0.62
IND06687,Odisha,Alluvial,Maize,20.5,7.3,35.3,292.3,62.6,9.1,22-09-2024,09-02-2025,140,0.62
IND06688,West Bengal,Laterite,Groundnut,36.7,6.8,22.6,103.9,65,27,05-12-2024,22-04-2025,138,0.87
IND06689,Madhya Pradesh,Red,Maize,25.8,6.8,37.9,94.7,80.8,41.8,20-10-2024,15-03-2025,146,0.4
IND06690,Kerala,Laterite,Groundnut,14.2,6.8,20.6,83.9,60.2,10.2,13-11-2024,15-03-2025,122,0.46
IND06691,Gujarat,Black,Cotton,13.2,7,25.5,81.9,67.8,21.5,09-08-2024,14-01-2025,158,0.85
IND06692,Madhya Pradesh,Red,Millet,12.3,6.6,28.9,118.2,58.6,22,05-07-2024,26-11-2024,144,0.72
IND06693,Telangana,Black,Cotton,38.1,6.2,31.4,197.2,61.6,9.2,01-03-2024,20-06-2024,111,0.68
IND06694,Madhya Pradesh,Red,Pulses,13.9,6.6,27.9,264.4,48.4,0,24-07-2024,28-11-2024,127,0.36
IND06695,Odisha,Laterite,Groundnut,28.2,6.9,31.7,56.4,85.8,13.4,07-04-2024,24-08-2024,139,0.66
IND06696,Uttar Pradesh,Alluvial,Wheat,39.1,6.4,18.6,293.1,88.3,13.7,04-06-2024,02-11-2024,151,0.72
IND06697,Punjab,Alluvial,Pulses,39.2,6.9,34.8,30.6,77.5,11.8,21-03-2024,25-07-2024,126,0.6
IND06698,Andhra Pradesh,Black,Wheat,19.4,7.3,22.1,49.5,46.2,13.2,15-12-2024,19-05-2025,155,0.73
IND06699,Tamil Nadu,Laterite,Groundnut,32,6.2,23.8,171.3,42,10.2,07-06-2024,29-09-2024,114,0.36
IND06700,Odisha,Laterite,Groundnut,43.8,6.4,22,298.3,54.1,0,05-03-2024,05-07-2024,122,0.45
IND06701,Kerala,Laterite,Rice,22.2,6,18.5,178,79.9,24.6,18-08-2024,15-01-2025,150,0.45
IND06702,Bihar,Alluvial,Maize,15.1,6.7,18.9,48.3,88.9,21.1,05-06-2024,23-09-2024,110,0.84
IND06703,Maharashtra,Red,Maize,22.8,6.9,28.1,81.4,86.9,41,02-01-2024,23-04-2024,112,0.48
IND06704,Tamil Nadu,Red,Maize,42.9,7.5,20.6,274.7,49.5,14.8,05-12-2024,27-03-2025,112,0.6
IND06705,Karnataka,Red,Groundnut,37.9,7.3,34.7,167.5,63.5,28.7,12-12-2024,07-05-2025,146,0.67
IND06706,West Bengal,Alluvial,Rice,30.2,7.2,37.5,272.2,81,6.9,15-07-2024,02-12-2024,140,0.87
IND06707,West Bengal,Alluvial,Maize,40.6,7.7,37.3,253.1,54.2,0,02-09-2024,10-12-2024,99,0.65
IND06708,Haryana,Alluvial,Sugarcane,14.2,7.5,34.2,219.2,43.4,10.7,04-03-2024,28-07-2024,146,0.47
IND06709,Punjab,Alluvial,Wheat,32,6,28.9,109.9,73.1,9.4,01-04-2024,19-07-2024,109,0.68
IND06710,Kerala,Laterite,Rice,22.1,7.4,29.1,135.4,74.8,12.8,06-10-2024,20-02-2025,137,0.75
IND06711,Andhra Pradesh,Red,Millet,14.5,6.6,37.5,167.2,67,36.2,23-09-2024,24-02-2025,154,0.63
IND06712,Kerala,Laterite,Rice,43.5,6.4,31.7,182.1,84.6,27.4,02-11-2024,01-03-2025,119,0.7
IND06713,Karnataka,Laterite,Rice,29.1,7,37.6,111.9,62.3,34.4,04-04-2024,03-07-2024,90,0.78
IND06714,Punjab,Alluvial,Sugarcane,33.1,6.5,22.7,51.4,66.7,10.3,08-01-2024,09-05-2024,122,0.69
IND06715,Kerala,Laterite,Groundnut,19.2,6.9,32.7,29.8,64,33.7,11-10-2024,05-02-2025,117,0.36
IND06716,Odisha,Alluvial,Rice,15.6,7.3,23.9,195.2,40.1,28,03-12-2024,07-03-2025,94,0.63
IND06717,Bihar,Alluvial,Pulses,18.2,6.9,19.8,28.1,56,21.1,15-06-2024,15-10-2024,122,0.4
IND06718,Bihar,Alluvial,Sugarcane,24.9,6.3,29.5,206.2,51.9,0,11-05-2024,15-08-2024,96,0.69
IND06719,Telangana,Red,Maize,25.3,6.5,35.4,185,53.1,0,23-05-2024,27-09-2024,127,0.58
IND06720,Tamil Nadu,Red,Pulses,24.3,6.2,38.7,257,49.2,26.7,11-02-2024,17-05-2024,96,0.61
IND06721,Punjab,Alluvial,Pulses,28.4,7.1,20.2,140.4,52.5,27.4,01-11-2024,21-03-2025,140,0.42
IND06722,Madhya Pradesh,Black,Wheat,15.9,7.3,24.5,47.2,82.7,49.1,02-08-2024,18-12-2024,138,0.84
IND06723,Punjab,Alluvial,Wheat,26.9,6.3,26.5,27.4,58.4,27.1,14-06-2024,10-11-2024,149,0.79
IND06724,Rajasthan,Alluvial,Wheat,12.1,6.7,19,89.5,63.2,35.6,12-12-2024,07-05-2025,146,0.86
IND06725,Madhya Pradesh,Red,Groundnut,36.3,7.3,29,215.2,73.9,13.9,15-09-2024,24-01-2025,131,0.57
IND06726,Bihar,Alluvial,Maize,16.1,7.7,36.6,176.4,40,27.4,17-03-2024,09-08-2024,145,0.78
IND06727,Haryana,Alluvial,Wheat,36,6.4,35.3,207.7,80.9,0,04-10-2024,26-02-2025,145,0.63
IND06728,Madhya Pradesh,Black,Cotton,12.5,7.1,39.6,196.3,44.9,11.4,10-09-2024,10-12-2024,91,0.84
IND06729,Madhya Pradesh,Black,Sugarcane,20.2,7.2,30.7,139.2,62.3,10.4,16-04-2024,31-08-2024,137,0.61
IND06730,Bihar,Alluvial,Wheat,14.4,6.8,35.3,147.5,68,36.2,19-01-2024,25-04-2024,97,0.56
IND06731,Bihar,Alluvial,Maize,43,7.3,31,166.5,56.6,0,03-05-2024,04-09-2024,124,0.4
IND06732,West Bengal,Laterite,Rice,38.4,6.3,25,193.1,60.4,3.6,14-12-2024,12-04-2025,119,0.55
IND06733,Maharashtra,Black,Sugarcane,12.1,6.2,21.1,116.6,53.1,31.9,16-02-2024,20-06-2024,125,0.64
IND06734,Telangana,Black,Sugarcane,42.7,6.1,28.7,274.2,41,0,25-10-2024,23-01-2025,90,0.36
IND06735,Rajasthan,Desert,Millet,13.2,7,33.2,153.5,89.7,17.6,22-05-2024,10-09-2024,111,0.8
IND06736,Haryana,Alluvial,Maize,19.3,7.6,27.5,211.1,60.4,14.5,09-12-2024,02-05-2025,144,0.38
IND06737,Bihar,Alluvial,Maize,27.7,7.4,29.4,92.6,45.3,16.6,06-02-2024,24-06-2024,139,0.68
IND06738,Tamil Nadu,Black,Wheat,25.3,7.2,35.3,93.2,60.8,34.8,21-04-2024,06-09-2024,138,0.53
IND06739,Madhya Pradesh,Black,Cotton,25.8,6.3,20.4,242,40.3,6.2,05-03-2024,02-08-2024,150,0.39
IND06740,Tamil Nadu,Black,Sugarcane,21.9,7.4,18.8,49.7,78,27,01-01-2024,11-05-2024,131,0.58
IND06741,Maharashtra,Black,Cotton,25.4,6.1,18,191.4,54.3,12.7,18-12-2024,03-05-2025,136,0.61
IND06742,West Bengal,Laterite,Groundnut,19.8,7.8,35.2,49.1,72.1,33.1,18-01-2024,18-04-2024,91,0.47
IND06743,Gujarat,Alluvial,Pulses,32.1,6.7,21.4,98.8,71.4,1,12-04-2024,05-09-2024,146,0.77
IND06744,Andhra Pradesh,Black,Wheat,36.2,7.6,40,144.7,75.1,19.3,08-11-2024,11-03-2025,123,0.82
IND06745,Kerala,Laterite,Rice,37.9,6.3,32.1,289.5,82.4,0,13-01-2024,17-05-2024,125,0.51
IND06746,Haryana,Alluvial,Maize,35.9,7.1,24.7,79.5,41.8,16,12-09-2024,19-01-2025,129,0.75
IND06747,Tamil Nadu,Laterite,Rice,22.2,6.7,24.6,108.7,66,9,24-04-2024,29-08-2024,127,0.57
IND06748,Kerala,Laterite,Rice,39.9,6.8,20.2,209.2,66.1,0,14-11-2024,22-03-2025,128,0.68
IND06749,Gujarat,Black,Wheat,40.3,7.7,24.1,236,60.7,0,05-05-2024,07-09-2024,125,0.69
IND06750,Kerala,Laterite,Rice,20.4,6.4,32.6,237.3,81.9,9.8,25-05-2024,08-10-2024,136,0.48
IND06751,Odisha,Laterite,Rice,14.2,6,34,33.3,58.8,40.2,22-10-2024,08-03-2025,137,0.43
IND06752,Rajasthan,Desert,Millet,20.9,6.8,26.3,197.1,55.9,9.3,07-02-2024,06-06-2024,120,0.37
IND06753,Uttar Pradesh,Alluvial,Pulses,18.9,7.7,18,274.2,40.7,0,09-03-2024,05-07-2024,118,0.61
IND06754,Tamil Nadu,Black,Cotton,23.6,7.8,30.4,125.7,42.6,40.3,10-02-2024,14-06-2024,125,0.39
IND06755,Gujarat,Black,Wheat,44.2,7.4,29.7,283.6,55,11.3,05-05-2024,09-08-2024,96,0.82
IND06756,Rajasthan,Desert,Millet,33.7,6.2,34.4,143.7,85.6,10.1,23-04-2024,16-09-2024,146,0.71
IND06757,Kerala,Laterite,Groundnut,24.7,7.2,37.5,296.2,62.8,18.9,01-09-2024,26-01-2025,147,0.45
IND06758,Rajasthan,Alluvial,Maize,36.6,7.7,23.7,67.3,48.5,39.6,21-08-2024,26-12-2024,127,0.7
IND06759,Odisha,Laterite,Groundnut,37.2,7.7,34.1,151.7,68,0,02-09-2024,12-01-2025,132,0.4
IND06760,Punjab,Alluvial,Maize,21,6.7,18.6,274.5,79.2,26.4,04-07-2024,28-11-2024,147,0.39
IND06761,Haryana,Alluvial,Pulses,22,7,37.6,41.6,67,8.1,19-01-2024,10-06-2024,143,0.58
IND06762,Gujarat,Black,Sugarcane,12,7.8,23.9,98,47.9,40.2,19-02-2024,03-06-2024,105,0.39
IND06763,Telangana,Red,Millet,42.4,7.4,31.8,49,70.9,21.8,12-05-2024,23-08-2024,103,0.53
IND06764,Uttar Pradesh,Alluvial,Wheat,16.9,6,23.7,241.1,74.2,15.8,24-09-2024,27-02-2025,156,0.55
IND06765,Karnataka,Black,Wheat,37.2,6.1,18.3,68.6,48.3,19.9,21-09-2024,20-02-2025,152,0.82
IND06766,Karnataka,Red,Maize,35.4,6.5,20.8,185.1,75.6,2.7,01-03-2024,07-06-2024,98,0.55
IND06767,Telangana,Black,Sugarcane,25.3,6.5,25.8,57,73.4,41.3,03-01-2024,12-05-2024,130,0.62
IND06768,Punjab,Alluvial,Sugarcane,20.4,7.7,32.9,107.4,68,36.9,19-02-2024,19-05-2024,90,0.73
IND06769,Uttar Pradesh,Alluvial,Rice,40.5,7.5,29.3,239.5,64.2,0,17-12-2024,22-05-2025,156,0.57
IND06770,Maharashtra,Laterite,Groundnut,34.1,6.2,24.4,202.5,88.2,0,20-04-2024,16-07-2024,87,0.37
IND06771,Maharashtra,Laterite,Groundnut,34.8,6.7,34.1,282.5,71.6,9.2,16-07-2024,23-11-2024,130,0.52
IND06772,Gujarat,Black,Sugarcane,34.3,6.9,38.9,110.7,83,37,22-08-2024,19-12-2024,119,0.81
IND06773,Bihar,Alluvial,Maize,41,7.2,40,106.9,73.8,3.6,08-04-2024,06-08-2024,120,0.84
IND06774,Madhya Pradesh,Red,Millet,25.6,7.4,40,247.3,52.1,20.4,07-10-2024,06-03-2025,150,0.62
IND06775,Kerala,Laterite,Groundnut,22.1,6.3,25.2,40.9,57,23.6,10-01-2024,13-04-2024,94,0.4
IND06776,Punjab,Alluvial,Maize,44.8,6.6,20.5,204.1,76.4,0,07-02-2024,28-06-2024,142,0.67
IND06777,Kerala,Laterite,Rice,42.3,6.3,29.6,28.7,73.4,6.2,16-09-2024,31-12-2024,106,0.43
IND06778,Madhya Pradesh,Black,Wheat,43,6.7,20.5,180.9,55.6,5,17-01-2024,28-04-2024,102,0.72
IND06779,Kerala,Laterite,Rice,19.3,6.6,24.4,187.1,66.7,24.7,06-08-2024,01-12-2024,117,0.69
IND06780,Tamil Nadu,Black,Sugarcane,26.5,7.3,31.6,74,43.9,6.2,10-07-2024,09-10-2024,91,0.52
IND06781,Punjab,Alluvial,Pulses,18.7,6.3,28.3,126.5,42.3,30.6,08-07-2024,01-12-2024,146,0.57
IND06782,Madhya Pradesh,Red,Groundnut,39.3,7.6,39.4,58.4,79.4,19.3,08-01-2024,27-05-2024,140,0.87
IND06783,Kerala,Laterite,Groundnut,13.4,7.4,29.1,47.8,51.3,28,13-03-2024,19-08-2024,159,0.62
IND06784,Tamil Nadu,Black,Cotton,31.2,6.8,30.6,149,64,9.7,03-09-2024,06-12-2024,94,0.77
IND06785,Odisha,Alluvial,Maize,12.3,6.5,36.6,203.7,41.1,15.6,22-11-2024,28-04-2025,157,0.74
IND06786,Madhya Pradesh,Red,Maize,44,7.8,36.3,154.9,65.7,0,08-05-2024,31-08-2024,115,0.68
IND06787,Andhra Pradesh,Red,Pulses,23.2,6.1,19.1,259,54.8,18,22-12-2024,26-04-2025,125,0.64
IND06788,Haryana,Alluvial,Wheat,23.2,7.7,21.7,177.4,87.3,0,19-08-2024,01-01-2025,135,0.39
IND06789,Madhya Pradesh,Black,Wheat,14.3,6.8,28.3,48.3,77.9,13.5,16-04-2024,31-07-2024,106,0.61
IND06790,Andhra Pradesh,Black,Cotton,21.9,6.5,34.2,194.1,59,0.9,12-02-2024,12-06-2024,121,0.9
IND06791,West Bengal,Alluvial,Rice,41.2,6.9,35.6,164.3,69.4,6.5,18-01-2024,01-06-2024,135,0.86
IND06792,Punjab,Alluvial,Wheat,41,6.9,24.9,44.8,63.2,4.6,14-12-2024,07-04-2025,114,0.5
IND06793,Rajasthan,Desert,Millet,40.1,7.1,36.3,174.6,84.2,24.5,02-02-2024,24-05-2024,112,0.69
IND06794,Andhra Pradesh,Black,Sugarcane,17.3,6.4,33.8,236.5,58.5,19,06-05-2024,02-08-2024,88,0.55
IND06795,Tamil Nadu,Black,Cotton,38,7.7,28.4,104.9,48.9,25.6,18-07-2024,17-11-2024,122,0.52
IND06796,Andhra Pradesh,Red,Groundnut,25.6,7.5,29,146.6,72.9,25.5,16-07-2024,11-12-2024,148,0.84
IND06797,Rajasthan,Desert,Millet,24.1,7.4,38.7,277.7,48,2,25-12-2024,25-03-2025,90,0.83
IND06798,Punjab,Alluvial,Rice,44.8,7.6,26,254.3,61.5,4.4,12-11-2024,21-04-2025,160,0.58
IND06799,Bihar,Alluvial,Pulses,12.1,7.7,27,105.5,65,46,16-08-2024,28-12-2024,134,0.67
IND06800,Madhya Pradesh,Black,Cotton,13,7.5,30.4,130,81.9,39.8,12-09-2024,08-02-2025,149,0.75
IND06801,Andhra Pradesh,Black,Cotton,24.4,6.9,24.9,178.8,41,33.3,22-10-2024,05-02-2025,106,0.7
IND06802,Maharashtra,Red,Pulses,27.2,6.5,35.9,203.8,58.6,15.3,12-09-2024,14-02-2025,155,0.61
IND06803,Bihar,Alluvial,Maize,21.1,7,22.4,42.8,45.9,14.1,13-08-2024,27-12-2024,136,0.89
IND06804,Uttar Pradesh,Alluvial,Maize,44.5,6.4,21.6,291.2,45,0.4,23-01-2024,08-06-2024,137,0.65
IND06805,Rajasthan,Desert,Millet,37.8,6.7,27.8,30.2,40.4,33.6,07-07-2024,28-10-2024,113,0.61
IND06806,Haryana,Alluvial,Maize,24.9,7.8,34.1,252.3,63.3,24.8,03-06-2024,07-11-2024,157,0.56
IND06807,Telangana,Black,Wheat,42.7,6,36.9,97.9,55.6,18.5,09-01-2024,22-05-2024,134,0.75
IND06808,Tamil Nadu,Black,Wheat,23.4,6.6,27,33.5,69,12.9,17-08-2024,09-01-2025,145,0.42
IND06809,Tamil Nadu,Laterite,Rice,33.6,6.4,29.2,211.9,70.2,16.1,19-03-2024,19-06-2024,92,0.44
IND06810,West Bengal,Laterite,Groundnut,41.3,7.6,23,145.6,63.2,0.4,11-02-2024,14-07-2024,154,0.84
IND06811,Gujarat,Black,Sugarcane,32.7,6.9,19.2,240.9,80.7,16.4,16-11-2024,31-03-2025,135,0.89
IND06812,Maharashtra,Laterite,Rice,26,7.2,30.9,279.5,54.7,0,14-07-2024,16-10-2024,94,0.61
IND06813,Tamil Nadu,Laterite,Groundnut,20.3,7.2,22.8,267.8,70.3,16.4,14-06-2024,24-09-2024,102,0.48
IND06814,Karnataka,Laterite,Groundnut,23.7,6.6,21,232.9,53.7,4.9,13-06-2024,18-09-2024,97,0.6
IND06815,Maharashtra,Black,Sugarcane,17.6,6,28,226.5,54.8,17.6,19-11-2024,17-02-2025,90,0.51
IND06816,Punjab,Alluvial,Rice,31.1,6.5,22.5,76.3,49.3,33.6,02-03-2024,01-07-2024,121,0.75
IND06817,Punjab,Alluvial,Wheat,15.5,7.3,18.4,282.9,60.9,0,11-10-2024,21-02-2025,133,0.74
IND06818,Telangana,Red,Millet,38.4,7.2,20.7,218.2,57.7,10.4,03-11-2024,02-04-2025,150,0.67
IND06819,Uttar Pradesh,Alluvial,Pulses,43.4,7.2,28.5,206.1,59.6,24.6,09-01-2024,12-06-2024,155,0.38
IND06820,Tamil Nadu,Red,Millet,28.3,6.1,38.7,271.3,68.4,13.2,06-09-2024,28-12-2024,113,0.73
IND06821,Haryana,Alluvial,Wheat,42.3,6.6,19,158,41.9,4.2,18-09-2024,04-02-2025,139,0.36
IND06822,Odisha,Alluvial,Maize,22.9,6.7,37.4,64.3,68.6,36.6,25-01-2024,22-04-2024,88,0.63
IND06823,Bihar,Alluvial,Sugarcane,31.9,6.8,32.5,101.7,48.2,0,06-11-2024,08-02-2025,94,0.76
IND06824,Uttar Pradesh,Alluvial,Rice,15.2,6.3,19.4,223.1,78.4,5.4,04-02-2024,19-06-2024,136,0.54
IND06825,Bihar,Alluvial,Rice,18.5,7.4,20.4,242.1,89.5,29.8,03-06-2024,07-09-2024,96,0.44
IND06826,Gujarat,Alluvial,Rice,35.8,6.9,33.1,197.1,82.9,0,04-01-2024,14-05-2024,131,0.53
IND06827,Odisha,Alluvial,Sugarcane,38.5,7.2,37,206.5,82.5,27.3,07-12-2024,16-04-2025,130,0.48
IND06828,Karnataka,Black,Cotton,44,6.1,19.3,194.2,56.9,0,07-03-2024,05-06-2024,90,0.74
IND06829,Karnataka,Laterite,Groundnut,19.2,6.1,18.3,103.8,89.9,43.9,23-11-2024,12-03-2025,109,0.54
IND06830,Kerala,Laterite,Rice,38.6,7,20.8,103.3,82,20.8,16-02-2024,11-06-2024,116,0.47
IND06831,Telangana,Black,Wheat,21.5,6.1,28.5,247.5,89.7,25.7,11-06-2024,16-09-2024,97,0.6
IND06832,Tamil Nadu,Black,Wheat,21.1,6.5,26.1,113.5,81.2,28.6,08-09-2024,16-12-2024,99,0.67
IND06833,Madhya Pradesh,Black,Cotton,32.3,7,37.8,169.8,41.9,24.7,04-09-2024,12-12-2024,99,0.77
IND06834,Telangana,Black,Cotton,18.5,6.4,39.4,150.2,68.7,25.9,24-01-2024,24-06-2024,152,0.65
IND06835,Rajasthan,Alluvial,Sugarcane,28.6,7.1,25,264.3,42.6,0,19-04-2024,24-09-2024,158,0.72
IND06836,Kerala,Laterite,Groundnut,24.2,7.5,21,152.4,73.8,20.5,13-12-2024,26-03-2025,103,0.58
IND06837,Rajasthan,Alluvial,Rice,42.1,6.8,33.7,136.3,84.3,12.9,22-12-2024,25-03-2025,93,0.48
IND06838,Karnataka,Laterite,Groundnut,14.7,7.7,34,144.8,69.4,33.2,23-12-2024,27-05-2025,155,0.39
IND06839,Tamil Nadu,Black,Wheat,12.7,7.2,30.7,280.9,74.8,20.3,01-07-2024,04-11-2024,126,0.86
IND06840,Punjab,Alluvial,Pulses,16.9,6.5,18.1,24.7,43.7,43.8,23-06-2024,16-09-2024,85,0.75
IND06841,Kerala,Laterite,Groundnut,33.3,7,28.5,277.3,78.6,6.1,24-10-2024,04-02-2025,103,0.42
IND06842,Andhra Pradesh,Black,Cotton,33,7.3,36.9,53.1,75.5,36.1,08-07-2024,09-10-2024,93,0.78
IND06843,Gujarat,Black,Cotton,41,7.3,28.4,122.8,71.8,0,05-02-2024,16-06-2024,132,0.74
IND06844,Maharashtra,Black,Wheat,40.4,7.3,31,69.2,66.8,32.1,11-01-2024,24-04-2024,104,0.72
IND06845,Maharashtra,Red,Maize,32.9,7.6,28.4,126.2,68.8,27.1,22-01-2024,27-05-2024,126,0.65
IND06846,Odisha,Alluvial,Wheat,33.2,6.6,35.7,252.4,75.8,15.2,16-12-2024,25-03-2025,99,0.48
IND06847,Kerala,Laterite,Groundnut,39.7,6.9,35.1,269.6,76.3,0,22-10-2024,17-01-2025,87,0.63
IND06848,Tamil Nadu,Red,Maize,39.9,6.8,19.8,181.8,89.9,28.2,04-07-2024,14-11-2024,133,0.85
IND06849,Telangana,Red,Pulses,16.9,6,35.8,171.7,59.6,21.6,04-11-2024,31-03-2025,147,0.59
IND06850,Rajasthan,Desert,Millet,32.9,6.5,28.2,177.3,58.8,15.6,14-02-2024,11-06-2024,118,0.54
IND06851,West Bengal,Alluvial,Pulses,40,6.1,24.7,244.6,51.6,11.2,23-07-2024,27-10-2024,96,0.36
IND06852,Uttar Pradesh,Alluvial,Wheat,28,6.3,32.3,178.4,55.6,27,18-09-2024,25-01-2025,129,0.46
IND06853,Maharashtra,Laterite,Groundnut,26.5,7.2,39,130.2,68.3,37,24-04-2024,10-09-2024,139,0.68
IND06854,Odisha,Alluvial,Wheat,13.5,6.7,30.7,216,77.6,8.4,13-04-2024,23-08-2024,132,0.8
IND06855,Uttar Pradesh,Alluvial,Maize,17.3,6.9,25.9,255.9,41.5,27,20-09-2024,12-01-2025,114,0.74
IND06856,West Bengal,Alluvial,Rice,30.3,7.7,33,281.7,73.6,23.8,18-09-2024,14-02-2025,149,0.58
IND06857,Gujarat,Alluvial,Sugarcane,13.4,6.5,20.3,86.1,75.7,28.4,05-07-2024,07-12-2024,155,0.39
IND06858,Telangana,Red,Pulses,43,6.6,39.4,146.9,74.8,0,16-09-2024,05-01-2025,111,0.45
IND06859,Gujarat,Alluvial,Rice,21.8,6.6,21.4,114.4,63.8,15.8,10-09-2024,03-02-2025,146,0.7
IND06860,Uttar Pradesh,Alluvial,Wheat,20,7.4,26.5,164.5,87.4,3.5,10-03-2024,16-07-2024,128,0.58
IND06861,Maharashtra,Laterite,Groundnut,12.9,7.3,37.9,141.4,75.2,17.8,09-07-2024,17-10-2024,100,0.64
IND06862,Andhra Pradesh,Red,Millet,41.7,7,36.7,293.9,74,12.9,13-11-2024,28-03-2025,135,0.73
IND06863,West Bengal,Alluvial,Maize,28.1,7.4,36.4,126.8,69.4,24.8,25-10-2024,23-01-2025,90,0.64
IND06864,Karnataka,Laterite,Groundnut,14.2,7.4,39.7,181.4,41.1,3.1,20-01-2024,03-06-2024,135,0.44
IND06865,Karnataka,Black,Sugarcane,40,6.1,36.8,55.7,88.3,16.8,22-02-2024,10-06-2024,109,0.6
IND06866,Maharashtra,Black,Sugarcane,41.3,6.2,26.9,206.9,40.9,15.9,16-04-2024,17-08-2024,123,0.67
IND06867,Rajasthan,Desert,Millet,28.8,7.8,24,211.3,85.1,17.8,14-06-2024,13-10-2024,121,0.86
IND06868,Andhra Pradesh,Red,Millet,37.5,6,22.7,264,79.6,0,08-04-2024,03-09-2024,148,0.66
IND06869,Uttar Pradesh,Alluvial,Maize,37.5,7,19.2,33.3,68.7,6.1,19-05-2024,11-10-2024,145,0.82
IND06870,Uttar Pradesh,Alluvial,Rice,22.6,7.4,20.8,102,48,23.2,22-06-2024,15-11-2024,146,0.45
IND06871,Uttar Pradesh,Alluvial,Rice,40.1,7.5,22.1,189.9,86.7,15.2,19-09-2024,21-02-2025,155,0.67
IND06872,Karnataka,Red,Maize,17.9,6,28,75.5,89.6,26.3,06-06-2024,01-09-2024,87,0.87
IND06873,Uttar Pradesh,Alluvial,Wheat,23.2,7.8,22.5,276.6,61,10.9,21-03-2024,14-06-2024,85,0.87
IND06874,West Bengal,Alluvial,Rice,16.3,6.5,27.9,93.9,63.1,25.4,16-09-2024,16-12-2024,91,0.6
IND06875,Madhya Pradesh,Black,Cotton,31.3,7.3,37.4,20.1,45.1,33.6,15-07-2024,09-12-2024,147,0.77
IND06876,West Bengal,Laterite,Rice,21.1,7.7,35.4,163.8,85.7,9.3,22-12-2024,11-05-2025,140,0.67
IND06877,Uttar Pradesh,Alluvial,Pulses,18.3,6.6,37.7,288.8,78.2,10.8,05-11-2024,31-03-2025,146,0.78
IND06878,West Bengal,Alluvial,Pulses,38.4,7.3,28.9,198,64.9,6.7,14-05-2024,12-10-2024,151,0.41
IND06879,Kerala,Laterite,Groundnut,26.6,7.3,36.7,35.3,76.3,26.7,25-11-2024,24-04-2025,150,0.82
IND06880,Rajasthan,Desert,Millet,32.1,6.7,27.2,59.6,86.4,9.4,07-11-2024,07-02-2025,92,0.5
IND06881,Karnataka,Black,Wheat,13.1,7.5,37.9,291,60.2,3.3,13-09-2024,19-01-2025,128,0.68
IND06882,Rajasthan,Alluvial,Pulses,41.2,6.5,29.4,188.3,77.9,0,23-02-2024,14-07-2024,142,0.39
IND06883,West Bengal,Alluvial,Maize,31.1,6.3,36.6,78.6,57.7,29.9,07-01-2024,21-05-2024,135,0.6
IND06884,West Bengal,Laterite,Groundnut,32.2,7.6,26,269.3,62.8,13.8,09-06-2024,02-11-2024,146,0.63
IND06885,Odisha,Alluvial,Sugarcane,15,7.8,37.8,231.3,45.6,27.2,23-09-2024,07-02-2025,137,0.61
IND06886,Maharashtra,Laterite,Rice,18.3,6.1,27.2,233.3,75.7,0,13-07-2024,27-11-2024,137,0.69
IND06887,Andhra Pradesh,Black,Wheat,21.1,6.8,36.3,126.6,62.1,4.3,25-09-2024,07-01-2025,104,0.73
IND06888,Punjab,Alluvial,Sugarcane,13.8,7.6,39.7,94.2,85.1,10.1,01-01-2024,30-03-2024,89,0.59
IND06889,West Bengal,Alluvial,Sugarcane,37.5,6.5,28,53.5,75.5,21.6,20-11-2024,28-03-2025,128,0.83
IND06890,Madhya Pradesh,Red,Pulses,24.6,7.7,24.6,254.9,58.5,12.4,17-10-2024,12-01-2025,87,0.85
IND06891,Odisha,Laterite,Groundnut,42.6,6.3,30.6,261.4,49.6,0,02-02-2024,28-06-2024,147,0.7
IND06892,Tamil Nadu,Black,Wheat,27.3,7.4,35,218.6,56.4,0,23-08-2024,10-01-2025,140,0.61
IND06893,Andhra Pradesh,Red,Groundnut,36.8,7.1,18.9,59.6,70.5,26.5,15-09-2024,05-01-2025,112,0.77
IND06894,Gujarat,Black,Cotton,44.1,6.9,18.2,215.4,58.6,0,17-07-2024,02-12-2024,138,0.5
IND06895,Maharashtra,Red,Millet,33.3,6.6,37.8,252.1,86,14.7,12-07-2024,28-11-2024,139,0.8
IND06896,Punjab,Alluvial,Rice,23.7,7.6,27.7,248.8,68.2,8.9,16-04-2024,31-08-2024,137,0.84
IND06897,Telangana,Black,Sugarcane,39,7.3,18.5,97.4,63.2,22.3,23-02-2024,22-06-2024,120,0.72
IND06898,Madhya Pradesh,Red,Groundnut,43.5,7.7,24.8,24.3,54.4,7.7,16-08-2024,15-11-2024,91,0.54
IND06899,Uttar Pradesh,Alluvial,Pulses,37.8,6.8,36,280.7,74.5,0,18-01-2024,15-06-2024,149,0.77
IND06900,Bihar,Alluvial,Maize,22.4,7.3,33.5,270.2,56.8,15.5,18-05-2024,19-08-2024,93,0.48
IND06901,Odisha,Laterite,Groundnut,12,7.2,26.6,181.1,51.2,30.6,01-01-2024,25-05-2024,145,0.44
IND06902,Madhya Pradesh,Red,Maize,37.1,7.7,22.5,121.5,82.5,32.9,25-11-2024,20-02-2025,87,0.81
IND06903,Madhya Pradesh,Black,Wheat,33.2,7.2,34.9,293,76.5,0,25-09-2024,25-02-2025,153,0.37
IND06904,Bihar,Alluvial,Sugarcane,16.4,7.3,27.1,72.5,84.4,10.6,11-11-2024,02-04-2025,142,0.52
IND06905,Andhra Pradesh,Black,Sugarcane,39.3,6.4,31.4,137.5,66.6,1,16-08-2024,23-11-2024,99,0.51
IND06906,Odisha,Laterite,Rice,41,6.4,24,108.9,61.3,0,04-05-2024,25-08-2024,113,0.44
IND06907,Kerala,Laterite,Rice,37.8,6.4,33.1,67.5,65.4,26.1,18-01-2024,30-04-2024,103,0.62
IND06908,Madhya Pradesh,Black,Sugarcane,32.6,7.2,37.6,144.2,48.5,6.2,12-03-2024,26-06-2024,106,0.77
IND06909,Haryana,Alluvial,Sugarcane,14.7,7.4,28.7,141.5,85.7,29.2,05-05-2024,25-09-2024,143,0.67
IND06910,Tamil Nadu,Laterite,Groundnut,35.6,7.7,23.2,245.4,55.3,10.3,05-11-2024,03-03-2025,118,0.54
IND06911,Odisha,Laterite,Rice,20.3,6.2,38.5,293.7,59.5,21.9,16-02-2024,18-07-2024,153,0.6
IND06912,Gujarat,Black,Cotton,25.5,7.3,21.9,244.3,73.7,0,22-05-2024,17-09-2024,118,0.72
IND06913,Odisha,Alluvial,Rice,38.1,6.7,36.8,111.4,79.5,31,05-05-2024,02-10-2024,150,0.59
IND06914,Punjab,Alluvial,Rice,30.6,6.8,19.2,37.3,52.3,16.2,07-03-2024,12-07-2024,127,0.57
IND06915,West Bengal,Laterite,Rice,27.2,6.6,19.3,197.8,41.1,22.1,23-06-2024,21-09-2024,90,0.8
IND06916,West Bengal,Laterite,Groundnut,41,7.6,25.9,160.6,65.8,27.2,24-03-2024,04-08-2024,133,0.83
IND06917,Kerala,Laterite,Rice,34.7,6.6,29.8,66.1,66.8,32,08-09-2024,03-12-2024,86,0.71
IND06918,Madhya Pradesh,Black,Sugarcane,31.7,7.4,19.2,265.4,67.4,0,22-04-2024,14-09-2024,145,0.74
IND06919,Andhra Pradesh,Red,Maize,26.4,6.5,24.9,32.4,63.6,30.8,02-05-2024,12-08-2024,102,0.84
IND06920,Rajasthan,Alluvial,Wheat,38.6,6.7,39,123.3,57.3,23.9,20-11-2024,08-04-2025,139,0.84
IND06921,Punjab,Alluvial,Rice,34.8,6.4,32.5,32.5,61.5,12.1,10-02-2024,27-06-2024,138,0.47
IND06922,Odisha,Alluvial,Sugarcane,30.7,6.3,28.4,242.7,79.7,9,18-01-2024,24-06-2024,158,0.72
IND06923,Andhra Pradesh,Red,Groundnut,20.1,6.6,32.6,102.8,43.3,41.5,23-03-2024,27-07-2024,126,0.82
IND06924,Gujarat,Black,Wheat,42,7.5,37.7,21.2,81.8,2.7,15-05-2024,14-08-2024,91,0.86
IND06925,Haryana,Alluvial,Pulses,21.3,7.7,36.4,150.6,59.7,29.4,20-04-2024,20-07-2024,91,0.78
IND06926,Madhya Pradesh,Red,Millet,38,6.6,32,117.1,47.9,0,10-09-2024,26-01-2025,138,0.6
IND06927,West Bengal,Alluvial,Wheat,30,7.4,23.7,88,84.3,16,06-04-2024,10-09-2024,157,0.79
IND06928,Bihar,Alluvial,Maize,40.2,7.1,23.2,245,62.6,23,22-02-2024,28-06-2024,127,0.8
IND06929,Karnataka,Laterite,Rice,22,6.5,24.9,277,63.3,0,05-09-2024,13-12-2024,99,0.58
IND06930,Punjab,Alluvial,Sugarcane,23.8,6.1,27.8,190.6,87.7,5.7,06-04-2024,26-08-2024,142,0.77
IND06931,Tamil Nadu,Laterite,Rice,13.3,6.6,19,218.2,47.3,34.8,06-07-2024,13-12-2024,160,0.51
IND06932,Haryana,Alluvial,Pulses,34,6.8,18,190.1,79.2,0.9,23-06-2024,01-11-2024,131,0.69
IND06933,Kerala,Laterite,Groundnut,32.8,7.6,30.1,287.9,86.3,0,06-02-2024,30-06-2024,145,0.45
IND06934,Odisha,Alluvial,Rice,22.7,6.3,39.7,75.4,55.7,34,06-03-2024,28-07-2024,144,0.39
IND06935,Karnataka,Laterite,Rice,34.7,6.7,25.5,286.1,76.7,0,09-03-2024,07-07-2024,120,0.39
IND06936,Madhya Pradesh,Black,Sugarcane,30,6.1,19.7,138.4,84.5,7.9,16-09-2024,13-12-2024,88,0.62
IND06937,Gujarat,Alluvial,Rice,14.6,6.9,29.9,87.8,42.8,15.3,15-12-2024,21-03-2025,96,0.78
IND06938,Bihar,Alluvial,Sugarcane,36.8,7,25.5,97.2,63.6,13.3,17-12-2024,22-04-2025,126,0.81
IND06939,Punjab,Alluvial,Sugarcane,43.3,7.4,25.8,159.9,81.7,4.9,17-05-2024,29-08-2024,104,0.72
IND06940,Madhya Pradesh,Red,Maize,25.6,7.3,34.4,219.2,64.3,0,22-09-2024,22-12-2024,91,0.72
IND06941,Madhya Pradesh,Red,Groundnut,15,6.7,23.4,198.3,43.6,34.9,21-08-2024,28-01-2025,160,0.68
IND06942,Gujarat,Alluvial,Wheat,18.5,7.1,30.1,145.6,43.8,11.3,07-09-2024,10-02-2025,156,0.59
IND06943,Haryana,Alluvial,Sugarcane,17.3,7,29.5,51.2,85.5,19.4,11-03-2024,05-06-2024,86,0.68
IND06944,Punjab,Alluvial,Pulses,44.8,7.4,37.8,102.3,78.2,16.9,03-10-2024,06-03-2025,154,0.5
IND06945,Rajasthan,Desert,Millet,30.8,7.1,33.8,135.3,61.9,7.5,17-08-2024,01-12-2024,106,0.43
IND06946,Karnataka,Black,Wheat,42.5,6.8,24.7,139.1,51,3.6,11-07-2024,05-12-2024,147,0.8
IND06947,Maharashtra,Black,Cotton,29.9,6.2,28.9,197.2,65.5,10.3,06-06-2024,20-10-2024,136,0.78
IND06948,Telangana,Red,Maize,21.8,6.2,32.2,95.8,85.5,5.4,12-06-2024,06-10-2024,116,0.54
IND06949,Telangana,Black,Sugarcane,27.7,6.1,30.2,86.2,80.3,30.6,20-11-2024,15-02-2025,87,0.83
IND06950,Karnataka,Black,Cotton,37.6,6.9,21.4,50.3,69.8,3.5,03-04-2024,31-07-2024,119,0.77
IND06951,Maharashtra,Laterite,Rice,30.7,7.6,38.5,38.8,41.7,5.3,25-07-2024,28-12-2024,156,0.61
IND06952,Punjab,Alluvial,Sugarcane,41.9,7.4,24.6,158.2,82.1,9.8,08-09-2024,26-12-2024,109,0.79
IND06953,Bihar,Alluvial,Sugarcane,17.5,7.5,28.1,215.6,78.4,29.9,01-06-2024,07-09-2024,98,0.38
IND06954,Telangana,Black,Cotton,22.1,6.2,35.3,95.4,56.6,26.5,07-09-2024,19-12-2024,103,0.87
IND06955,Gujarat,Black,Cotton,20.3,7.2,21.3,164.9,41,34.2,22-11-2024,22-04-2025,151,0.83
IND06956,Andhra Pradesh,Black,Cotton,43.2,6.1,32.5,169,69.9,25.8,12-06-2024,29-10-2024,139,0.41
IND06957,Telangana,Red,Maize,29.6,7,19.9,164.4,75,13.5,08-10-2024,02-02-2025,117,0.8
IND06958,Telangana,Red,Millet,15.2,7.3,38.6,158,55,23.3,20-11-2024,12-04-2025,143,0.6
IND06959,Maharashtra,Red,Millet,14.7,7.2,25.5,42.2,77,10.8,09-11-2024,05-04-2025,147,0.54
IND06960,Karnataka,Black,Sugarcane,27.3,7.7,25,60.9,85,27.9,08-05-2024,03-10-2024,148,0.76
IND06961,Tamil Nadu,Red,Millet,23.1,6.2,20.2,171.8,88.3,32.4,05-10-2024,22-01-2025,109,0.41
IND06962,Karnataka,Black,Cotton,24.5,6.1,19.4,247.9,61.4,0,22-09-2024,01-01-2025,101,0.55
IND06963,Odisha,Alluvial,Maize,33.5,6.4,20.2,25.9,84.8,30.3,15-07-2024,08-11-2024,116,0.8
IND06964,Punjab,Alluvial,Pulses,40.1,7.1,20.1,219.1,70.1,21.5,19-06-2024,25-11-2024,159,0.57
IND06965,West Bengal,Laterite,Groundnut,36.5,6.7,30.6,233.3,46.3,11.9,18-04-2024,24-08-2024,128,0.83
IND06966,Rajasthan,Alluvial,Sugarcane,16.5,7.1,32.8,295.5,71.4,11.9,17-01-2024,10-06-2024,145,0.38
IND06967,Tamil Nadu,Black,Sugarcane,27,7.6,24.5,273.4,41.2,1.9,25-06-2024,10-10-2024,107,0.41
IND06968,Uttar Pradesh,Alluvial,Sugarcane,13.2,6.6,29.7,194.6,55.4,29.2,02-11-2024,12-03-2025,130,0.87
IND06969,Odisha,Laterite,Rice,19.8,6.7,29.7,292.1,86.4,10.6,04-06-2024,25-09-2024,113,0.68
IND06970,Haryana,Alluvial,Pulses,37.1,7.6,18.8,156.9,40.1,23.8,05-09-2024,28-12-2024,114,0.35
IND06971,West Bengal,Laterite,Rice,32.3,7.7,19.8,109.6,64.8,28.7,13-12-2024,07-05-2025,145,0.8
IND06972,Bihar,Alluvial,Wheat,34,6.9,25,99.6,68.7,12,20-04-2024,14-08-2024,116,0.89
IND06973,Gujarat,Alluvial,Rice,15.8,7.8,36.4,47.8,73.7,38.6,11-12-2024,21-04-2025,131,0.43
IND06974,Telangana,Red,Maize,35.1,7,31.7,221.2,70.7,16.6,07-09-2024,08-01-2025,123,0.46
IND06975,Haryana,Alluvial,Maize,23.5,7.8,29.9,75.8,43.3,29.8,11-03-2024,08-07-2024,119,0.43
IND06976,Uttar Pradesh,Alluvial,Rice,41.6,6.3,29.1,119,81.5,3.3,12-11-2024,26-03-2025,134,0.64
IND06977,Bihar,Alluvial,Pulses,12.2,6.8,18.4,24.4,84.3,35,12-12-2024,11-05-2025,150,0.58
IND06978,Tamil Nadu,Red,Pulses,32.5,7,39.2,279.8,64.8,0,09-07-2024,11-10-2024,94,0.83
IND06979,Bihar,Alluvial,Wheat,27.6,6.9,36.7,135,86.7,24.4,22-07-2024,18-12-2024,149,0.55
IND06980,West Bengal,Laterite,Groundnut,25.7,6.2,19.6,121.3,62.9,3,20-12-2024,03-04-2025,104,0.84
IND06981,Uttar Pradesh,Alluvial,Wheat,23.3,6.2,26.9,269.1,47.3,10.1,11-11-2024,25-03-2025,134,0.53
IND06982,Maharashtra,Red,Pulses,25.2,6.8,36.6,105.5,71.1,27.3,12-03-2024,18-06-2024,98,0.37
IND06983,Karnataka,Red,Groundnut,36.1,6.3,31.2,263.8,62.8,21.4,16-01-2024,24-05-2024,129,0.53
IND06984,Bihar,Alluvial,Pulses,16.9,7.3,27.1,287.3,75,15.7,07-06-2024,31-10-2024,146,0.37
IND06985,Maharashtra,Laterite,Rice,20,6.8,33.8,261.9,44.4,10.1,05-11-2024,12-04-2025,158,0.36
IND06986,Odisha,Laterite,Rice,40,6.7,24.4,96.3,59.6,3.5,11-10-2024,16-01-2025,97,0.44
IND06987,Kerala,Laterite,Rice,13,7.7,20.3,102,66.3,30.1,09-01-2024,05-04-2024,87,0.62
IND06988,Uttar Pradesh,Alluvial,Wheat,18.1,6.2,22.8,161.9,74.7,15.2,22-10-2024,06-03-2025,135,0.52
IND06989,West Bengal,Alluvial,Maize,20.9,6.1,30.5,244.1,80.3,16.7,20-02-2024,28-05-2024,98,0.56
IND06990,Haryana,Alluvial,Rice,41.8,7.2,18.2,48.7,50.3,17.9,15-06-2024,15-10-2024,122,0.69
IND06991,Haryana,Alluvial,Rice,41.8,6.5,36.3,181.8,55.6,21.4,12-05-2024,04-10-2024,145,0.61
IND06992,Telangana,Black,Wheat,17.7,6.9,21.2,127.6,77.3,2.9,20-08-2024,05-01-2025,138,0.53
IND06993,Telangana,Black,Cotton,29.9,6.6,34.2,168.2,72.7,10.5,07-05-2024,14-08-2024,99,0.42
IND06994,West Bengal,Alluvial,Rice,17,6.7,32.8,118.9,67.3,26.4,03-03-2024,19-06-2024,108,0.54
IND06995,Tamil Nadu,Laterite,Rice,21.4,6.7,33.8,164.9,82.8,9.4,18-07-2024,10-11-2024,115,0.53
IND06996,West Bengal,Alluvial,Pulses,41.1,6.9,24.9,192.7,49.2,22.4,02-06-2024,19-10-2024,139,0.36
IND06997,Gujarat,Black,Sugarcane,36.8,6.5,37,204.6,73.5,21.2,22-08-2024,03-01-2025,134,0.88
IND06998,Bihar,Alluvial,Maize,17.5,7.5,37.9,38.1,79.9,14.6,08-11-2024,09-03-2025,121,0.56
IND06999,Uttar Pradesh,Alluvial,Maize,30.3,7.6,20.7,35.7,58.5,17.5,06-12-2024,03-05-2025,148,0.61
IND07000,Odisha,Laterite,Groundnut,20.6,7.1,35.1,50,70.5,42,24-04-2024,17-09-2024,146,0.4
IND07001,Rajasthan,Alluvial,Rice,33.8,7.4,26,43.2,79.3,11,11-01-2024,14-04-2024,94,0.71
IND07002,Andhra Pradesh,Red,Pulses,23.8,7.1,33.8,295.6,72.2,21.6,17-09-2024,16-02-2025,152,0.85
IND07003,Telangana,Black,Cotton,41.5,6.5,35.2,89.6,71.8,8.2,18-03-2024,17-06-2024,91,0.71
IND07004,Odisha,Alluvial,Sugarcane,34.6,7.2,24.2,114.4,59.5,12,23-09-2024,23-01-2025,122,0.41
IND07005,Madhya Pradesh,Red,Groundnut,17,6.2,36.9,189.8,84.8,19.6,22-12-2024,03-04-2025,102,0.75
IND07006,Bihar,Alluvial,Sugarcane,37.2,6.8,36.3,203.6,86.3,0,20-09-2024,19-01-2025,121,0.47
IND07007,Rajasthan,Alluvial,Wheat,14.3,6,28.5,166.3,51.7,15.5,17-08-2024,26-11-2024,101,0.77
IND07008,Bihar,Alluvial,Pulses,19.2,6,18.3,87.8,85.3,44.7,19-05-2024,16-08-2024,89,0.54
IND07009,West Bengal,Alluvial,Sugarcane,26.6,6.1,37.5,160.4,61.8,21.4,15-02-2024,12-07-2024,148,0.89
IND07010,West Bengal,Laterite,Rice,34.8,7,27.3,32.5,57.7,32.1,07-07-2024,30-11-2024,146,0.7
IND07011,Tamil Nadu,Laterite,Rice,19,7.2,33.7,286.8,87.1,0,16-03-2024,23-06-2024,99,0.52
IND07012,Maharashtra,Black,Wheat,31.9,6.3,24.8,97.5,51.3,0,23-01-2024,25-05-2024,123,0.84
IND07013,Maharashtra,Laterite,Groundnut,31.3,7,33.4,276.6,82,0,01-10-2024,27-02-2025,149,0.46
IND07014,Uttar Pradesh,Alluvial,Wheat,28.9,6.2,30.3,133.3,71.4,15.3,01-04-2024,10-08-2024,131,0.53
IND07015,Rajasthan,Alluvial,Sugarcane,25.9,7.8,19.4,157.1,41.7,23.9,02-03-2024,14-06-2024,104,0.36
IND07016,Bihar,Alluvial,Wheat,43.7,6.1,23.2,196.7,51.4,24,15-05-2024,06-10-2024,144,0.67
IND07017,West Bengal,Alluvial,Wheat,22.1,7.6,38.1,201.7,46,17.1,17-10-2024,28-02-2025,134,0.37
IND07018,Odisha,Alluvial,Pulses,12.6,6.9,39.8,77.8,78.7,31.9,18-04-2024,16-08-2024,120,0.66
IND07019,West Bengal,Alluvial,Wheat,40.9,7.5,38.3,217.2,43.7,0,08-03-2024,27-06-2024,111,0.81
IND07020,Kerala,Laterite,Rice,44.2,7.2,19.3,38.9,69.4,32.3,18-01-2024,18-06-2024,152,0.56
IND07021,Telangana,Black,Sugarcane,23.1,7.4,19.3,270,78.9,5.4,25-08-2024,27-11-2024,94,0.84
IND07022,Andhra Pradesh,Red,Millet,33,6.9,29.6,259.3,54.9,24.1,24-05-2024,05-10-2024,134,0.45
IND07023,Uttar Pradesh,Alluvial,Pulses,30,7.1,29.5,135.3,86,34.4,09-06-2024,15-10-2024,128,0.74
IND07024,Kerala,Laterite,Rice,18.8,7.7,19.9,292.8,49.9,0,12-07-2024,22-11-2024,133,0.83
IND07025,West Bengal,Alluvial,Pulses,30.9,6.6,25.6,31.7,51.2,5.3,14-09-2024,11-12-2024,88,0.84
IND07026,West Bengal,Laterite,Rice,44.6,7.4,28.7,135,52,11.4,09-06-2024,16-09-2024,99,0.69
IND07027,Rajasthan,Desert,Millet,17.2,7.3,21.9,219.9,87.4,27.9,13-02-2024,15-07-2024,153,0.65
IND07028,Kerala,Laterite,Groundnut,42.3,6.2,34.6,250.3,46.9,9.5,11-08-2024,25-12-2024,136,0.58
IND07029,Rajasthan,Alluvial,Wheat,38,6,37.6,215.5,55.8,16,01-05-2024,29-08-2024,120,0.48
IND07030,Kerala,Laterite,Rice,28,6.8,24.4,25,48.4,28.3,13-08-2024,10-12-2024,119,0.55
IND07031,Maharashtra,Black,Sugarcane,24.8,7.1,23.4,241.6,85.8,0,23-03-2024,04-07-2024,103,0.66
IND07032,Rajasthan,Desert,Millet,19.8,6.3,20.5,67.6,44.2,39.8,06-08-2024,03-12-2024,119,0.65
IND07033,Punjab,Alluvial,Rice,37.7,7,37,153.5,89.1,0,10-11-2024,31-03-2025,141,0.8
IND07034,Punjab,Alluvial,Pulses,31.4,6.7,18.7,256.8,73.6,10.2,10-12-2024,11-03-2025,91,0.67
IND07035,Andhra Pradesh,Black,Cotton,18.1,7.2,25.6,28.9,52.7,20.9,25-02-2024,30-07-2024,156,0.88
IND07036,Andhra Pradesh,Black,Sugarcane,34.6,7.5,29.3,235.3,40.1,19.9,21-12-2024,09-04-2025,109,0.9
IND07037,Tamil Nadu,Red,Maize,40.1,7.5,33.7,279.6,86.5,9.8,20-05-2024,23-09-2024,126,0.84
IND07038,West Bengal,Alluvial,Rice,27.8,7.4,29.1,53.2,65.6,13.3,21-08-2024,05-01-2025,137,0.87
IND07039,West Bengal,Laterite,Rice,27.5,7.4,28.5,248.3,88.3,0,25-11-2024,20-02-2025,87,0.59
IND07040,Gujarat,Black,Wheat,40.9,7.2,18.6,155.4,46.8,21.3,08-03-2024,01-08-2024,146,0.43
IND07041,Punjab,Alluvial,Maize,15.4,6.8,23,174,80.7,28.5,09-05-2024,24-08-2024,107,0.62
IND07042,Rajasthan,Desert,Millet,22.4,6.4,36.9,75.6,51.1,40.8,02-10-2024,24-01-2025,114,0.42
IND07043,Kerala,Laterite,Rice,15.8,6.3,32.9,171,53.5,26,18-09-2024,20-12-2024,93,0.42
IND07044,Haryana,Alluvial,Maize,27.4,7.5,29.4,26.3,40.8,38.9,06-04-2024,07-07-2024,92,0.81
IND07045,Gujarat,Alluvial,Rice,39.1,6.5,38.4,182.5,60.1,0,25-09-2024,25-12-2024,91,0.46
IND07046,Uttar Pradesh,Alluvial,Sugarcane,34.4,7.2,33.6,228.5,87.3,22.8,12-01-2024,10-06-2024,150,0.73
IND07047,Madhya Pradesh,Red,Pulses,14.1,6.7,19.5,35.2,53.2,18.8,01-09-2024,07-12-2024,97,0.86
IND07048,Haryana,Alluvial,Maize,32.8,7.3,20,286.9,67.9,0.9,17-01-2024,08-06-2024,143,0.88
IND07049,Telangana,Black,Cotton,16.6,6.1,29.4,151.6,77.1,12.3,08-03-2024,20-07-2024,134,0.6
IND07050,Tamil Nadu,Laterite,Groundnut,23.1,7.6,19.5,161.6,68.4,37.1,10-12-2024,10-05-2025,151,0.67
IND07051,Rajasthan,Alluvial,Rice,33.3,6.4,18.5,169.3,52.4,0,15-01-2024,23-06-2024,160,0.49
IND07052,Tamil Nadu,Red,Groundnut,13.9,6.2,27,261.2,72.3,8.2,24-05-2024,08-10-2024,137,0.57
IND07053,Maharashtra,Laterite,Groundnut,18.3,6.4,33.4,98.3,58.9,43.4,06-08-2024,13-12-2024,129,0.62
IND07054,Uttar Pradesh,Alluvial,Maize,39.3,6.9,29.2,298.9,45.6,0,24-07-2024,26-12-2024,155,0.41
IND07055,Madhya Pradesh,Red,Groundnut,13.1,7.5,31.2,164.5,45,18.5,19-01-2024,06-06-2024,139,0.4
IND07056,Gujarat,Alluvial,Wheat,23.9,6.5,21.2,117.2,48.3,32.7,08-07-2024,03-10-2024,87,0.76
IND07057,Rajasthan,Alluvial,Maize,22.1,7.1,25.5,238.5,78.3,32,15-12-2024,03-05-2025,139,0.84
IND07058,Punjab,Alluvial,Rice,23.6,7.8,36.8,128.8,42.4,19.3,16-05-2024,29-08-2024,105,0.38
IND07059,Andhra Pradesh,Black,Wheat,26.1,6.5,33,79.3,74.4,22.1,25-06-2024,29-09-2024,96,0.36
IND07060,Gujarat,Black,Cotton,24.6,7,34.4,225.4,81.7,11.5,08-09-2024,09-02-2025,154,0.44
IND07061,Odisha,Laterite,Groundnut,18.2,7,36.5,64.3,74.4,38.7,07-09-2024,04-01-2025,119,0.81
IND07062,Madhya Pradesh,Red,Pulses,32.6,6.2,35,46.5,74.4,22.2,23-08-2024,01-01-2025,131,0.65
IND07063,Kerala,Laterite,Groundnut,38.7,6.1,37.1,221.5,40.6,21.3,01-02-2024,20-05-2024,109,0.66
IND07064,West Bengal,Laterite,Rice,39.9,6.7,19.2,147.8,75.9,31.8,09-06-2024,08-09-2024,91,0.76
IND07065,Haryana,Alluvial,Rice,16.1,6.2,24.8,283.8,66.9,30.6,15-09-2024,25-01-2025,132,0.67
IND07066,Kerala,Laterite,Groundnut,18.2,6.9,19.8,280.8,57.9,17.2,18-04-2024,17-08-2024,121,0.88
IND07067,Bihar,Alluvial,Maize,33.2,7.6,26.9,94.6,69.2,25.3,08-02-2024,09-05-2024,91,0.79
IND07068,Kerala,Laterite,Groundnut,25.8,7.1,18.6,230.8,62.2,26.1,09-09-2024,24-12-2024,106,0.38
IND07069,Tamil Nadu,Laterite,Rice,15.7,6.3,30.6,32.4,57.3,17.8,13-11-2024,04-03-2025,111,0.48
IND07070,Andhra Pradesh,Red,Maize,31.1,6.3,27.1,292.8,68.6,0,08-05-2024,26-09-2024,141,0.74
IND07071,Kerala,Laterite,Rice,37.4,7.3,29.4,56,50.5,20.1,15-06-2024,01-10-2024,108,0.49
IND07072,Punjab,Alluvial,Maize,35.7,6,25.9,101.7,53.5,12.2,11-10-2024,12-01-2025,93,0.55
IND07073,Maharashtra,Black,Sugarcane,42.3,7.4,27.3,159.6,47,28.5,24-10-2024,15-03-2025,142,0.54
IND07074,Kerala,Laterite,Groundnut,27.4,6.8,26.1,231,54.8,15.3,18-01-2024,20-04-2024,93,0.63
IND07075,Andhra Pradesh,Red,Pulses,22.9,7.4,34.8,209.6,51.2,31.5,02-10-2024,26-12-2024,85,0.86
IND07076,Kerala,Laterite,Rice,41.1,7.7,22,50.1,45.1,29,07-06-2024,11-11-2024,157,0.48
IND07077,Gujarat,Black,Wheat,29.2,6.3,31.3,286.6,42.5,0,24-10-2024,09-03-2025,136,0.42
IND07078,Andhra Pradesh,Red,Groundnut,31.4,6.5,21,177.9,57.3,5.8,18-10-2024,13-03-2025,146,0.83
IND07079,Kerala,Laterite,Rice,33.2,6.7,34.5,24,70,18.3,07-05-2024,17-09-2024,133,0.45
IND07080,Maharashtra,Black,Sugarcane,15.7,7.4,19.7,246.2,67.7,0,04-09-2024,02-12-2024,89,0.68
IND07081,Uttar Pradesh,Alluvial,Wheat,40.5,7.6,31.5,238,50.3,9.7,02-06-2024,07-09-2024,97,0.81
IND07082,Rajasthan,Alluvial,Maize,44.8,7.2,32.2,170.4,46.6,0.9,07-09-2024,10-02-2025,156,0.5
IND07083,Gujarat,Black,Wheat,15.9,7.7,35.6,23.3,50.6,15.4,06-05-2024,12-09-2024,129,0.69
IND07084,Gujarat,Black,Wheat,23.3,6.9,37.6,123.7,50.1,1.5,22-12-2024,27-05-2025,156,0.44
IND07085,Madhya Pradesh,Black,Cotton,43.3,7.8,37.4,189,48.4,0,10-12-2024,03-04-2025,114,0.78
IND07086,Telangana,Red,Maize,36.5,7.6,34.4,187.8,76.9,6.9,05-03-2024,26-07-2024,143,0.62
IND07087,Madhya Pradesh,Red,Pulses,19.8,6.6,22.7,266.3,62.1,26.6,22-10-2024,16-01-2025,86,0.53
IND07088,Karnataka,Laterite,Groundnut,23.2,6.5,19.4,22.4,58,23.4,15-03-2024,31-07-2024,138,0.58
IND07089,Maharashtra,Red,Maize,36.3,7.6,32.4,74,68.8,13.5,20-09-2024,29-01-2025,131,0.68
IND07090,Tamil Nadu,Red,Maize,23.7,7,18.7,277.5,85.5,11.2,06-09-2024,07-02-2025,154,0.86
IND07091,Telangana,Red,Groundnut,14.1,6.5,18.9,175.1,71.3,32,02-04-2024,01-09-2024,152,0.82
IND07092,Uttar Pradesh,Alluvial,Maize,23.3,6.3,34.5,127.2,51.7,32.8,06-05-2024,02-09-2024,119,0.42
IND07093,Kerala,Laterite,Groundnut,24.1,6.9,26,247.8,49.9,16,10-04-2024,06-07-2024,87,0.61
IND07094,West Bengal,Laterite,Groundnut,28.6,6.3,18.9,185.6,79.4,12.4,15-06-2024,31-10-2024,138,0.88
IND07095,Bihar,Alluvial,Wheat,29.6,6.6,23.1,134.1,68.1,11.7,21-06-2024,13-10-2024,114,0.84
IND07096,Kerala,Laterite,Rice,20.2,6.7,30.1,161.7,42.1,29.4,12-10-2024,19-01-2025,99,0.64
IND07097,Haryana,Alluvial,Pulses,25.7,7.1,22.6,174.8,83.8,10.8,03-02-2024,29-05-2024,116,0.63
IND07098,Karnataka,Black,Wheat,35.3,6.4,32.4,161.4,75.9,26.9,16-12-2024,20-04-2025,125,0.66
IND07099,Haryana,Alluvial,Pulses,18.9,6.6,25.9,141.4,46.9,21.8,02-05-2024,01-08-2024,91,0.48
IND07100,Haryana,Alluvial,Wheat,33.7,7.1,30.7,177.3,74.3,20.5,25-02-2024,20-06-2024,116,0.81
IND07101,Bihar,Alluvial,Maize,41.2,6.1,27.5,292.9,41.6,10.3,09-05-2024,23-08-2024,106,0.55
IND07102,Uttar Pradesh,Alluvial,Pulses,19.5,6.3,38.6,58.3,70.1,37.3,13-01-2024,20-04-2024,98,0.54
IND07103,Telangana,Red,Groundnut,35.1,7,34.6,286,67.6,4.9,01-04-2024,02-07-2024,92,0.74
IND07104,Punjab,Alluvial,Maize,41.9,7.2,19.9,167.4,60,13.8,25-10-2024,16-03-2025,142,0.52
IND07105,Andhra Pradesh,Red,Maize,44.9,7.1,37.1,59.9,79.2,36.5,18-09-2024,15-12-2024,88,0.89
IND07106,Odisha,Alluvial,Pulses,31.4,7.4,38.2,93.8,59.2,11.7,05-03-2024,27-07-2024,144,0.87
IND07107,Tamil Nadu,Laterite,Rice,41.2,7.6,30.5,69.3,64.1,33.4,01-07-2024,28-11-2024,150,0.71
IND07108,Telangana,Black,Cotton,30.2,6.1,27.2,175.2,64.7,17.2,13-04-2024,02-08-2024,111,0.6
IND07109,Tamil Nadu,Laterite,Groundnut,34.6,6.9,23.9,144.7,74.4,6.3,10-02-2024,17-06-2024,128,0.86
IND07110,Karnataka,Red,Maize,13.8,6.3,22,186.1,76.8,32,21-08-2024,09-12-2024,110,0.77
IND07111,Kerala,Laterite,Rice,28,6.3,30.2,172,49.5,5.6,18-03-2024,05-07-2024,109,0.38
IND07112,Telangana,Black,Cotton,42.2,7.2,32.8,76.1,52.5,36.3,21-10-2024,25-01-2025,96,0.76
IND07113,Telangana,Black,Wheat,30.9,7.2,38.8,76,87.3,6.2,15-04-2024,17-07-2024,93,0.61
IND07114,Bihar,Alluvial,Wheat,40.6,6.3,36.9,245.3,41.5,0,23-05-2024,26-08-2024,95,0.78
IND07115,Andhra Pradesh,Black,Cotton,29.8,7.3,33.4,87.9,70.8,10.7,05-11-2024,02-02-2025,89,0.57
IND07116,Andhra Pradesh,Black,Sugarcane,20.6,6.6,25.5,193.5,52.8,4.6,18-04-2024,24-09-2024,159,0.83
IND07117,Bihar,Alluvial,Rice,35.8,7.4,38.7,77.7,68.8,35.6,08-07-2024,03-10-2024,87,0.64
IND07118,Haryana,Alluvial,Wheat,15.2,7,22.7,233.9,79.9,9.2,09-09-2024,22-01-2025,135,0.51
IND07119,Maharashtra,Laterite,Groundnut,23.1,6,31.1,205.9,56,9.5,11-06-2024,08-09-2024,89,0.68
IND07120,Telangana,Red,Groundnut,22.2,6.8,39.3,57.6,69,34.7,06-06-2024,21-09-2024,107,0.36
IND07121,Tamil Nadu,Laterite,Groundnut,22.1,7.4,39.2,49.7,62.2,13,21-07-2024,09-11-2024,111,0.38
IND07122,Kerala,Laterite,Groundnut,25.9,6.5,27.9,185.9,80.6,31.3,16-01-2024,26-05-2024,131,0.67
IND07123,Madhya Pradesh,Red,Groundnut,32.9,7.6,37,75.4,44.9,15.1,08-03-2024,21-07-2024,135,0.61
IND07124,Punjab,Alluvial,Maize,22,7.6,39.2,291.2,76.2,10.6,14-01-2024,21-06-2024,159,0.68
IND07125,Maharashtra,Laterite,Rice,27.6,6.5,22.6,156.7,65.2,15.6,07-01-2024,10-04-2024,94,0.79
IND07126,Odisha,Laterite,Rice,35.3,6.5,33.1,69.8,82.6,5.2,17-08-2024,08-12-2024,113,0.8
IND07127,Maharashtra,Black,Cotton,13.7,6.4,38.8,105.4,84.3,31.1,10-12-2024,01-05-2025,142,0.46
IND07128,Karnataka,Black,Sugarcane,37.2,6.3,20.2,210.6,78.2,21.5,19-02-2024,12-06-2024,114,0.79
IND07129,Odisha,Alluvial,Wheat,22.9,7.1,20.3,79.9,44.3,5.5,22-08-2024,05-01-2025,136,0.89
IND07130,West Bengal,Alluvial,Sugarcane,28,7.1,29.3,179.4,80.5,22.9,18-04-2024,28-07-2024,101,0.87
IND07131,Odisha,Alluvial,Pulses,43.4,6.3,18.2,40.5,41.6,4.7,18-12-2024,14-03-2025,86,0.64
IND07132,Andhra Pradesh,Red,Maize,43.4,6.7,29.4,108.5,43.5,4.6,16-08-2024,10-12-2024,116,0.67
IND07133,Uttar Pradesh,Alluvial,Rice,13.5,6.5,35.2,239.1,83.1,16.1,15-07-2024,17-12-2024,155,0.75
IND07134,Madhya Pradesh,Black,Wheat,31.1,6.5,24.5,262,56.1,25.9,19-07-2024,18-11-2024,122,0.66
IND07135,Karnataka,Laterite,Groundnut,28.6,7.5,20,282.7,62,0,11-03-2024,11-08-2024,153,0.7
IND07136,Maharashtra,Red,Maize,20.6,6.8,25.8,156.7,52.5,19.2,23-04-2024,23-07-2024,91,0.64
IND07137,Tamil Nadu,Red,Millet,20.1,7.6,31.8,195.2,53.4,26.1,06-12-2024,07-03-2025,91,0.84
IND07138,Tamil Nadu,Red,Maize,35.5,7.4,27.4,250.7,62.5,0,21-09-2024,10-01-2025,111,0.69
IND07139,Andhra Pradesh,Red,Maize,17.9,7,27.7,64.9,74,18.9,10-02-2024,02-07-2024,143,0.81
IND07140,Gujarat,Black,Sugarcane,24,6.9,39.6,42.4,54,31.6,14-10-2024,04-02-2025,113,0.61
IND07141,West Bengal,Laterite,Rice,33.5,7.8,19.6,84,84.4,28.8,04-10-2024,18-01-2025,106,0.86
IND07142,Karnataka,Laterite,Rice,13.4,6.8,39.8,231,78.9,20.9,24-04-2024,15-09-2024,144,0.53
IND07143,Madhya Pradesh,Red,Groundnut,25.6,6.3,29.9,65.2,76.6,38.9,14-12-2024,12-03-2025,88,0.87
IND07144,Telangana,Black,Wheat,16.7,7.7,37.1,120.4,70.1,28.2,22-09-2024,15-02-2025,146,0.81
IND07145,Tamil Nadu,Black,Wheat,18.3,7.4,32.6,294.1,50.6,11.4,05-04-2024,15-07-2024,101,0.46
IND07146,Tamil Nadu,Laterite,Groundnut,30.4,7.7,19.6,275.5,57.4,17.4,03-01-2024,05-04-2024,93,0.8
IND07147,Rajasthan,Alluvial,Wheat,21.3,6.7,23.1,240.1,72.3,0,16-05-2024,02-10-2024,139,0.68
IND07148,Madhya Pradesh,Black,Cotton,39.7,6.4,19.7,40.9,65.4,8.3,19-08-2024,26-11-2024,99,0.41
IND07149,Andhra Pradesh,Black,Sugarcane,40.2,7.6,27.8,199.3,54.7,15.5,05-02-2024,16-06-2024,132,0.53
IND07150,Andhra Pradesh,Black,Sugarcane,21.2,6.3,29.1,255.1,42,25.5,10-01-2024,16-06-2024,158,0.82
IND07151,Punjab,Alluvial,Rice,25.3,7.1,39.8,54,62.8,8.7,19-08-2024,27-11-2024,100,0.75
IND07152,Tamil Nadu,Black,Sugarcane,33.9,6,30.1,137.8,70.1,13.8,07-10-2024,13-03-2025,157,0.83
IND07153,Maharashtra,Red,Pulses,22,7.3,21.1,187.4,87.7,1.3,17-04-2024,25-08-2024,130,0.39
IND07154,Madhya Pradesh,Red,Maize,39.4,6.8,33,39.6,85,26,21-04-2024,25-07-2024,95,0.52
IND07155,Uttar Pradesh,Alluvial,Wheat,23.7,6.4,35.9,241.7,72.2,0,05-11-2024,10-03-2025,125,0.86
IND07156,West Bengal,Alluvial,Pulses,15,7.1,20.7,79.4,81.6,40.4,01-05-2024,03-09-2024,125,0.88
IND07157,Kerala,Laterite,Rice,16.9,7.8,33.3,277.8,44.8,11.3,15-08-2024,20-01-2025,158,0.7
IND07158,Punjab,Alluvial,Pulses,32.8,7.5,30.4,139.1,61,9.5,20-10-2024,13-02-2025,116,0.68
IND07159,Rajasthan,Desert,Millet,24.7,6.5,31.9,134.9,43.9,12.9,14-10-2024,16-03-2025,153,0.54
IND07160,Haryana,Alluvial,Wheat,22.4,7.3,22,148.5,47.3,17.2,25-03-2024,22-08-2024,150,0.63
IND07161,Maharashtra,Black,Wheat,31.3,6.4,30.6,48,67.7,24.5,07-01-2024,03-05-2024,117,0.62
IND07162,Uttar Pradesh,Alluvial,Rice,34.6,7.7,22.4,118.8,88.4,0,15-03-2024,10-07-2024,117,0.59
IND07163,Tamil Nadu,Red,Millet,39.4,7.5,33.1,160.1,64.2,15.9,10-07-2024,05-12-2024,148,0.77
IND07164,Kerala,Laterite,Rice,38.1,6.8,29.7,277,42.3,21.7,11-03-2024,08-06-2024,89,0.79
IND07165,Kerala,Laterite,Groundnut,41.5,7.3,31.4,290.5,70.1,18.1,14-05-2024,19-09-2024,128,0.44
IND07166,Punjab,Alluvial,Maize,44.4,6.2,27.3,33.9,51.5,35.6,02-08-2024,06-01-2025,157,0.58
IND07167,Andhra Pradesh,Red,Pulses,39.9,6.2,29.9,192.2,51.6,2.4,05-06-2024,18-10-2024,135,0.55
IND07168,Haryana,Alluvial,Sugarcane,25.1,7.2,25.1,234.8,83.2,0,02-04-2024,07-07-2024,96,0.75
IND07169,Bihar,Alluvial,Maize,30.3,7.4,24.8,185.4,77.1,29.6,22-08-2024,21-01-2025,152,0.58
IND07170,Gujarat,Black,Wheat,20.9,7.8,39.4,133.4,61.3,23,17-03-2024,19-08-2024,155,0.89
IND07171,Telangana,Red,Millet,14.8,6.8,27.2,156.2,78.9,6.6,10-05-2024,18-08-2024,100,0.71
IND07172,Rajasthan,Desert,Millet,43.7,7.4,37.6,62.3,86.6,26.5,24-12-2024,06-05-2025,133,0.65
IND07173,Uttar Pradesh,Alluvial,Maize,22.2,7.7,29.4,239.5,67.3,0,20-11-2024,01-03-2025,101,0.42
IND07174,Tamil Nadu,Laterite,Rice,30.6,6.1,40,127.8,62.7,17.1,03-12-2024,08-05-2025,156,0.61
IND07175,Madhya Pradesh,Black,Wheat,42.6,6.6,21.9,204,52,1.1,12-06-2024,14-09-2024,94,0.7
IND07176,Gujarat,Black,Wheat,36.2,6.8,18.4,32.6,51.7,39.5,03-02-2024,30-04-2024,87,0.67
IND07177,Uttar Pradesh,Alluvial,Rice,37.3,6.6,23.2,86.3,61.5,30.6,12-10-2024,11-01-2025,91,0.54
IND07178,Tamil Nadu,Black,Sugarcane,34.9,6.7,34.1,78.8,70.5,38.5,16-07-2024,23-12-2024,160,0.8
IND07179,Andhra Pradesh,Red,Millet,27.3,7.3,39,74.9,68.1,6.5,03-01-2024,20-05-2024,138,0.72
IND07180,West Bengal,Alluvial,Wheat,19.4,7.2,29.6,192.5,50.9,2.2,03-06-2024,05-09-2024,94,0.49
IND07181,Maharashtra,Red,Maize,15,6.9,24,165.1,82.9,36.9,18-04-2024,07-09-2024,142,0.49
IND07182,Haryana,Alluvial,Rice,14.8,7,32.5,22.7,47.3,15,10-07-2024,13-10-2024,95,0.41
IND07183,Uttar Pradesh,Alluvial,Rice,25.7,7.6,35.2,220.7,67,0,09-03-2024,04-08-2024,148,0.45
IND07184,Punjab,Alluvial,Wheat,40,6.5,25.8,57.2,88.1,24.5,04-06-2024,15-10-2024,133,0.71
IND07185,Uttar Pradesh,Alluvial,Wheat,37.2,7,30.6,79.5,56.5,0,19-03-2024,07-08-2024,141,0.7
IND07186,Kerala,Laterite,Rice,41.2,6.6,27.7,285.3,83.2,0,16-09-2024,12-01-2025,118,0.6
IND07187,Tamil Nadu,Laterite,Groundnut,35.5,7.7,35.6,158.1,49,23.8,11-09-2024,23-01-2025,134,0.49
IND07188,Andhra Pradesh,Black,Cotton,44.1,7,22.8,191,55.8,10.5,21-02-2024,30-07-2024,160,0.77
IND07189,Gujarat,Black,Sugarcane,44.7,7.4,26.9,83.4,54.3,5.7,08-12-2024,28-03-2025,110,0.37
IND07190,Odisha,Laterite,Rice,34.8,7.8,21.7,244.2,66.1,23.4,04-12-2024,25-04-2025,142,0.54
IND07191,Telangana,Black,Wheat,18.8,6.8,22.3,188,45.6,28.9,06-06-2024,19-10-2024,135,0.89
IND07192,Odisha,Alluvial,Wheat,28.2,6.2,39.4,32.9,41.4,33.2,08-10-2024,05-02-2025,120,0.43
IND07193,Telangana,Red,Maize,14.5,7.3,18.8,262.4,61.6,16.6,08-08-2024,05-01-2025,150,0.7
IND07194,Uttar Pradesh,Alluvial,Wheat,18.4,6.6,21.5,230.9,80.3,12.9,17-03-2024,12-08-2024,148,0.56
IND07195,West Bengal,Laterite,Rice,28.3,7.7,31.6,114.6,43.2,13.5,19-08-2024,21-01-2025,155,0.59
IND07196,Gujarat,Black,Wheat,15.2,6.8,23.8,30.3,72,47.3,05-05-2024,17-08-2024,104,0.65
IND07197,Punjab,Alluvial,Rice,38.1,6.2,19.1,86.1,47.1,17.7,12-04-2024,18-07-2024,97,0.63
IND07198,Punjab,Alluvial,Maize,30.6,7.4,27.9,89.5,72.8,11,09-08-2024,05-11-2024,88,0.65
IND07199,Odisha,Laterite,Rice,39.9,6.3,33,274.7,89.2,14.2,09-12-2024,30-04-2025,142,0.39
IND07200,Telangana,Red,Pulses,30.9,6.5,21.9,230.6,74.8,10.2,04-05-2024,09-08-2024,97,0.67
IND07201,Telangana,Red,Millet,13.6,7.2,39.3,217.6,53.5,34.2,20-08-2024,05-12-2024,107,0.74
IND07202,West Bengal,Alluvial,Maize,39.9,7.7,28.8,65.9,79.9,12.8,23-06-2024,04-10-2024,103,0.69
IND07203,Uttar Pradesh,Alluvial,Maize,32.8,6.6,29.5,149.1,59.8,17.6,06-11-2024,05-03-2025,119,0.42
IND07204,Kerala,Laterite,Groundnut,36.7,7.7,34.1,297.6,89.7,0,06-11-2024,12-04-2025,157,0.48
IND07205,Telangana,Red,Groundnut,28.6,7.4,18.6,75.7,82.9,6.1,15-02-2024,24-07-2024,160,0.85
IND07206,Karnataka,Laterite,Groundnut,39.2,7,29.6,47.7,44.3,10,16-03-2024,18-07-2024,124,0.5
IND07207,Haryana,Alluvial,Pulses,21.7,7.5,19.7,60.7,42,44,04-02-2024,02-05-2024,88,0.63
IND07208,Rajasthan,Alluvial,Sugarcane,13,7.5,20.3,230.8,68.5,6.8,02-09-2024,01-01-2025,121,0.89
IND07209,Haryana,Alluvial,Rice,12.4,7.3,26.1,263.2,50.7,10.8,09-08-2024,13-11-2024,96,0.39
IND07210,Rajasthan,Desert,Millet,29.5,6.3,30.3,178.6,64.3,13.2,01-06-2024,09-10-2024,130,0.69
IND07211,Bihar,Alluvial,Sugarcane,26.3,7.1,33.1,24.4,68.6,14.7,23-01-2024,26-05-2024,124,0.68
IND07212,Odisha,Alluvial,Sugarcane,17.7,6.4,39.5,196.3,57.3,18.6,24-07-2024,27-11-2024,126,0.83
IND07213,Punjab,Alluvial,Sugarcane,19.8,6.2,36.1,122.8,83.2,7,24-03-2024,05-08-2024,134,0.38
IND07214,Andhra Pradesh,Red,Groundnut,12,7.3,24.6,90.4,86.2,14.4,19-02-2024,20-05-2024,91,0.88
IND07215,Karnataka,Laterite,Groundnut,41.4,7.2,38.7,244.5,75.7,13.4,25-12-2024,12-05-2025,138,0.49
IND07216,Punjab,Alluvial,Rice,36.9,6.7,18.9,78.5,66.4,10.1,19-09-2024,01-01-2025,104,0.36
IND07217,Tamil Nadu,Red,Pulses,14.3,7,32.7,73.2,49.1,27.8,04-10-2024,12-02-2025,131,0.39
IND07218,Rajasthan,Alluvial,Sugarcane,29.1,7.2,20.6,48.9,72.9,29.4,06-07-2024,04-12-2024,151,0.78
IND07219,Madhya Pradesh,Black,Wheat,34.3,6.7,25.5,139.4,75.5,5.7,16-01-2024,06-05-2024,111,0.69
IND07220,Karnataka,Black,Wheat,43.6,6.1,20.6,103.2,86.2,17,24-08-2024,12-12-2024,110,0.5
IND07221,Kerala,Laterite,Groundnut,16.1,7,19.9,23.7,55.9,44.9,07-09-2024,24-01-2025,139,0.61
IND07222,Gujarat,Alluvial,Maize,12.2,7.4,34.2,152.2,51.4,23.4,19-10-2024,09-03-2025,141,0.74
IND07223,Odisha,Alluvial,Maize,30.3,7,22.5,292.9,41.6,11.2,05-09-2024,27-01-2025,144,0.51
IND07224,Maharashtra,Laterite,Rice,34.1,6.3,24.3,45.8,69,39.6,24-04-2024,14-08-2024,112,0.37
IND07225,Haryana,Alluvial,Sugarcane,17.6,6.8,18.7,239.6,58.1,1,22-05-2024,25-09-2024,126,0.61
IND07226,Tamil Nadu,Laterite,Groundnut,26.5,7.3,31.6,41.5,81.1,31.1,12-03-2024,08-08-2024,149,0.69
IND07227,Bihar,Alluvial,Sugarcane,35.3,6.4,28.9,251,62.7,0,21-06-2024,11-11-2024,143,0.61
IND07228,Gujarat,Black,Wheat,20,6.8,29.2,22.5,60,28.4,21-10-2024,26-02-2025,128,0.72
IND07229,Haryana,Alluvial,Pulses,27.5,7.7,38.4,250.6,81.2,0,17-02-2024,15-06-2024,119,0.65
IND07230,Maharashtra,Laterite,Rice,23.2,7.2,28.3,279.9,81,26.7,05-03-2024,08-06-2024,95,0.79
IND07231,Odisha,Alluvial,Rice,16.6,7,37.8,36.8,60.2,32.2,17-10-2024,17-03-2025,151,0.82
IND07232,Gujarat,Alluvial,Wheat,38.4,7.1,18.6,252,40,17.3,04-05-2024,07-08-2024,95,0.69
IND07233,Haryana,Alluvial,Sugarcane,26.3,6.4,24,151.7,45.5,27,03-03-2024,10-07-2024,129,0.64
IND07234,West Bengal,Alluvial,Sugarcane,16,7.2,32.9,285.7,44.9,20.9,05-06-2024,15-10-2024,132,0.38
IND07235,Kerala,Laterite,Rice,12.3,6.8,35.3,101.9,81.9,7.6,06-08-2024,17-11-2024,103,0.72
IND07236,Haryana,Alluvial,Pulses,34,6.1,39.5,266.2,86.6,19.2,16-11-2024,28-02-2025,104,0.64
IND07237,West Bengal,Laterite,Groundnut,35.3,7.7,20.9,144.4,46.6,12.9,13-03-2024,14-07-2024,123,0.66
IND07238,Karnataka,Red,Maize,22.8,7.2,29,117.2,47,30.9,05-08-2024,26-11-2024,113,0.58
IND07239,Punjab,Alluvial,Rice,27.2,6.5,32.1,119.2,58.5,18.5,02-08-2024,02-11-2024,92,0.7
IND07240,Telangana,Red,Maize,36.6,7.4,39.5,234.1,85,0,20-06-2024,20-11-2024,153,0.87
IND07241,Karnataka,Red,Millet,27.4,6.9,20,234.4,62.5,5.4,04-12-2024,01-03-2025,87,0.39
IND07242,West Bengal,Alluvial,Sugarcane,16.9,6.3,26.2,202.8,63.4,6,15-10-2024,03-02-2025,111,0.46
IND07243,Bihar,Alluvial,Wheat,27.4,6.6,27,267.9,51.3,26.4,03-02-2024,16-06-2024,134,0.63
IND07244,Odisha,Alluvial,Sugarcane,25.4,7.4,29,212.7,57.8,6.7,03-04-2024,03-07-2024,91,0.58
IND07245,Haryana,Alluvial,Pulses,12.7,7.4,32.7,156.9,63,38.4,19-03-2024,06-07-2024,109,0.9
IND07246,Odisha,Alluvial,Maize,15.6,6.2,23,141.2,55.5,29.8,13-08-2024,10-01-2025,150,0.44
IND07247,Haryana,Alluvial,Maize,21.4,7.1,36.3,92.4,63.1,38.9,13-10-2024,16-02-2025,126,0.37
IND07248,Bihar,Alluvial,Wheat,38,6.6,35.3,131.9,61.8,19.1,18-03-2024,05-08-2024,140,0.4
IND07249,Kerala,Laterite,Rice,37.7,6.9,21.8,36.3,41.1,24.8,02-08-2024,16-11-2024,106,0.78
IND07250,Tamil Nadu,Laterite,Groundnut,31.7,6.8,28.3,100.6,72.6,38.2,07-11-2024,07-04-2025,151,0.54
IND07251,Karnataka,Black,Cotton,37.9,6.4,27.6,118.2,51.4,0,20-10-2024,29-01-2025,101,0.36
IND07252,Uttar Pradesh,Alluvial,Maize,23.8,6,31.8,276.3,70.3,22.2,20-02-2024,12-06-2024,113,0.62
IND07253,Uttar Pradesh,Alluvial,Wheat,16.2,6.3,30,187.4,81.9,10.8,01-07-2024,23-10-2024,114,0.88
IND07254,Madhya Pradesh,Black,Cotton,38.6,6.3,37.9,107.1,77.1,13.5,06-04-2024,04-07-2024,89,0.74
IND07255,Odisha,Laterite,Rice,13.5,6.4,33.3,35,64.9,41.5,25-07-2024,26-10-2024,93,0.38
IND07256,Telangana,Black,Cotton,28,6.1,35.1,82.3,84.7,20,22-06-2024,05-11-2024,136,0.5
IND07257,Gujarat,Alluvial,Sugarcane,38.8,7.2,31.1,279.8,62.7,4.8,18-01-2024,23-04-2024,96,0.62
IND07258,Kerala,Laterite,Rice,17.3,6.3,37.1,268.4,71.7,0,03-04-2024,10-09-2024,160,0.56
IND07259,Tamil Nadu,Black,Sugarcane,34.7,6.4,33,160.2,66.5,0,12-01-2024,06-04-2024,85,0.45
IND07260,Maharashtra,Black,Cotton,17.6,7,38.1,86.9,86.6,41.1,20-09-2024,12-01-2025,114,0.52
IND07261,Andhra Pradesh,Black,Sugarcane,13.6,7.4,30,292.6,81.5,12.2,24-04-2024,24-08-2024,122,0.67
IND07262,Maharashtra,Black,Wheat,14,6.7,30.1,235.7,76.1,19.2,01-07-2024,26-09-2024,87,0.82
IND07263,Haryana,Alluvial,Maize,18.5,7.5,25.1,189.5,41,32.7,03-07-2024,11-10-2024,100,0.35
IND07264,West Bengal,Alluvial,Maize,35.7,6.7,24.2,179,54.9,19.8,21-06-2024,16-09-2024,87,0.62
IND07265,Karnataka,Black,Wheat,25.8,7.3,25.3,70.5,70.1,9.2,13-07-2024,03-11-2024,113,0.36
IND07266,West Bengal,Laterite,Groundnut,12.5,7.2,28.4,85,72.6,46.6,21-04-2024,06-08-2024,107,0.43
IND07267,Rajasthan,Alluvial,Pulses,18,6.9,19.9,107.7,48.8,32.5,18-11-2024,14-03-2025,116,0.65
IND07268,Uttar Pradesh,Alluvial,Rice,14.7,7.3,38.1,30.7,84,24.3,07-09-2024,16-01-2025,131,0.79
IND07269,Bihar,Alluvial,Sugarcane,30.4,7.4,33.5,191,54.5,6.6,16-09-2024,22-02-2025,159,0.79
IND07270,Madhya Pradesh,Red,Millet,27.6,7.7,21.7,105.8,85.4,13.7,01-08-2024,03-11-2024,94,0.83
IND07271,Karnataka,Red,Groundnut,43.2,6.2,34.2,140.5,46.8,24.5,19-11-2024,28-03-2025,129,0.57
IND07272,Tamil Nadu,Laterite,Groundnut,17.5,7.6,22.1,100.5,81.5,15.6,20-07-2024,05-12-2024,138,0.49
IND07273,Maharashtra,Black,Cotton,39.5,6.8,23.6,147.7,72,0,05-02-2024,29-06-2024,145,0.72
IND07274,Odisha,Alluvial,Rice,20.4,6.7,25.4,261.1,55.5,19,02-08-2024,24-12-2024,144,0.45
IND07275,Haryana,Alluvial,Maize,27,7.5,35.9,249.5,60.4,4.9,18-12-2024,26-05-2025,159,0.64
IND07276,Odisha,Laterite,Groundnut,22.7,7.1,24.7,178.6,49.5,7.8,24-04-2024,24-09-2024,153,0.62
IND07277,Telangana,Black,Sugarcane,24,6.2,24.5,166.9,84.8,29.4,25-09-2024,03-01-2025,100,0.61
IND07278,Rajasthan,Alluvial,Sugarcane,25.6,6.5,23.4,170.2,71.2,11.5,12-07-2024,17-11-2024,128,0.6
IND07279,Telangana,Black,Wheat,39.6,7.6,25.9,149.1,89.5,0,07-03-2024,27-07-2024,142,0.44
IND07280,Tamil Nadu,Red,Maize,28.4,7.4,37.2,175.3,44.1,19.3,06-06-2024,03-09-2024,89,0.83
IND07281,Uttar Pradesh,Alluvial,Pulses,44.5,7.6,38,152.2,50,14.9,02-01-2024,25-04-2024,114,0.42
IND07282,Andhra Pradesh,Black,Wheat,41.5,6.1,26.7,161.1,70.1,0,09-10-2024,01-02-2025,115,0.54
IND07283,Rajasthan,Desert,Millet,25.3,7.3,32.9,247.9,58.6,28.8,14-07-2024,02-11-2024,111,0.83
IND07284,Uttar Pradesh,Alluvial,Wheat,34,6.3,36.3,93.6,68,0.2,15-06-2024,04-10-2024,111,0.38
IND07285,Karnataka,Laterite,Groundnut,23.9,6.9,31.5,30.9,63.1,29.6,25-09-2024,12-01-2025,109,0.61
IND07286,Tamil Nadu,Black,Sugarcane,19.7,7.4,29.1,138.2,60.7,15.7,23-03-2024,31-07-2024,130,0.78
IND07287,Odisha,Laterite,Rice,13.7,7.3,21.6,264.4,76,19.4,25-05-2024,03-10-2024,131,0.56
IND07288,West Bengal,Alluvial,Wheat,31.9,6.4,25.7,266.9,49.5,0,02-03-2024,23-07-2024,143,0.4
IND07289,Telangana,Black,Wheat,15.6,7.7,26.2,134.6,50.7,31.3,06-05-2024,30-07-2024,85,0.4
IND07290,Bihar,Alluvial,Maize,36.8,7.2,21.8,118.7,67.8,1.1,24-12-2024,15-05-2025,142,0.61
IND07291,Tamil Nadu,Black,Sugarcane,25.6,7.3,23,189,52.9,8.1,16-05-2024,02-10-2024,139,0.37
IND07292,Odisha,Alluvial,Sugarcane,13.6,6.3,21.2,213.3,88.9,25.6,15-06-2024,01-11-2024,139,0.43
IND07293,Uttar Pradesh,Alluvial,Wheat,19,7.6,35.4,155.3,55.1,7.9,09-04-2024,19-08-2024,132,0.44
IND07294,Madhya Pradesh,Black,Cotton,24.2,6.3,22.5,214.8,48.9,20.4,20-07-2024,20-12-2024,153,0.75
IND07295,Andhra Pradesh,Black,Wheat,33.4,7.1,28.2,20.2,45.5,7.8,23-08-2024,29-01-2025,159,0.62
IND07296,Gujarat,Black,Wheat,14.3,6.4,25.9,284.5,73.5,11.5,11-08-2024,08-12-2024,119,0.41
IND07297,Andhra Pradesh,Red,Millet,19,6.2,24.6,114.3,64,30.6,01-01-2024,22-05-2024,142,0.7
IND07298,Karnataka,Red,Maize,33.3,7.5,34,169,80.4,2.4,01-03-2024,27-06-2024,118,0.41
IND07299,Rajasthan,Desert,Millet,14.1,7.2,27.4,52.1,41,19,05-05-2024,15-08-2024,102,0.9
IND07300,Andhra Pradesh,Black,Sugarcane,29.9,6.8,28.6,261.1,88.4,5.4,08-09-2024,12-02-2025,157,0.85
IND07301,Kerala,Laterite,Groundnut,17.8,6.2,29.4,96.2,86.3,8.8,18-03-2024,25-06-2024,99,0.62
IND07302,Odisha,Alluvial,Maize,22.2,6.4,18.1,97.5,75.4,13.9,08-01-2024,13-05-2024,126,0.54
IND07303,Odisha,Alluvial,Maize,27.3,7.5,39.9,118.6,65.8,25.5,19-08-2024,11-12-2024,114,0.81
IND07304,Maharashtra,Red,Maize,13.3,7.6,34.5,148.2,87.4,16.9,09-08-2024,10-12-2024,123,0.87
IND07305,Karnataka,Red,Maize,30.9,6.4,31.6,100.1,47.5,38.4,23-12-2024,21-03-2025,88,0.56
IND07306,Karnataka,Red,Groundnut,41.2,7.6,26.8,131.5,80.2,20.8,15-04-2024,17-07-2024,93,0.57
IND07307,Maharashtra,Red,Pulses,24.9,6.2,21.3,181.2,88.4,9.3,19-02-2024,02-07-2024,134,0.36
IND07308,Haryana,Alluvial,Wheat,44.8,6.2,23.4,120.6,89.3,14.5,07-01-2024,12-04-2024,96,0.52
IND07309,Uttar Pradesh,Alluvial,Wheat,31.2,6.3,24,237.9,48.4,0,20-11-2024,06-04-2025,137,0.69
IND07310,Punjab,Alluvial,Pulses,27.7,6.7,22.2,105.9,65.1,38.9,10-04-2024,01-08-2024,113,0.89
IND07311,Gujarat,Black,Wheat,41.4,7.6,29.4,209.2,49.2,2.4,15-08-2024,21-12-2024,128,0.73
IND07312,Telangana,Black,Sugarcane,40.7,7.6,34.2,125.1,87.4,24.5,10-05-2024,01-10-2024,144,0.67
IND07313,Telangana,Red,Pulses,33.6,6.1,22.6,222.1,42.9,17.3,24-08-2024,13-12-2024,111,0.86
IND07314,Andhra Pradesh,Red,Maize,35.3,7,19.2,243.8,89.7,0,24-12-2024,03-05-2025,130,0.48
IND07315,Kerala,Laterite,Groundnut,43,6.4,30.2,158.2,81.9,12.2,25-02-2024,16-06-2024,112,0.38
IND07316,Andhra Pradesh,Red,Groundnut,33.1,7.1,28.5,108.8,48.5,2.1,21-02-2024,19-05-2024,88,0.88
IND07317,Andhra Pradesh,Red,Millet,30.8,7,25.7,83.9,78.9,15.8,05-01-2024,30-05-2024,146,0.67
IND07318,Uttar Pradesh,Alluvial,Maize,12.8,6.8,34.8,42.6,85.2,49.6,22-07-2024,26-12-2024,157,0.43
IND07319,Telangana,Red,Groundnut,34.7,6.8,33.5,249.1,81.9,0,13-01-2024,04-06-2024,143,0.86
IND07320,Uttar Pradesh,Alluvial,Sugarcane,33.2,7.8,29.4,133.1,44.8,21.7,18-01-2024,16-05-2024,119,0.5
IND07321,Maharashtra,Red,Maize,15.7,6,24.8,77.8,79.9,26.6,18-07-2024,09-12-2024,144,0.72
IND07322,Karnataka,Laterite,Groundnut,43.4,7.5,39,235.2,54.2,5.9,22-05-2024,06-09-2024,107,0.83
IND07323,Madhya Pradesh,Black,Cotton,26.4,7.1,38.2,110.8,53.6,13.9,09-07-2024,21-11-2024,135,0.71
IND07324,Tamil Nadu,Laterite,Groundnut,35.1,7.2,38.7,291.4,88.4,0,02-08-2024,20-12-2024,140,0.54
IND07325,Kerala,Laterite,Groundnut,31.8,6.7,23.7,59.1,53.4,33.5,01-01-2024,24-05-2024,144,0.55
IND07326,Haryana,Alluvial,Rice,17.3,6.4,34.8,177.8,69.8,29.3,22-08-2024,09-01-2025,140,0.49
IND07327,Telangana,Red,Maize,43.1,7.5,20.8,115.5,59.5,0,21-02-2024,04-07-2024,134,0.4
IND07328,Telangana,Red,Millet,16.2,6,22.7,98.9,71.7,6,03-03-2024,03-08-2024,153,0.47
IND07329,Odisha,Alluvial,Maize,37.5,6.3,25.9,119.7,78.8,0,11-06-2024,31-10-2024,142,0.79
IND07330,Karnataka,Laterite,Groundnut,34.3,6.8,28.1,90.7,72.6,15.9,13-12-2024,29-03-2025,106,0.41
IND07331,Punjab,Alluvial,Sugarcane,23.3,6.6,36.1,256.6,58.3,0,08-10-2024,04-02-2025,119,0.53
IND07332,Bihar,Alluvial,Pulses,20.8,6.7,32.3,209.1,55.3,4.5,21-06-2024,09-11-2024,141,0.84
IND07333,Tamil Nadu,Black,Sugarcane,22,7.2,36.6,210,65,0,10-01-2024,15-04-2024,96,0.73
IND07334,West Bengal,Laterite,Groundnut,16,6.1,32,95.1,46.2,29.3,20-05-2024,12-10-2024,145,0.65
IND07335,Haryana,Alluvial,Maize,32.1,6.7,18.9,90.7,89,5.4,07-03-2024,06-06-2024,91,0.78
IND07336,Uttar Pradesh,Alluvial,Rice,39,6.8,25.9,231.8,78.1,6.3,13-01-2024,15-04-2024,93,0.52
IND07337,Kerala,Laterite,Rice,24.5,6.9,36.2,269.4,48.4,0,20-07-2024,23-11-2024,126,0.46
IND07338,Karnataka,Red,Millet,43.3,7.5,37.5,164.3,64.3,21.1,05-02-2024,26-05-2024,111,0.65
IND07339,Andhra Pradesh,Red,Maize,22.6,7.4,22.7,92.7,44,27.3,17-02-2024,02-06-2024,106,0.79
IND07340,West Bengal,Laterite,Rice,31.2,6.1,32.9,42,64.1,9.6,13-01-2024,16-04-2024,94,0.63
IND07341,Karnataka,Red,Millet,24.7,7.1,23.6,34.5,40.3,32,09-06-2024,15-10-2024,128,0.85
IND07342,Odisha,Laterite,Groundnut,16.5,7.7,32.6,88.3,56.7,43.3,11-07-2024,17-10-2024,98,0.71
IND07343,Bihar,Alluvial,Sugarcane,22.9,6.7,33.4,179,60,22.3,06-08-2024,27-12-2024,143,0.82
IND07344,Kerala,Laterite,Groundnut,14.6,6.7,18.8,244.8,45.4,16.5,16-02-2024,19-05-2024,93,0.45
IND07345,Rajasthan,Desert,Millet,36.2,6.4,20.7,151.9,74.9,28.8,17-05-2024,28-09-2024,134,0.44
IND07346,Haryana,Alluvial,Maize,36.7,7.1,36.8,39.7,52.9,7,08-08-2024,26-12-2024,140,0.78
IND07347,Madhya Pradesh,Black,Wheat,36.7,7.2,25.9,20,41,15.3,11-11-2024,22-02-2025,103,0.51
IND07348,Rajasthan,Alluvial,Wheat,12.8,7,29.3,285.3,66.5,2.2,18-10-2024,02-02-2025,107,0.37
IND07349,Bihar,Alluvial,Pulses,42.5,7.6,31.1,131.5,77.7,0,19-11-2024,02-03-2025,103,0.36
IND07350,Tamil Nadu,Laterite,Rice,16.7,6.5,36.9,127.6,89.6,19.8,08-03-2024,19-06-2024,103,0.66
IND07351,Odisha,Laterite,Rice,28.5,6.3,29.7,60,45.7,39,23-03-2024,14-08-2024,144,0.84
IND07352,Uttar Pradesh,Alluvial,Sugarcane,34.1,7.2,32.8,130.1,74,6.6,24-12-2024,14-05-2025,141,0.58
IND07353,Tamil Nadu,Black,Wheat,35.4,6.6,35,62.3,83,24.9,06-02-2024,07-07-2024,152,0.54
IND07354,Kerala,Laterite,Groundnut,36.6,6.9,19.2,255.1,49,0.8,17-12-2024,13-04-2025,117,0.46
IND07355,Karnataka,Red,Groundnut,41,6.9,22.3,106.5,85.8,21.5,10-04-2024,03-09-2024,146,0.68
IND07356,Maharashtra,Black,Sugarcane,35.9,6.3,25.4,263.8,56,9,08-06-2024,11-11-2024,156,0.83
IND07357,Haryana,Alluvial,Pulses,24.6,6.2,26.6,173.1,64.3,18.2,23-08-2024,14-01-2025,144,0.66
IND07358,Odisha,Laterite,Rice,25.7,6.6,24.4,186.9,84.3,0.2,09-01-2024,13-06-2024,156,0.36
IND07359,Maharashtra,Black,Wheat,44.9,6.4,18.1,221.5,87.7,13.3,25-12-2024,23-04-2025,119,0.42
IND07360,Rajasthan,Desert,Millet,38.6,6.1,25,231.3,74.8,11.3,19-08-2024,17-01-2025,151,0.81
IND07361,West Bengal,Laterite,Rice,44.7,6.8,18.1,105.8,47.2,7.5,03-10-2024,13-01-2025,102,0.63
IND07362,Uttar Pradesh,Alluvial,Rice,16.8,6.1,28,63,45.5,47.4,06-12-2024,03-03-2025,87,0.52
IND07363,Haryana,Alluvial,Maize,15.8,6.5,33.5,263.2,72.6,0,09-12-2024,18-04-2025,130,0.89
IND07364,Andhra Pradesh,Black,Cotton,12.3,6.1,24.3,225.7,67.9,27.3,06-01-2024,04-06-2024,150,0.42
IND07365,Madhya Pradesh,Red,Millet,40.8,6.5,36.8,296,62.5,0,13-04-2024,27-08-2024,136,0.49
IND07366,Madhya Pradesh,Black,Wheat,19,6.4,22.6,287.4,61.1,16.4,17-08-2024,12-01-2025,148,0.56
IND07367,Andhra Pradesh,Red,Groundnut,18.7,6.7,39.5,120.5,85.6,22.4,08-11-2024,18-02-2025,102,0.64
IND07368,Odisha,Laterite,Groundnut,27.3,6.1,35.9,102.3,63.2,9.1,10-05-2024,29-09-2024,142,0.47
IND07369,Karnataka,Black,Wheat,17.1,6.9,33.8,257.8,88.9,28.8,18-11-2024,11-04-2025,144,0.5
IND07370,Odisha,Laterite,Groundnut,27.7,6.5,25.2,86,65,10.4,17-06-2024,23-09-2024,98,0.7
IND07371,Punjab,Alluvial,Rice,33.2,7.4,28.9,29.5,65.5,30,19-06-2024,29-09-2024,102,0.45
IND07372,West Bengal,Laterite,Rice,31.9,6.7,36.8,121.9,62.9,17.5,18-02-2024,27-06-2024,130,0.85
IND07373,Karnataka,Red,Groundnut,25.6,7.2,34.5,34.7,70.4,31.8,16-01-2024,23-04-2024,98,0.85
IND07374,Uttar Pradesh,Alluvial,Wheat,15.3,7.3,26.3,55.1,83.9,15,14-05-2024,23-09-2024,132,0.4
IND07375,West Bengal,Laterite,Rice,38.9,7.3,39.2,210.7,51.4,4.8,24-10-2024,16-03-2025,143,0.43
IND07376,Uttar Pradesh,Alluvial,Pulses,35.3,6.9,37.3,216,50.4,0,08-07-2024,12-10-2024,96,0.48
IND07377,Tamil Nadu,Laterite,Groundnut,42.3,7.5,29.7,95.3,61.2,10.1,19-06-2024,21-09-2024,94,0.87
IND07378,Uttar Pradesh,Alluvial,Pulses,43.1,6.4,22.7,194.5,63.7,23.8,19-08-2024,22-11-2024,95,0.69
IND07379,Uttar Pradesh,Alluvial,Sugarcane,25.6,7.4,24.3,134.1,83.3,25.4,06-12-2024,15-04-2025,130,0.8
IND07380,Uttar Pradesh,Alluvial,Pulses,25.6,6.6,21,145.9,44.2,0,17-01-2024,17-05-2024,121,0.81
IND07381,Madhya Pradesh,Black,Cotton,15.3,7.5,26.8,272.5,53.5,19.9,22-07-2024,24-11-2024,125,0.45
IND07382,Uttar Pradesh,Alluvial,Maize,36.8,7.2,25.6,214,41.8,0,17-01-2024,05-06-2024,140,0.7
IND07383,Tamil Nadu,Laterite,Groundnut,22.4,6.2,27.7,33.3,41.6,33.7,25-01-2024,02-07-2024,159,0.76
IND07384,Andhra Pradesh,Black,Cotton,32.7,6.3,24.7,166.9,65.2,0,22-09-2024,24-02-2025,155,0.41
IND07385,Kerala,Laterite,Rice,13.2,7,34.7,108.7,81.6,35.4,04-05-2024,12-09-2024,131,0.4
IND07386,Bihar,Alluvial,Pulses,26.5,7.4,20.7,261.3,66.9,9.3,11-02-2024,08-05-2024,87,0.47
IND07387,Bihar,Alluvial,Maize,19.4,7.6,22.9,260.5,85.5,14.4,23-01-2024,20-06-2024,149,0.61
IND07388,Odisha,Alluvial,Rice,24.9,7.1,34,55.8,78,27.2,09-04-2024,13-09-2024,157,0.6
IND07389,Tamil Nadu,Red,Groundnut,29.7,6.5,28.6,298.5,54.9,0,24-11-2024,13-03-2025,109,0.37
IND07390,Odisha,Alluvial,Sugarcane,12.5,6.7,34.6,24.2,82.5,31.3,05-06-2024,04-09-2024,91,0.75
IND07391,Telangana,Black,Wheat,30.9,7.5,27.1,218.2,68.5,0,19-07-2024,16-12-2024,150,0.36
IND07392,Andhra Pradesh,Black,Wheat,42.6,7.1,38.8,58.7,55.3,36.2,06-07-2024,14-11-2024,131,0.85
IND07393,Tamil Nadu,Red,Maize,23.5,6.7,21.8,277.6,45.3,15.5,20-07-2024,22-11-2024,125,0.5
IND07394,Tamil Nadu,Black,Cotton,30.2,7.6,33.4,42.4,87.2,33.4,19-03-2024,14-07-2024,117,0.7
IND07395,Tamil Nadu,Red,Pulses,29.6,6.4,21.6,69.5,79,13.4,05-12-2024,02-03-2025,87,0.46
IND07396,Haryana,Alluvial,Sugarcane,25.9,7.1,21.4,182.8,65.5,0,07-05-2024,26-09-2024,142,0.8
IND07397,Odisha,Laterite,Rice,16,7.2,28.7,172,53.8,0.3,15-07-2024,01-12-2024,139,0.37
IND07398,Kerala,Laterite,Groundnut,38.9,7.4,23.2,234.9,87,14.6,18-12-2024,09-05-2025,142,0.4
IND07399,Gujarat,Alluvial,Wheat,33,6.6,38.1,167.5,62.5,19.3,14-12-2024,14-04-2025,121,0.76
IND07400,Odisha,Laterite,Rice,25.9,6.9,34.4,128.5,49.5,7,12-09-2024,20-01-2025,130,0.44
IND07401,Karnataka,Red,Pulses,22.4,7.1,20.2,291.8,64.5,12.5,18-11-2024,26-03-2025,128,0.68
IND07402,Kerala,Laterite,Rice,37.6,6.1,19.7,46.1,71.4,33.2,24-02-2024,23-07-2024,150,0.44
IND07403,Madhya Pradesh,Red,Groundnut,16.2,6.7,19.1,291.7,51,21.3,05-05-2024,22-08-2024,109,0.7
IND07404,Gujarat,Black,Sugarcane,43.4,6.6,23.9,201.7,56.8,14.8,02-05-2024,30-07-2024,89,0.7
IND07405,Punjab,Alluvial,Wheat,38.8,6.2,19.7,94,75.6,20.2,12-07-2024,05-10-2024,85,0.86
IND07406,Gujarat,Black,Wheat,37.2,7,24.5,217.5,52.7,0,05-01-2024,06-05-2024,122,0.58
IND07407,Andhra Pradesh,Black,Wheat,12.4,7.2,31.3,217.8,43.8,25.8,23-10-2024,18-02-2025,118,0.63
IND07408,Haryana,Alluvial,Pulses,15.1,6.8,19.6,22.5,84.3,34.8,23-12-2024,30-04-2025,128,0.54
IND07409,Punjab,Alluvial,Maize,23.4,6.1,35.8,285.5,83.9,22.3,06-11-2024,05-04-2025,150,0.77
IND07410,Odisha,Alluvial,Rice,29.5,6.6,30.9,108.9,79.2,34.5,10-09-2024,08-02-2025,151,0.62
IND07411,Telangana,Red,Maize,31.8,7.4,39.4,112.7,84.5,15.7,05-09-2024,09-02-2025,157,0.67
IND07412,Andhra Pradesh,Red,Maize,29.4,6.1,29.1,175.5,82.4,7.3,07-10-2024,19-01-2025,104,0.57
IND07413,Telangana,Red,Pulses,29.8,6.2,22.4,32.9,60.2,22,16-05-2024,13-09-2024,120,0.79
IND07414,Punjab,Alluvial,Pulses,36.7,7,25,130.4,67.8,4.2,20-05-2024,11-09-2024,114,0.81
IND07415,Gujarat,Alluvial,Rice,42.5,7.1,32.6,207.7,54.2,17,19-09-2024,08-02-2025,142,0.75
IND07416,Odisha,Laterite,Rice,37.2,6.3,22.4,245.3,53.7,18.6,15-04-2024,02-08-2024,109,0.88
IND07417,Telangana,Red,Pulses,43.6,6.7,19.5,95,53.2,23.3,23-09-2024,23-01-2025,122,0.64
IND07418,West Bengal,Laterite,Groundnut,28.4,7.4,27.3,53.1,63.8,38.3,16-08-2024,11-01-2025,148,0.77
IND07419,Tamil Nadu,Black,Cotton,35.3,7.1,22.2,80.5,50.3,23.7,17-05-2024,13-09-2024,119,0.72
IND07420,Bihar,Alluvial,Sugarcane,28.6,6.1,38.2,230.1,73.7,2,22-08-2024,04-01-2025,135,0.58
IND07421,Kerala,Laterite,Groundnut,36.5,7.7,28.2,268,76.8,0,09-04-2024,14-08-2024,127,0.35
IND07422,Maharashtra,Black,Sugarcane,30.6,7,18.3,222.2,68.3,0,19-10-2024,16-02-2025,120,0.36
IND07423,Maharashtra,Black,Sugarcane,24.5,6.7,38.5,126.1,44.4,2.7,01-08-2024,13-11-2024,104,0.55
IND07424,Rajasthan,Desert,Millet,16.3,6,21.5,151.4,51.9,24.9,03-07-2024,26-10-2024,115,0.49
IND07425,Kerala,Laterite,Groundnut,43.7,7.5,18.8,196.2,51.2,19.2,14-03-2024,08-08-2024,147,0.61
IND07426,Madhya Pradesh,Black,Cotton,13.2,6.6,38.5,145.1,44,32.5,25-01-2024,29-04-2024,95,0.37
IND07427,Haryana,Alluvial,Sugarcane,16.5,7.5,27,274.6,53.8,17.9,07-04-2024,15-07-2024,99,0.45
IND07428,Karnataka,Black,Sugarcane,22.1,7.2,23.5,162.7,78.2,33.8,12-03-2024,20-07-2024,130,0.55
IND07429,Rajasthan,Alluvial,Pulses,27.2,6.9,24.3,244.1,62.1,29.5,13-05-2024,05-10-2024,145,0.88
IND07430,Rajasthan,Desert,Millet,39.1,6.1,25.2,283.4,89.9,0,12-04-2024,19-08-2024,129,0.88
IND07431,Maharashtra,Red,Millet,20.1,7.6,19.5,290.7,80,19.7,07-12-2024,20-03-2025,103,0.42
IND07432,Uttar Pradesh,Alluvial,Pulses,16.9,6.8,28.9,87,62.3,19.1,20-11-2024,18-04-2025,149,0.44
IND07433,Rajasthan,Alluvial,Sugarcane,13.7,6.7,26.4,91.6,54.4,30.4,05-05-2024,08-10-2024,156,0.86
IND07434,Odisha,Alluvial,Pulses,32.2,7.2,39.7,165.3,81.9,20.1,15-08-2024,15-01-2025,153,0.89
IND07435,Karnataka,Laterite,Groundnut,16.4,6.2,22.4,146.7,62.5,31.8,17-12-2024,21-05-2025,155,0.81
IND07436,Madhya Pradesh,Red,Maize,24.4,6.5,20.6,147.2,87.3,22.8,10-10-2024,01-03-2025,142,0.43
IND07437,Madhya Pradesh,Black,Wheat,44.6,7.1,19.4,251.4,72.5,0,07-02-2024,09-07-2024,153,0.9
IND07438,Odisha,Laterite,Rice,39.5,6.5,40,139,64.5,0,14-01-2024,30-04-2024,107,0.43
IND07439,Gujarat,Black,Wheat,33.7,7.2,21.2,293.7,73.8,8.2,06-11-2024,16-03-2025,130,0.44
IND07440,Madhya Pradesh,Black,Cotton,20.7,6.1,29.3,107.1,77.9,33.3,08-06-2024,26-10-2024,140,0.68
IND07441,Andhra Pradesh,Black,Cotton,16.4,6,19.4,173.4,75.6,32.7,05-04-2024,11-09-2024,159,0.88
IND07442,Bihar,Alluvial,Rice,29.7,6.9,30,107.4,43.9,9.3,21-02-2024,18-05-2024,87,0.65
IND07443,Tamil Nadu,Laterite,Rice,31.5,6.2,24.7,53.3,68.5,14.8,19-08-2024,30-11-2024,103,0.76
IND07444,Telangana,Black,Cotton,41.1,7.6,28.4,245.3,82.7,22.5,19-05-2024,28-09-2024,132,0.56
IND07445,Rajasthan,Alluvial,Pulses,40.1,6.8,34.3,241.7,50.9,4.4,15-11-2024,08-03-2025,113,0.53
IND07446,Tamil Nadu,Black,Wheat,29.1,6.2,26.4,210.3,59.8,24.6,23-11-2024,30-03-2025,127,0.4
IND07447,Andhra Pradesh,Black,Cotton,43,6.2,19.2,215.8,47.3,6.1,15-07-2024,07-11-2024,115,0.35
IND07448,Andhra Pradesh,Black,Sugarcane,17.1,6.7,29.9,39.4,62.6,31.1,15-11-2024,06-04-2025,142,0.5
IND07449,Gujarat,Alluvial,Wheat,22.2,6,30.9,245.7,60.7,28.6,10-11-2024,03-02-2025,85,0.53
IND07450,West Bengal,Laterite,Rice,12.3,7.4,30.1,251.1,53,32.5,20-06-2024,16-10-2024,118,0.83
IND07451,Bihar,Alluvial,Pulses,26.2,7.3,21.6,23,88.8,24.3,16-06-2024,19-10-2024,125,0.78
IND07452,Gujarat,Alluvial,Rice,14.3,6.5,22.6,153.5,65.6,34,19-10-2024,23-02-2025,127,0.52
IND07453,Gujarat,Black,Sugarcane,33.3,7.3,32.4,139.1,42.8,0,13-08-2024,19-01-2025,159,0.66
IND07454,Odisha,Alluvial,Wheat,21.4,6.2,24.8,123,62.5,16.5,19-07-2024,27-11-2024,131,0.6
IND07455,Gujarat,Black,Sugarcane,24.6,6.3,28.7,175.2,83.8,7.2,18-08-2024,13-01-2025,148,0.85
IND07456,Telangana,Red,Millet,21.1,6.7,21,182.1,76,35,18-06-2024,25-11-2024,160,0.45
IND07457,Odisha,Laterite,Groundnut,14.3,6.5,25.1,291.5,88.5,12.6,12-03-2024,04-08-2024,145,0.46
IND07458,Rajasthan,Desert,Millet,25.1,6.2,38.3,42.6,50.3,42.1,22-03-2024,07-07-2024,107,0.43
IND07459,Haryana,Alluvial,Rice,41.3,7.7,29.8,32.1,57.4,21.5,25-06-2024,24-09-2024,91,0.59
IND07460,Andhra Pradesh,Red,Millet,18.8,6.8,30.3,62.1,62.8,30.1,16-08-2024,24-11-2024,100,0.37
IND07461,Odisha,Alluvial,Maize,17.5,7.3,37.4,198.8,75.2,30.7,02-01-2024,24-04-2024,113,0.66
IND07462,Haryana,Alluvial,Wheat,25.4,7.2,27.3,172.6,54.5,15.7,06-07-2024,20-11-2024,137,0.83
IND07463,Odisha,Laterite,Rice,18,6.3,37.7,62.6,40.2,24,04-06-2024,22-09-2024,110,0.53
IND07464,Maharashtra,Red,Pulses,43.2,7.7,38.7,165.7,75.1,14.2,11-03-2024,10-08-2024,152,0.36
IND07465,Maharashtra,Laterite,Groundnut,39.2,6.8,31.8,119.2,70.1,25.5,12-11-2024,01-04-2025,140,0.51
IND07466,Telangana,Black,Sugarcane,44,7.5,37.1,70.2,70.5,19.8,21-07-2024,30-10-2024,101,0.68
IND07467,Gujarat,Black,Wheat,14.4,6.7,31.2,130.6,89.6,33.9,11-11-2024,13-03-2025,122,0.68
IND07468,Haryana,Alluvial,Sugarcane,34,7,24.6,54.2,44.1,41.7,24-10-2024,17-01-2025,85,0.7
IND07469,Madhya Pradesh,Red,Millet,40.5,6,29.9,98.3,52.9,27.3,01-07-2024,12-11-2024,134,0.85
IND07470,Bihar,Alluvial,Wheat,25.1,7.2,19,87.4,67,35.3,08-01-2024,08-06-2024,152,0.54
IND07471,Madhya Pradesh,Red,Groundnut,38.8,6.2,34.4,236.5,66.8,0,06-05-2024,02-10-2024,149,0.78
IND07472,Kerala,Laterite,Rice,37.4,7.6,38.3,40.9,71.7,30,17-12-2024,25-03-2025,98,0.59
IND07473,Andhra Pradesh,Black,Sugarcane,26.4,6.4,20.1,137.8,75.7,8,11-08-2024,31-12-2024,142,0.83
IND07474,Punjab,Alluvial,Rice,12,6.5,22,113,82,7,04-05-2024,15-08-2024,103,0.58
IND07475,Odisha,Laterite,Groundnut,20.2,6.2,33.4,108.6,78.5,8.8,10-07-2024,09-12-2024,152,0.46
IND07476,Maharashtra,Laterite,Rice,21.4,6,20.4,178.5,46.2,25.6,22-11-2024,10-03-2025,108,0.63
IND07477,Punjab,Alluvial,Sugarcane,37,6.4,27.2,250.7,66.1,0,12-03-2024,26-06-2024,106,0.63
IND07478,Karnataka,Black,Sugarcane,36.7,7,21.6,252.9,58.2,0,09-08-2024,01-01-2025,145,0.49
IND07479,Madhya Pradesh,Black,Cotton,26.8,6.2,35.5,299.8,64.2,9.6,03-03-2024,18-07-2024,137,0.54
IND07480,Bihar,Alluvial,Rice,24.1,7.4,28.2,99.9,40,8.2,15-05-2024,11-08-2024,88,0.75
IND07481,Rajasthan,Alluvial,Rice,27.6,6.9,24.1,192.5,50.3,32.2,10-02-2024,30-06-2024,141,0.4
IND07482,Telangana,Red,Pulses,38.4,6.8,27.9,208.4,50.1,0,05-02-2024,02-06-2024,118,0.83
IND07483,Odisha,Alluvial,Rice,44.8,6.4,26.8,236.8,45.4,0,05-01-2024,16-04-2024,102,0.72
IND07484,Punjab,Alluvial,Sugarcane,20.5,7.6,19.8,173.3,62,12.9,16-01-2024,07-05-2024,112,0.74
IND07485,Uttar Pradesh,Alluvial,Rice,38,7.6,29.7,110.1,46.2,20.1,07-10-2024,02-01-2025,87,0.65
IND07486,Telangana,Red,Pulses,32.4,7.5,23,230.6,51.9,20.1,22-07-2024,24-11-2024,125,0.46
IND07487,Madhya Pradesh,Red,Pulses,23.1,6.8,22.7,165.1,79.3,0,09-08-2024,01-01-2025,145,0.83
IND07488,Odisha,Alluvial,Pulses,20.8,7,36.3,85.4,66.8,40.2,23-11-2024,08-03-2025,105,0.66
IND07489,Telangana,Black,Cotton,43.8,6.1,28.2,199.8,57.2,0,15-11-2024,22-03-2025,127,0.65
IND07490,Karnataka,Laterite,Rice,15.6,6.7,26.6,235.6,68.7,33,20-07-2024,12-11-2024,115,0.38
IND07491,Rajasthan,Desert,Millet,33.6,6.6,19.2,242.4,89.3,12.3,06-05-2024,02-10-2024,149,0.37
IND07492,Bihar,Alluvial,Maize,17.2,6.2,29.1,43.5,84.6,38.2,23-08-2024,04-12-2024,103,0.77
IND07493,Tamil Nadu,Laterite,Rice,34.5,6.7,19,69.4,43.9,34.2,08-12-2024,19-03-2025,101,0.56
IND07494,Rajasthan,Alluvial,Sugarcane,14.4,7.3,34.5,193.7,43.2,2.8,18-08-2024,18-01-2025,153,0.83
IND07495,Andhra Pradesh,Black,Sugarcane,29.2,6.3,25.6,240.8,56.1,1.2,11-02-2024,13-05-2024,92,0.65
IND07496,Punjab,Alluvial,Rice,29.5,7.2,39.7,247.5,47,12.2,04-09-2024,26-01-2025,144,0.61
IND07497,Haryana,Alluvial,Wheat,37.8,6.7,29,31.5,75.1,27.3,07-05-2024,25-08-2024,110,0.55
IND07498,Kerala,Laterite,Rice,41.8,7.2,24.1,238.7,49.2,20.1,04-09-2024,09-02-2025,158,0.35
IND07499,Madhya Pradesh,Black,Sugarcane,25.9,6.1,39,211.4,64.4,9.7,19-05-2024,19-08-2024,92,0.44
IND07500,Andhra Pradesh,Red,Groundnut,28.5,6.4,25.4,161.6,89.6,0,01-08-2024,04-12-2024,125,0.72
IND07501,Odisha,Laterite,Rice,22.2,6.1,26.8,194.2,60.1,0.1,04-11-2024,13-04-2025,160,0.9
IND07502,Tamil Nadu,Laterite,Rice,37.8,7,29.1,299.3,47.5,0,20-12-2024,26-04-2025,127,0.52
IND07503,West Bengal,Laterite,Rice,39.7,6.6,24.2,77.7,61.4,0,17-07-2024,22-11-2024,128,0.4
IND07504,Odisha,Alluvial,Wheat,16.6,7.2,28,91.2,76.9,13.8,14-01-2024,21-06-2024,159,0.55
IND07505,Gujarat,Alluvial,Rice,22.3,7.4,39.3,144.8,86.5,24.3,15-09-2024,13-12-2024,89,0.75
IND07506,Karnataka,Laterite,Groundnut,17.1,6.5,35.9,171.9,61.5,10,19-09-2024,15-02-2025,149,0.56
IND07507,Karnataka,Red,Maize,13,7.3,37.2,131.1,84.5,42.1,23-03-2024,07-08-2024,137,0.54
IND07508,Bihar,Alluvial,Rice,38.6,7.1,23.4,270.2,76.9,12.5,11-04-2024,04-09-2024,146,0.77
IND07509,Gujarat,Black,Sugarcane,23.2,6.3,24.6,249.7,66.1,0,09-02-2024,28-06-2024,140,0.86
IND07510,Uttar Pradesh,Alluvial,Rice,15.5,7.5,34.6,187.1,87.8,23.2,01-07-2024,12-10-2024,103,0.67
IND07511,Punjab,Alluvial,Pulses,31.6,6.9,35.5,132.6,48.4,33.7,21-02-2024,20-05-2024,89,0.86
IND07512,Odisha,Laterite,Rice,32.3,6.7,35,47.5,53.8,13.1,18-02-2024,18-07-2024,151,0.75
IND07513,Madhya Pradesh,Red,Groundnut,30.3,7.6,26.5,112.2,54.3,6.2,21-03-2024,14-06-2024,85,0.57
IND07514,Karnataka,Laterite,Groundnut,38.3,7.7,29,118.5,90,3.1,08-03-2024,31-07-2024,145,0.74
IND07515,Andhra Pradesh,Red,Maize,35.4,6.2,31.5,86.6,50,1.3,24-02-2024,28-07-2024,155,0.59
IND07516,Kerala,Laterite,Groundnut,27.1,7.3,30.5,102.5,59.8,39.2,08-07-2024,13-12-2024,158,0.41
IND07517,Odisha,Alluvial,Sugarcane,29.9,6.9,37.2,228.1,58.6,8.5,14-03-2024,25-06-2024,103,0.36
IND07518,Maharashtra,Laterite,Rice,26.1,7.8,38.5,270.2,66.1,0,03-10-2024,07-02-2025,127,0.61
IND07519,Uttar Pradesh,Alluvial,Rice,35.9,6.6,27,25.2,45.4,36.2,12-01-2024,04-05-2024,113,0.53
IND07520,Kerala,Laterite,Rice,14.2,7.2,37.2,128.9,68.5,5,23-06-2024,22-09-2024,91,0.72
IND07521,Punjab,Alluvial,Rice,19.8,6.8,32.9,151.4,78.7,7.1,09-03-2024,28-07-2024,141,0.4
IND07522,Rajasthan,Alluvial,Wheat,24.9,7,25.9,188.3,63.8,22.4,03-02-2024,11-05-2024,98,0.45
IND07523,Kerala,Laterite,Rice,24.8,6.2,27.1,37.1,85.9,25.8,04-06-2024,05-11-2024,154,0.77
IND07524,Andhra Pradesh,Black,Sugarcane,29.2,7.6,28.2,33.4,52.1,33.7,06-01-2024,06-05-2024,121,0.87
IND07525,Maharashtra,Red,Millet,23.7,6.2,37.9,152.6,72.5,12.4,16-07-2024,18-10-2024,94,0.82
IND07526,Madhya Pradesh,Red,Millet,29.4,7.7,18.5,74.4,68.6,7.9,04-10-2024,01-01-2025,89,0.85
IND07527,Kerala,Laterite,Groundnut,20.3,7,37.2,291.6,72.4,0,20-01-2024,22-06-2024,154,0.78
IND07528,Andhra Pradesh,Black,Sugarcane,38.4,6.6,28.3,244.8,80.2,2.8,18-07-2024,20-12-2024,155,0.72
IND07529,Gujarat,Black,Sugarcane,34.1,7.3,18.7,231.4,70.5,5.4,13-06-2024,30-09-2024,109,0.74
IND07530,Madhya Pradesh,Black,Wheat,24.3,7.1,24.9,178.8,55.1,27.8,05-02-2024,16-06-2024,132,0.41
IND07531,Maharashtra,Black,Sugarcane,36.3,7.4,23.5,146.8,41.7,28.5,21-10-2024,01-03-2025,131,0.49
IND07532,Madhya Pradesh,Red,Maize,27.5,7.2,19.1,161.7,55.4,22.1,20-01-2024,10-05-2024,111,0.87
IND07533,Kerala,Laterite,Rice,24.3,6.4,35.9,40.3,77.6,34.4,13-04-2024,01-09-2024,141,0.43
IND07534,Telangana,Red,Groundnut,12.6,6.2,23.3,74.7,74.8,48.1,04-05-2024,06-09-2024,125,0.37
IND07535,Bihar,Alluvial,Rice,29.8,6.8,35.6,258.8,75.8,0,11-12-2024,06-05-2025,146,0.65
IND07536,Rajasthan,Alluvial,Sugarcane,35,7.3,25.1,112.1,82.7,4,01-05-2024,20-08-2024,111,0.75
IND07537,Bihar,Alluvial,Maize,17.8,7.6,22.9,240.8,48.7,22.9,07-04-2024,15-08-2024,130,0.83
IND07538,Bihar,Alluvial,Rice,22.6,7.2,24.6,61.2,42,25.7,23-08-2024,13-12-2024,112,0.58
IND07539,Gujarat,Black,Sugarcane,26.6,6.2,29.1,130.2,69.7,10.2,25-02-2024,01-06-2024,97,0.53
IND07540,Rajasthan,Desert,Millet,19.5,6.4,21,69,50,29.1,23-05-2024,19-09-2024,119,0.79
IND07541,Kerala,Laterite,Rice,19.5,6.5,20.2,101,87.9,29.8,04-10-2024,29-12-2024,86,0.52
IND07542,Punjab,Alluvial,Wheat,26.4,7,35.1,83.2,57,28.5,06-09-2024,11-12-2024,96,0.76
IND07543,Rajasthan,Alluvial,Wheat,33.8,7.6,30.6,278.6,67.7,0,25-02-2024,10-06-2024,106,0.84
IND07544,Gujarat,Alluvial,Rice,17.3,7.6,26.3,223.3,81.7,9.2,20-08-2024,14-01-2025,147,0.58
IND07545,Andhra Pradesh,Red,Millet,39.1,6.2,29.3,69.5,62.5,6.1,21-04-2024,01-08-2024,102,0.9
IND07546,Telangana,Black,Sugarcane,22.4,6.2,20.1,190.9,73.7,8.2,02-01-2024,24-04-2024,113,0.65
IND07547,Andhra Pradesh,Black,Sugarcane,30.6,6.3,29.9,97.4,78.1,6.5,10-05-2024,27-08-2024,109,0.83
IND07548,Haryana,Alluvial,Wheat,15.2,7,28.2,152,82.7,30.5,18-03-2024,23-06-2024,97,0.56
IND07549,Kerala,Laterite,Rice,12.4,6.7,28.8,240.5,72.4,34.9,04-06-2024,04-09-2024,92,0.44
IND07550,Punjab,Alluvial,Wheat,36.2,6.6,25.5,212.5,42.3,15.2,04-02-2024,08-05-2024,94,0.74
IND07551,Kerala,Laterite,Rice,30.3,7.5,33.3,73.7,65,38.2,22-03-2024,30-07-2024,130,0.38
IND07552,Odisha,Laterite,Groundnut,44.3,6.3,25.1,185.1,68.6,9.3,23-09-2024,29-01-2025,128,0.8
IND07553,Karnataka,Black,Cotton,21.6,6,22.7,293.8,65.5,0,02-04-2024,31-08-2024,151,0.41
IND07554,Telangana,Black,Sugarcane,29.1,6.2,21.1,24,50.7,23.5,22-09-2024,10-01-2025,110,0.88
IND07555,Uttar Pradesh,Alluvial,Maize,17.3,6.5,36.7,124.5,84.3,5.5,06-01-2024,09-06-2024,155,0.71
IND07556,Madhya Pradesh,Black,Sugarcane,14.7,6.2,27.5,184.5,42.8,4.8,08-06-2024,24-10-2024,138,0.51
IND07557,Karnataka,Black,Sugarcane,31,6.8,26.4,27.1,41,14.7,08-11-2024,08-02-2025,92,0.59
IND07558,Odisha,Laterite,Rice,13.8,7.5,27.4,144.9,48.3,39.9,14-03-2024,19-07-2024,127,0.47
IND07559,Gujarat,Black,Cotton,21.2,7.6,22.3,98.8,80.9,6.6,01-06-2024,16-09-2024,107,0.69
IND07560,Gujarat,Black,Wheat,28.8,6.8,33.4,238.2,59.2,0,13-09-2024,29-01-2025,138,0.78
IND07561,Maharashtra,Black,Wheat,34.1,7.6,22.4,52.4,89.3,29.1,11-11-2024,21-03-2025,130,0.51
IND07562,Punjab,Alluvial,Rice,15,6.9,32.4,229.3,70.2,7.7,04-03-2024,27-06-2024,115,0.42
IND07563,Madhya Pradesh,Red,Millet,44.1,7.2,29.2,130.8,49.1,20.3,09-08-2024,23-12-2024,136,0.58
IND07564,Odisha,Laterite,Rice,34.8,6.9,33.5,98.4,78.2,33.5,04-11-2024,09-04-2025,156,0.87
IND07565,Uttar Pradesh,Alluvial,Wheat,25.8,7,25.2,63.9,40.2,13.5,25-02-2024,27-07-2024,153,0.36
IND07566,West Bengal,Laterite,Groundnut,24.5,7,38.5,199.5,43.9,25.5,19-01-2024,24-06-2024,157,0.78
IND07567,Uttar Pradesh,Alluvial,Maize,12.6,7.1,36.7,233.1,72.6,31.7,01-08-2024,03-01-2025,155,0.46
IND07568,Andhra Pradesh,Red,Groundnut,44.8,6.4,29.7,211.2,40.7,0,03-08-2024,10-01-2025,160,0.88
IND07569,Bihar,Alluvial,Maize,38.1,7.4,32.4,271.9,60.3,17.2,10-03-2024,25-07-2024,137,0.37
IND07570,Bihar,Alluvial,Maize,42.2,6.1,36.4,292.8,62.2,6.5,05-06-2024,04-11-2024,152,0.4
IND07571,Uttar Pradesh,Alluvial,Pulses,13,7.5,22.8,280.6,45.2,0,09-09-2024,25-12-2024,107,0.78
IND07572,Uttar Pradesh,Alluvial,Pulses,25.5,6.7,19,149.6,69.2,25.6,04-01-2024,05-04-2024,92,0.67
IND07573,Bihar,Alluvial,Maize,27.8,6.6,22.9,214.5,76.3,26.6,23-02-2024,01-07-2024,129,0.84
IND07574,Andhra Pradesh,Black,Cotton,29.6,7.1,33.1,254,56.8,3.2,01-04-2024,29-06-2024,89,0.86
IND07575,Andhra Pradesh,Black,Sugarcane,21.4,6.9,34.8,251.4,43,0,09-10-2024,19-02-2025,133,0.58
IND07576,Bihar,Alluvial,Maize,13.8,6,25.8,230.3,78.4,27.2,11-06-2024,08-09-2024,89,0.59
IND07577,West Bengal,Alluvial,Wheat,36.4,7.5,37.3,171.7,56.1,30.4,09-03-2024,13-06-2024,96,0.42
IND07578,Tamil Nadu,Red,Millet,33.2,6.7,31.1,22.8,88.7,13,05-09-2024,01-12-2024,87,0.71
IND07579,Kerala,Laterite,Groundnut,40.2,6.1,32.8,210.7,65.4,13.2,23-01-2024,14-06-2024,143,0.79
IND07580,Gujarat,Black,Wheat,30.2,6.3,37.1,63.7,58.9,27.1,04-12-2024,19-04-2025,136,0.55
IND07581,Maharashtra,Laterite,Groundnut,17.8,6.9,30.7,282.7,88.7,24,18-04-2024,25-09-2024,160,0.83
IND07582,Uttar Pradesh,Alluvial,Maize,39.4,7.6,23.9,75.7,78.2,0,20-06-2024,20-10-2024,122,0.41
IND07583,Kerala,Laterite,Rice,24.8,6.7,26.5,220.1,74.7,25.2,06-01-2024,18-05-2024,133,0.38
IND07584,Uttar Pradesh,Alluvial,Wheat,18.2,6.6,20.5,68.9,58.9,41.5,04-04-2024,04-07-2024,91,0.71
IND07585,West Bengal,Alluvial,Maize,36.5,7.5,28.9,95.2,79.9,9.1,17-06-2024,11-09-2024,86,0.68
IND07586,Odisha,Laterite,Groundnut,23,7.6,30.5,60.5,48.7,21.6,18-01-2024,09-06-2024,143,0.64
IND07587,Telangana,Black,Wheat,38.4,6.7,35.4,252.8,61.8,0,06-02-2024,24-05-2024,108,0.43
IND07588,Telangana,Black,Sugarcane,41.8,7.6,37,113.4,80.1,1.8,16-03-2024,11-06-2024,87,0.72
IND07589,Andhra Pradesh,Black,Wheat,22.5,6.6,38.6,167.7,68.6,0,24-09-2024,11-01-2025,109,0.84
IND07590,Bihar,Alluvial,Rice,14.4,6.8,26,121.4,89.4,24.8,21-12-2024,25-03-2025,94,0.48
IND07591,Maharashtra,Laterite,Rice,16.9,6.2,22.1,202.9,42.6,0,22-12-2024,26-03-2025,94,0.39
IND07592,Madhya Pradesh,Red,Groundnut,28.3,6.5,30.7,183.6,52.9,17.4,11-10-2024,03-02-2025,115,0.44
IND07593,Tamil Nadu,Red,Millet,40.4,7.7,31.1,38,42.2,27.9,21-09-2024,24-02-2025,156,0.39
IND07594,Kerala,Laterite,Rice,33.3,6.5,36.1,288,79.1,13.1,23-09-2024,21-02-2025,151,0.37
IND07595,Maharashtra,Laterite,Rice,38.6,6.4,31.1,277,79.4,15.3,20-09-2024,08-02-2025,141,0.45
IND07596,Andhra Pradesh,Red,Maize,32.5,6.9,26.3,190.2,45,0,17-07-2024,11-12-2024,147,0.75
IND07597,Rajasthan,Desert,Millet,39.6,6,25.2,126.2,63.3,9.1,09-05-2024,09-10-2024,153,0.37
IND07598,Rajasthan,Alluvial,Maize,25.5,7,30,162.2,66.8,33.1,24-07-2024,18-11-2024,117,0.42
IND07599,West Bengal,Alluvial,Rice,21.2,7.6,22.8,31.5,50.6,26.2,06-11-2024,18-02-2025,104,0.58
IND07600,Tamil Nadu,Red,Pulses,37.1,6.8,29,290.6,74.3,7.5,19-10-2024,14-03-2025,146,0.86
IND07601,Madhya Pradesh,Black,Sugarcane,27.1,6.8,37.9,142.8,47.8,33.9,25-03-2024,30-08-2024,158,0.88
IND07602,Madhya Pradesh,Red,Maize,12.6,7.8,29,265.2,44,8.3,25-06-2024,13-11-2024,141,0.51
IND07603,Madhya Pradesh,Black,Cotton,34.9,7.1,19.3,257.7,85,0,17-09-2024,03-01-2025,108,0.69
IND07604,Maharashtra,Black,Cotton,22,7.4,32,46.1,69,42.6,12-10-2024,05-01-2025,85,0.72
IND07605,Odisha,Alluvial,Sugarcane,22.1,6.8,18.5,167.6,62.6,11.7,13-10-2024,19-01-2025,98,0.6
IND07606,Uttar Pradesh,Alluvial,Sugarcane,21.6,7.6,31.9,65.6,67.1,43.1,03-11-2024,16-02-2025,105,0.77
IND07607,Odisha,Alluvial,Sugarcane,26.8,6.6,29.3,293.6,59.7,0,09-09-2024,11-02-2025,155,0.86
IND07608,Odisha,Laterite,Rice,33,6.8,34.2,35.6,83.2,5.1,24-07-2024,28-10-2024,96,0.38
IND07609,Kerala,Laterite,Rice,37,7.6,28.1,113.8,49.2,3.7,18-03-2024,07-08-2024,142,0.68
IND07610,Gujarat,Black,Sugarcane,14.8,6.5,39.8,119.9,85.5,39.5,06-04-2024,09-08-2024,125,0.4
IND07611,Gujarat,Alluvial,Sugarcane,43.3,7.4,30.7,59,69.2,25.4,01-10-2024,10-01-2025,101,0.73
IND07612,Punjab,Alluvial,Sugarcane,38.1,6.6,36.4,246.5,42.6,5.7,18-11-2024,03-04-2025,136,0.66
IND07613,Telangana,Red,Maize,38.6,6.7,19.8,253.7,53.6,0,01-07-2024,06-11-2024,128,0.77
IND07614,Karnataka,Black,Wheat,36.7,7.3,39.2,70.3,51.7,21.7,05-08-2024,30-10-2024,86,0.65
IND07615,Kerala,Laterite,Groundnut,24.8,7.8,30.8,176.9,77.3,0,14-04-2024,17-08-2024,125,0.88
IND07616,Tamil Nadu,Black,Cotton,16,7.8,35.5,130.6,54,11.1,02-08-2024,15-12-2024,135,0.37
IND07617,Rajasthan,Alluvial,Wheat,21,6.4,31.6,199.4,47.7,35.6,16-07-2024,13-10-2024,89,0.75
IND07618,Tamil Nadu,Black,Sugarcane,31.7,7.2,35.7,51.7,73,20.7,02-08-2024,23-11-2024,113,0.76
IND07619,Punjab,Alluvial,Pulses,33.7,6.4,20.1,174.4,89.1,20.4,05-10-2024,08-03-2025,154,0.89
IND07620,Tamil Nadu,Black,Cotton,35,7.3,34.5,213.6,78.4,0,01-03-2024,14-06-2024,105,0.5
IND07621,Tamil Nadu,Laterite,Rice,15,6.7,21.7,268.5,57.6,27.6,21-02-2024,17-05-2024,86,0.54
IND07622,Telangana,Black,Cotton,29,7.3,31.2,41.1,73.8,40.3,06-02-2024,05-07-2024,150,0.82
IND07623,Punjab,Alluvial,Pulses,41.3,6.8,38.3,25.4,69.5,35.3,22-01-2024,25-04-2024,94,0.68
IND07624,Uttar Pradesh,Alluvial,Rice,34.7,7,24.4,296.9,82.5,0,20-08-2024,12-12-2024,114,0.64
IND07625,Telangana,Red,Maize,18.1,7.1,34.7,164.5,50,14.8,14-12-2024,25-04-2025,132,0.59
IND07626,Haryana,Alluvial,Wheat,37,6.6,28.9,158.1,71.9,9.9,22-05-2024,08-09-2024,109,0.54
IND07627,Punjab,Alluvial,Rice,34.2,6.3,20.6,225.2,48.9,26.3,08-11-2024,14-02-2025,98,0.52
IND07628,Maharashtra,Black,Wheat,23.1,6.5,25.5,56,66.1,38.9,09-03-2024,03-06-2024,86,0.67
IND07629,Odisha,Laterite,Rice,25.8,6.2,38.9,29.5,52.4,15.9,06-07-2024,17-10-2024,103,0.55
IND07630,Maharashtra,Red,Groundnut,25,6.3,18.4,173.1,48.7,13.1,08-02-2024,01-06-2024,114,0.76
IND07631,Karnataka,Black,Wheat,37.3,7.4,22.4,288.1,75.5,0,04-05-2024,27-08-2024,115,0.38
IND07632,Kerala,Laterite,Groundnut,32.1,7.7,26.4,294,61,1.7,05-03-2024,09-08-2024,157,0.49
IND07633,Tamil Nadu,Laterite,Rice,41.5,7.6,37,278.9,49.8,17.2,11-11-2024,01-03-2025,110,0.5
IND07634,Haryana,Alluvial,Sugarcane,21.6,6.5,19.2,251.6,88.9,0,17-02-2024,06-07-2024,140,0.47
IND07635,Madhya Pradesh,Black,Sugarcane,14.4,6.7,32.3,165.4,57.7,38.4,21-03-2024,13-08-2024,145,0.5
IND07636,Rajasthan,Alluvial,Pulses,39.6,6.1,38.8,203.1,54.8,12,13-09-2024,14-01-2025,123,0.58
IND07637,Uttar Pradesh,Alluvial,Rice,41.9,6.9,35,227.8,55.5,13.3,10-07-2024,22-11-2024,135,0.38
IND07638,Maharashtra,Black,Wheat,30.1,6.1,29.5,222.8,81.5,0,23-05-2024,15-09-2024,115,0.51
IND07639,Karnataka,Laterite,Groundnut,26.7,7.5,34.1,189.8,46.2,8.9,08-12-2024,22-03-2025,104,0.39
IND07640,Kerala,Laterite,Rice,18.2,6.9,21.8,137.2,50.1,26.1,17-06-2024,15-11-2024,151,0.72
IND07641,West Bengal,Laterite,Rice,40.9,6.4,18.1,117,70.2,10.5,21-05-2024,29-09-2024,131,0.4
IND07642,Tamil Nadu,Black,Wheat,16.3,7.5,28.9,114.7,71.3,9.8,13-10-2024,23-02-2025,133,0.65
IND07643,Kerala,Laterite,Rice,20.5,6.5,39.1,197.8,84.6,29.3,02-05-2024,30-07-2024,89,0.76
IND07644,Kerala,Laterite,Groundnut,40,7,35.4,50.9,82.7,10.7,06-07-2024,29-11-2024,146,0.61
IND07645,Karnataka,Black,Wheat,44.2,7,37.7,50.4,53.4,20.2,18-05-2024,18-09-2024,123,0.76
IND07646,Punjab,Alluvial,Pulses,20,6.2,28.5,298.7,41.3,0,12-01-2024,12-05-2024,121,0.5
IND07647,Gujarat,Black,Sugarcane,44.4,7.5,38.9,72.3,56.5,4.2,18-01-2024,03-06-2024,137,0.38
IND07648,Gujarat,Alluvial,Pulses,20.1,6.9,32.9,72.5,82.9,26.9,07-06-2024,22-09-2024,107,0.76
IND07649,Maharashtra,Laterite,Groundnut,38,6.2,27.7,84.9,57.3,29,15-06-2024,21-10-2024,128,0.36
IND07650,Rajasthan,Desert,Millet,21.6,6.6,38.6,252.2,79,0.6,25-04-2024,11-08-2024,108,0.63
IND07651,Madhya Pradesh,Red,Groundnut,16.3,7.8,22.6,40.9,66.3,39,04-05-2024,27-08-2024,115,0.86
IND07652,Telangana,Black,Wheat,32.6,7.7,33.7,142.1,78.8,14.6,20-05-2024,24-08-2024,96,0.79
IND07653,Rajasthan,Alluvial,Wheat,26.6,6.1,23.2,22.8,60.8,45.8,14-06-2024,05-11-2024,144,0.89
IND07654,Bihar,Alluvial,Wheat,17.4,7.4,38.7,198.4,58.1,0,04-03-2024,16-07-2024,134,0.5
IND07655,Karnataka,Black,Sugarcane,17.5,7.1,23.7,143.4,71.6,26.1,23-10-2024,14-02-2025,114,0.49
IND07656,Haryana,Alluvial,Rice,17.6,7.5,39.3,190.2,71.2,36.8,02-11-2024,21-03-2025,139,0.72
IND07657,Kerala,Laterite,Groundnut,13,7.7,18.6,227.4,55.5,11.1,16-04-2024,02-08-2024,108,0.54
IND07658,Telangana,Black,Sugarcane,27.5,6.3,35.6,150.4,89.3,3,21-05-2024,21-09-2024,123,0.65
IND07659,Bihar,Alluvial,Maize,32.5,7.5,31.2,228.8,81.5,23.7,14-03-2024,17-08-2024,156,0.66
IND07660,Uttar Pradesh,Alluvial,Sugarcane,13.6,6.7,39,24.5,80.3,31,16-07-2024,15-12-2024,152,0.81
IND07661,Madhya Pradesh,Black,Wheat,19.6,7.6,19.2,201.3,59.6,0,03-02-2024,05-05-2024,92,0.44
IND07662,Telangana,Red,Maize,33.4,7,33,196.5,88.4,17.4,14-09-2024,10-12-2024,87,0.74
IND07663,Bihar,Alluvial,Sugarcane,22.8,6.9,33,283,81.9,15.7,04-11-2024,01-03-2025,117,0.57
IND07664,Gujarat,Black,Sugarcane,23.5,6,19.4,208.2,84.6,21.2,15-01-2024,09-04-2024,85,0.59
IND07665,Gujarat,Alluvial,Rice,33.2,7.5,23.3,128,89.4,10.8,01-11-2024,26-01-2025,86,0.43
IND07666,Karnataka,Red,Groundnut,15.3,6.8,39.9,250,48.5,20.1,18-05-2024,08-10-2024,143,0.47
IND07667,Odisha,Alluvial,Pulses,26.6,6.1,36.7,23.6,44.6,16,05-12-2024,04-03-2025,89,0.83
IND07668,Kerala,Laterite,Groundnut,34.4,6.9,26,108.6,51.1,0,16-07-2024,04-12-2024,141,0.54
IND07669,Madhya Pradesh,Black,Wheat,31.6,6.5,19.1,288,40.4,15.9,21-03-2024,28-08-2024,160,0.35
IND07670,Tamil Nadu,Red,Millet,35.4,6.1,34.5,151.5,53.6,4.7,03-03-2024,25-06-2024,114,0.85
IND07671,Karnataka,Laterite,Rice,26.3,7.8,38.9,179.8,85.3,32.4,18-06-2024,30-10-2024,134,0.89
IND07672,Haryana,Alluvial,Pulses,16.2,6.1,36.7,227.3,50.4,15.3,17-02-2024,31-05-2024,104,0.58
IND07673,Uttar Pradesh,Alluvial,Maize,39,7.6,33.7,241.9,47.6,0,24-09-2024,29-12-2024,96,0.37
IND07674,Maharashtra,Red,Maize,39.5,7.7,38.2,68.8,71.7,32.2,12-11-2024,18-02-2025,98,0.56
IND07675,Punjab,Alluvial,Maize,43.2,6.6,31.3,24.9,50.7,32.5,09-03-2024,14-07-2024,127,0.51
IND07676,Andhra Pradesh,Red,Maize,44.9,6.5,21.4,111.6,74.8,0,09-09-2024,09-01-2025,122,0.38
IND07677,Gujarat,Alluvial,Sugarcane,35.4,7.2,25.1,117.6,81.8,0,16-12-2024,21-03-2025,95,0.54
IND07678,Haryana,Alluvial,Wheat,30.5,6.1,37.3,76.1,77.1,21.6,17-09-2024,20-01-2025,125,0.74
IND07679,Tamil Nadu,Red,Groundnut,35,6.1,26.4,77.5,60.3,36.8,02-04-2024,18-07-2024,107,0.78
IND07680,Maharashtra,Black,Wheat,22,6.9,36.3,263,77.9,2.8,05-06-2024,30-08-2024,86,0.86
IND07681,Gujarat,Black,Cotton,39.6,7.7,34.8,232,44.3,3.4,25-07-2024,10-11-2024,108,0.57
IND07682,Madhya Pradesh,Red,Groundnut,30.9,6.3,29.7,60.7,82,4.1,13-02-2024,19-07-2024,157,0.83
IND07683,West Bengal,Alluvial,Pulses,22.4,6.9,28.8,126.8,74.2,29.7,13-11-2024,19-03-2025,126,0.51
IND07684,Tamil Nadu,Laterite,Groundnut,13.4,6.5,18.3,168.8,77.3,39.3,22-02-2024,26-07-2024,155,0.86
IND07685,Tamil Nadu,Black,Wheat,35.6,7.5,26.6,244.6,66.7,25.4,02-09-2024,04-01-2025,124,0.69
IND07686,Kerala,Laterite,Groundnut,43.8,6.9,33.2,210.7,54.8,6.1,23-08-2024,26-12-2024,125,0.63
IND07687,Haryana,Alluvial,Maize,33.6,6.5,18.9,187,77,15.3,05-02-2024,20-06-2024,136,0.67
IND07688,Bihar,Alluvial,Sugarcane,42.7,6.3,33.2,162.7,65.8,8.1,04-01-2024,19-04-2024,106,0.44
IND07689,Odisha,Laterite,Rice,14,7.2,32.5,217,46.1,22.6,18-11-2024,02-04-2025,135,0.71
IND07690,Haryana,Alluvial,Rice,43.6,6.7,24.1,47.4,50,17.4,16-10-2024,18-02-2025,125,0.48
IND07691,Rajasthan,Desert,Millet,20.8,6.3,32.4,277.4,81.7,24.5,21-01-2024,23-04-2024,93,0.37
IND07692,Kerala,Laterite,Groundnut,12.8,6.7,23.9,146.5,46.3,3.8,16-10-2024,03-02-2025,110,0.67
IND07693,Odisha,Laterite,Rice,17.8,6.8,22.1,156.7,52.9,23.3,09-01-2024,22-04-2024,104,0.71
IND07694,Haryana,Alluvial,Pulses,33.6,6.3,19.2,192.4,69.4,30.4,23-05-2024,03-09-2024,103,0.69
IND07695,Haryana,Alluvial,Wheat,17.7,7,32,286,59.8,9.2,04-11-2024,21-03-2025,137,0.56
IND07696,Rajasthan,Desert,Millet,40.7,7.1,25.3,32.3,44.8,14.2,03-11-2024,26-02-2025,115,0.51
IND07697,Bihar,Alluvial,Maize,30.2,6,22.9,98.1,55.7,20.9,15-06-2024,17-11-2024,155,0.87
IND07698,Karnataka,Black,Wheat,19.2,6.8,34.8,86.1,63.4,21.5,15-08-2024,09-11-2024,86,0.48
IND07699,Bihar,Alluvial,Rice,14.4,6.2,23.9,188.3,40,6.6,25-05-2024,28-10-2024,156,0.58
IND07700,Telangana,Red,Pulses,43.7,6.2,32.2,211.9,67.5,10,03-01-2024,07-06-2024,156,0.36
IND07701,Rajasthan,Alluvial,Pulses,28.4,6.4,23.1,207.1,40.5,7,20-12-2024,11-05-2025,142,0.9
IND07702,Haryana,Alluvial,Sugarcane,30.5,7.4,26.2,166.5,81.1,22,04-10-2024,05-03-2025,152,0.4
IND07703,Telangana,Black,Wheat,19.5,7.2,35.1,195.8,48.2,26.9,20-09-2024,25-02-2025,158,0.79
IND07704,West Bengal,Laterite,Groundnut,38,7,25,262.8,76.3,0,25-12-2024,24-03-2025,89,0.57
IND07705,Kerala,Laterite,Rice,32.7,7.3,20.5,147.5,89.8,14.8,19-03-2024,11-08-2024,145,0.88
IND07706,Punjab,Alluvial,Rice,32.9,6.1,31.1,225.4,79.9,13.5,17-04-2024,12-09-2024,148,0.45
IND07707,Madhya Pradesh,Black,Sugarcane,39.7,7.8,30.8,167.7,69.8,0,19-09-2024,31-01-2025,134,0.43
IND07708,Rajasthan,Desert,Millet,22.2,6.1,31,211.6,49,19.1,10-02-2024,04-06-2024,115,0.48
IND07709,Punjab,Alluvial,Pulses,27.7,7.1,34.6,43.4,71.3,7.4,07-10-2024,17-02-2025,133,0.42
IND07710,Bihar,Alluvial,Pulses,22.1,7.2,39.7,219.1,83.4,18.4,19-03-2024,09-07-2024,112,0.62
IND07711,Karnataka,Red,Groundnut,35.7,6.9,39.4,194.8,57.6,13.2,04-02-2024,15-06-2024,132,0.71
IND07712,Haryana,Alluvial,Sugarcane,17.7,6.8,36,100.3,70.1,36.5,20-09-2024,23-01-2025,125,0.42
IND07713,Punjab,Alluvial,Wheat,31.6,7.8,24.2,138.9,84.4,13.2,18-02-2024,03-06-2024,106,0.36
IND07714,Madhya Pradesh,Black,Cotton,27.4,7.5,37.8,278.2,52.7,2.5,16-04-2024,26-08-2024,132,0.74
IND07715,Karnataka,Black,Wheat,16.1,6.9,29.3,106.3,41.8,12.4,17-01-2024,18-04-2024,92,0.69
IND07716,Andhra Pradesh,Black,Cotton,15.1,6.4,36.7,126.2,88,12.4,25-09-2024,16-02-2025,144,0.77
IND07717,Tamil Nadu,Black,Cotton,22.8,7.5,29.4,114.1,52.1,30.9,25-08-2024,18-11-2024,85,0.79
IND07718,Andhra Pradesh,Red,Maize,32.4,6.4,20.5,175.6,44.4,0,19-10-2024,01-02-2025,105,0.53
IND07719,Rajasthan,Desert,Millet,25.9,7.6,21.9,168.1,75.4,15.7,02-06-2024,06-11-2024,157,0.54
IND07720,Bihar,Alluvial,Sugarcane,17.1,7,38.6,188.4,84,36.1,20-01-2024,08-06-2024,140,0.46
IND07721,Punjab,Alluvial,Maize,19.9,7.4,25.4,292.6,76,0.5,02-07-2024,15-11-2024,136,0.58
IND07722,Madhya Pradesh,Black,Cotton,43.2,6.8,23.1,291.4,78.9,0,05-06-2024,20-09-2024,107,0.55
IND07723,Rajasthan,Desert,Millet,24.8,7.4,35.1,176.6,65.9,7,23-05-2024,03-09-2024,103,0.38
IND07724,Haryana,Alluvial,Sugarcane,18.3,7.2,38.2,42.7,43.6,33.1,03-05-2024,15-08-2024,104,0.68
IND07725,Karnataka,Laterite,Rice,39.9,6.4,29.4,175.4,82.9,11.7,10-09-2024,07-12-2024,88,0.37
IND07726,Tamil Nadu,Red,Maize,12.7,6.9,21.2,94.8,61.7,41.5,22-09-2024,13-02-2025,144,0.53
IND07727,Tamil Nadu,Laterite,Rice,18.7,6,38.6,174,49.6,15.1,02-07-2024,17-10-2024,107,0.82
IND07728,Maharashtra,Red,Groundnut,42.7,7.2,32.7,81.7,73,7.2,04-06-2024,27-09-2024,115,0.42
IND07729,Tamil Nadu,Black,Sugarcane,39.8,6.8,20.7,170.5,40.5,22.2,04-04-2024,29-06-2024,86,0.82
IND07730,Gujarat,Black,Sugarcane,38.3,6,21.7,66.1,61.3,32.9,24-08-2024,27-12-2024,125,0.67
IND07731,Telangana,Black,Wheat,21,7.7,36.4,152.6,79.7,24.4,18-12-2024,19-05-2025,152,0.68
IND07732,Maharashtra,Black,Wheat,20.8,7,25.4,154.7,47.4,11.1,05-09-2024,10-02-2025,158,0.52
IND07733,Rajasthan,Desert,Millet,25.2,6.3,39.3,42.9,56.7,12.1,02-12-2024,09-05-2025,158,0.66
IND07734,Gujarat,Alluvial,Wheat,23.2,6.6,22.5,270.6,83,6.7,12-07-2024,09-12-2024,150,0.55
IND07735,Bihar,Alluvial,Sugarcane,21.8,6.3,28.8,276.1,42.7,14.3,23-12-2024,19-05-2025,147,0.77
IND07736,Haryana,Alluvial,Sugarcane,32.3,7.7,28.1,178.1,41.9,0,19-09-2024,29-12-2024,101,0.59
IND07737,Madhya Pradesh,Red,Groundnut,16.3,7.5,28.1,256.1,85.9,23.7,13-04-2024,27-08-2024,136,0.77
IND07738,Maharashtra,Black,Cotton,23.9,6.8,35.3,140.6,88.7,18.2,06-07-2024,24-11-2024,141,0.48
IND07739,West Bengal,Laterite,Rice,20.4,6.8,23.2,150.7,69.6,0.2,06-10-2024,12-02-2025,129,0.49
IND07740,Maharashtra,Red,Pulses,31.9,6.7,36.1,215.8,67.7,26.2,04-03-2024,24-07-2024,142,0.43
IND07741,Kerala,Laterite,Groundnut,33,6.6,38.8,34.6,49.1,42.6,18-08-2024,16-11-2024,90,0.53
IND07742,Punjab,Alluvial,Sugarcane,24,6.5,27,24.7,48.7,29.9,25-01-2024,09-05-2024,105,0.44
IND07743,Telangana,Black,Wheat,39.6,6.1,39.6,271.5,85.4,0,13-03-2024,01-08-2024,141,0.61
IND07744,Karnataka,Black,Sugarcane,30,6.7,27.2,221.8,89,1.5,11-05-2024,17-09-2024,129,0.39
IND07745,Telangana,Black,Wheat,44.9,6.1,34.6,172.5,57.7,7.1,12-09-2024,15-01-2025,125,0.68
IND07746,Kerala,Laterite,Rice,23.9,6.3,26.5,55.6,86.2,43.6,08-10-2024,08-01-2025,92,0.54
IND07747,Uttar Pradesh,Alluvial,Sugarcane,31.7,7.3,18.2,226.3,60.5,0,18-01-2024,10-06-2024,144,0.67
IND07748,Telangana,Red,Groundnut,39.1,7.7,28,131.3,51.8,0,16-03-2024,09-08-2024,146,0.85
IND07749,Haryana,Alluvial,Rice,23.8,7.4,30.5,256.6,68.3,6.9,03-07-2024,10-12-2024,160,0.88
IND07750,West Bengal,Laterite,Rice,25.1,6.3,36.7,95.9,40.1,2.8,10-11-2024,07-03-2025,117,0.4
IND07751,Karnataka,Black,Wheat,17.6,7.4,29.1,37.2,57.6,11.1,06-02-2024,16-05-2024,100,0.59
IND07752,Maharashtra,Laterite,Groundnut,33.6,6.2,20.5,62.5,87.1,21.5,04-02-2024,29-04-2024,85,0.56
IND07753,Telangana,Black,Sugarcane,32.6,6.1,31.3,63,80.1,11.5,22-12-2024,14-05-2025,143,0.59
IND07754,Bihar,Alluvial,Sugarcane,16.6,7.3,28.5,83.5,74.3,45,10-09-2024,18-01-2025,130,0.5
IND07755,Gujarat,Black,Cotton,39.4,6.3,30.5,40,66.8,9.3,11-06-2024,30-09-2024,111,0.48
IND07756,Rajasthan,Alluvial,Sugarcane,14.3,7,22.3,194.6,74.4,21.9,01-01-2024,23-05-2024,143,0.61
IND07757,Telangana,Black,Sugarcane,21.5,6.1,24.5,285.1,83.7,0,12-06-2024,19-11-2024,160,0.35
IND07758,West Bengal,Laterite,Rice,37.9,6.5,25,283.4,71.5,16.6,17-02-2024,31-05-2024,104,0.45
IND07759,Maharashtra,Black,Sugarcane,29.1,7.3,25.7,159.8,87.5,16.1,19-06-2024,27-09-2024,100,0.38
IND07760,Kerala,Laterite,Groundnut,20,7.7,32.1,58.8,64.4,30.3,25-01-2024,11-05-2024,107,0.79
IND07761,Tamil Nadu,Black,Wheat,35.2,6,22.1,258.6,57.3,7.7,15-07-2024,09-12-2024,147,0.58
IND07762,Andhra Pradesh,Red,Millet,22.3,6.9,22.6,54.6,75.5,41.5,09-06-2024,19-10-2024,132,0.53
IND07763,West Bengal,Laterite,Rice,17.2,6.9,25.7,53.8,70.8,33.2,17-06-2024,06-10-2024,111,0.82
IND07764,West Bengal,Alluvial,Pulses,37.2,6.2,24.3,196.5,49.5,0,01-06-2024,24-09-2024,115,0.68
IND07765,Rajasthan,Alluvial,Rice,23.8,7.1,33.4,161.3,43.6,31.4,17-02-2024,28-06-2024,132,0.63
IND07766,Andhra Pradesh,Black,Sugarcane,34.6,7.6,38.1,177.1,86.1,2.9,10-05-2024,06-08-2024,88,0.36
IND07767,Uttar Pradesh,Alluvial,Maize,38.9,6.9,23.9,43.5,78,26.9,25-06-2024,06-10-2024,103,0.43
IND07768,Tamil Nadu,Red,Pulses,39.4,7.2,35.7,212.9,41.2,0,20-03-2024,21-06-2024,93,0.8
IND07769,Odisha,Alluvial,Rice,33.7,7.5,35.9,129,69,14.1,13-01-2024,13-06-2024,152,0.36
IND07770,Telangana,Black,Sugarcane,16.2,7.1,19.4,168.8,51.3,29.9,04-08-2024,11-01-2025,160,0.74
IND07771,Haryana,Alluvial,Maize,37.8,6.1,27.2,79.3,49.7,4.1,20-03-2024,01-08-2024,134,0.49
IND07772,West Bengal,Alluvial,Pulses,31.6,7.5,31.2,132.1,41.9,0.2,14-04-2024,17-07-2024,94,0.36
IND07773,Punjab,Alluvial,Maize,13.7,7.6,24.9,87.8,62.8,38.8,15-10-2024,18-03-2025,154,0.7
IND07774,Telangana,Black,Wheat,26.3,6.2,31.3,39.5,71.5,13.1,17-11-2024,16-04-2025,150,0.66
IND07775,Uttar Pradesh,Alluvial,Maize,26.1,6.3,18.8,84.8,60.5,35.3,24-10-2024,01-02-2025,100,0.79
IND07776,Bihar,Alluvial,Rice,33.7,6.1,26.7,203.9,44.2,17.9,22-12-2024,23-03-2025,91,0.8
IND07777,Odisha,Alluvial,Sugarcane,34,6.1,22.8,295.9,76,0,08-05-2024,31-08-2024,115,0.85
IND07778,Karnataka,Black,Sugarcane,23.9,6.9,33.8,203.7,87.5,2.7,05-09-2024,13-01-2025,130,0.78
IND07779,West Bengal,Laterite,Groundnut,42.3,6.9,34.3,161.5,56.7,4.2,16-10-2024,30-01-2025,106,0.68
IND07780,Gujarat,Alluvial,Sugarcane,33.5,7.6,19.8,176.3,53.1,29.7,18-05-2024,02-09-2024,107,0.66
IND07781,Uttar Pradesh,Alluvial,Pulses,38,7.2,33.7,174.4,80.6,0.8,12-03-2024,02-07-2024,112,0.82
IND07782,Uttar Pradesh,Alluvial,Rice,17.6,6.9,29,187.4,81.2,34.8,08-08-2024,31-12-2024,145,0.61
IND07783,Haryana,Alluvial,Wheat,23,7.5,38.8,209.5,76.6,24.8,04-10-2024,08-01-2025,96,0.59
IND07784,Madhya Pradesh,Black,Cotton,37.4,7.8,34.6,36.5,78.8,13.4,20-07-2024,23-12-2024,156,0.64
IND07785,Haryana,Alluvial,Maize,43.1,7.3,36.3,130,69.1,3,12-03-2024,08-07-2024,118,0.6
IND07786,Telangana,Black,Cotton,34.3,6.5,39.8,209.7,59.9,27.8,09-02-2024,18-07-2024,160,0.55
IND07787,Andhra Pradesh,Black,Wheat,33.7,7.5,25.4,215.6,74.5,0,25-04-2024,14-09-2024,142,0.39
IND07788,Punjab,Alluvial,Maize,40.2,7.7,26.4,249.1,44.8,12.2,04-07-2024,21-10-2024,109,0.74
IND07789,Kerala,Laterite,Rice,29.1,7.1,22.3,226.5,48,24.5,03-09-2024,26-01-2025,145,0.86
IND07790,Tamil Nadu,Red,Groundnut,28,7.4,22.4,166,76.6,28.6,01-01-2024,30-03-2024,89,0.42
IND07791,Gujarat,Alluvial,Sugarcane,29.6,6.3,24.8,127.4,53.8,36.8,01-07-2024,12-10-2024,103,0.37
IND07792,Gujarat,Black,Cotton,40.9,7.5,26.5,182.1,89.5,7.1,04-05-2024,14-08-2024,102,0.72
IND07793,Telangana,Black,Wheat,19.1,6.6,19.6,213.2,57.6,0,17-11-2024,18-02-2025,93,0.6
IND07794,Punjab,Alluvial,Maize,16.4,6.9,39.2,174.7,80.5,6.8,09-07-2024,09-12-2024,153,0.63
IND07795,Odisha,Laterite,Groundnut,34.7,7.2,29.1,282,49.8,0,20-05-2024,17-09-2024,120,0.57
IND07796,Haryana,Alluvial,Sugarcane,23.9,7.1,28.4,114.7,89.7,20.8,19-03-2024,19-08-2024,153,0.57
IND07797,West Bengal,Alluvial,Pulses,43.5,6.6,35.3,29.3,54.7,17.8,04-01-2024,18-04-2024,105,0.88
IND07798,Andhra Pradesh,Red,Pulses,15.3,6.9,20.9,116.5,66.6,30.5,09-03-2024,13-08-2024,157,0.87
IND07799,Kerala,Laterite,Rice,19,7.7,30.4,263.2,70.6,3.3,20-10-2024,06-03-2025,137,0.39
IND07800,Andhra Pradesh,Red,Pulses,43,6.5,39,238.8,89.7,0,14-11-2024,26-03-2025,132,0.84
IND07801,Gujarat,Black,Sugarcane,41.6,6.2,26.8,89.8,75.7,8.3,22-01-2024,16-05-2024,115,0.72
IND07802,Maharashtra,Black,Wheat,31.4,6.6,39.4,241.1,40.1,11.7,05-01-2024,05-04-2024,91,0.69
IND07803,Rajasthan,Alluvial,Wheat,19.3,6.9,18.8,298.2,81.9,4.2,05-07-2024,19-11-2024,137,0.38
IND07804,Karnataka,Red,Millet,30.3,6.6,24.8,245.4,75.4,1.4,14-11-2024,08-04-2025,145,0.39
IND07805,Maharashtra,Black,Wheat,40,6.8,29.8,293,44.5,0,15-06-2024,23-10-2024,130,0.54
IND07806,Maharashtra,Red,Groundnut,32.5,7.4,34.5,208.2,40.4,22.9,01-02-2024,25-06-2024,145,0.48
IND07807,Rajasthan,Alluvial,Sugarcane,43.3,7.2,22.8,227.5,47.8,0,11-07-2024,12-11-2024,124,0.59
IND07808,Uttar Pradesh,Alluvial,Maize,20.8,7.7,36.8,22.7,54.4,26,21-07-2024,04-11-2024,106,0.74
IND07809,Odisha,Alluvial,Wheat,24.1,7.5,23.1,130.4,76.6,7.4,12-10-2024,13-01-2025,93,0.69
IND07810,Telangana,Black,Sugarcane,14.9,6.7,20.8,237.3,56.7,24.2,16-09-2024,15-02-2025,152,0.67
IND07811,Telangana,Black,Cotton,33.7,7.6,23.7,33.4,76,30.7,01-12-2024,05-04-2025,125,0.61
IND07812,Uttar Pradesh,Alluvial,Sugarcane,41.4,7.2,19.3,106.2,42,20.2,25-01-2024,19-05-2024,115,0.7
IND07813,Kerala,Laterite,Rice,33,7.5,25.9,270.9,49.6,5.7,13-01-2024,24-05-2024,132,0.59
IND07814,Andhra Pradesh,Red,Groundnut,20.2,7.8,24.2,251,79.8,26.3,13-04-2024,27-07-2024,105,0.88
IND07815,Gujarat,Alluvial,Rice,30.2,7,27,53.4,44,29.9,20-08-2024,15-11-2024,87,0.37
IND07816,Haryana,Alluvial,Wheat,26.2,7.4,22.9,291.9,70.4,24,22-06-2024,27-09-2024,97,0.74
IND07817,Rajasthan,Alluvial,Sugarcane,36.6,7.6,20.3,153.4,82,19,08-07-2024,13-12-2024,158,0.65
IND07818,Tamil Nadu,Laterite,Groundnut,20,6.1,28.7,178.2,56.3,26.5,15-11-2024,11-02-2025,88,0.48
IND07819,Gujarat,Alluvial,Rice,35.5,6.2,22.2,260.3,80.4,0,03-01-2024,20-04-2024,108,0.74
IND07820,West Bengal,Laterite,Groundnut,20.3,7.5,38.5,288.2,52.1,3.2,08-10-2024,15-02-2025,130,0.89
IND07821,Maharashtra,Red,Pulses,16.4,7.1,33.5,281.3,79.9,14.6,09-07-2024,15-12-2024,159,0.57
IND07822,Gujarat,Alluvial,Wheat,31.8,6.2,32.7,270.1,55.4,25.4,06-01-2024,23-04-2024,108,0.36
IND07823,Odisha,Alluvial,Rice,14.3,6.8,28.7,294.5,50.2,0,20-01-2024,11-06-2024,143,0.74
IND07824,Haryana,Alluvial,Sugarcane,36.1,6.6,34,155.6,67.6,18.1,10-10-2024,21-02-2025,134,0.66
IND07825,Telangana,Black,Cotton,35.2,7.1,33.3,220.9,84.6,24.8,16-03-2024,05-08-2024,142,0.5
IND07826,Kerala,Laterite,Rice,39.3,6.7,37.8,114.9,77.3,10.2,05-08-2024,07-01-2025,155,0.87
IND07827,Andhra Pradesh,Black,Wheat,15.6,6.2,25.5,27.9,77,46,08-04-2024,05-08-2024,119,0.9
IND07828,Bihar,Alluvial,Sugarcane,28.3,7,21.1,268.2,53.2,18.7,17-04-2024,26-08-2024,131,0.44
IND07829,Punjab,Alluvial,Pulses,16.3,7.1,27.5,50.6,59.7,14.4,17-10-2024,20-02-2025,126,0.53
IND07830,Uttar Pradesh,Alluvial,Wheat,28.8,6.9,32.7,261.1,61.4,5.3,15-06-2024,19-11-2024,157,0.66
IND07831,Rajasthan,Desert,Millet,37.4,6.2,37.8,164.1,59.1,8.7,15-11-2024,31-03-2025,136,0.61
IND07832,Telangana,Black,Wheat,30,7.3,34.2,296.2,61.2,22.6,10-09-2024,06-01-2025,118,0.76
IND07833,West Bengal,Laterite,Groundnut,28.5,7.7,39.8,164.1,88.8,3.8,24-09-2024,12-02-2025,141,0.6
IND07834,Rajasthan,Alluvial,Sugarcane,43.7,6.8,38,124.3,81.5,0,21-01-2024,29-04-2024,99,0.87
IND07835,Odisha,Alluvial,Maize,29.8,6.6,18.7,139.7,67.3,34.3,22-02-2024,25-05-2024,93,0.43
IND07836,Karnataka,Red,Millet,24,7,20.8,181.1,82.7,3.5,07-12-2024,23-03-2025,106,0.84
IND07837,Andhra Pradesh,Red,Pulses,37.2,7.5,35.1,224.2,46.7,9.8,10-08-2024,25-12-2024,137,0.71
IND07838,Andhra Pradesh,Red,Millet,34.6,7.7,21.6,229.3,41.2,0.3,08-04-2024,10-09-2024,155,0.53
IND07839,Maharashtra,Laterite,Rice,26.5,7.6,38.1,103,49.6,3.9,23-03-2024,25-06-2024,94,0.44
IND07840,Uttar Pradesh,Alluvial,Rice,41.7,7.5,36.8,294.6,86.5,0,25-09-2024,20-02-2025,148,0.89
IND07841,Punjab,Alluvial,Rice,24.3,6.8,23.3,237.2,71.3,29,15-06-2024,12-11-2024,150,0.71
IND07842,Tamil Nadu,Red,Groundnut,29.6,6.5,31.7,257.9,70.5,16.1,17-11-2024,14-04-2025,148,0.46
IND07843,Madhya Pradesh,Black,Sugarcane,30,7.2,21.2,293.6,68.6,2.4,01-12-2024,12-04-2025,132,0.51
IND07844,Punjab,Alluvial,Rice,39.9,7.4,35.9,25.4,64.5,8.2,14-08-2024,13-01-2025,152,0.57
IND07845,West Bengal,Alluvial,Sugarcane,25,7.2,24.2,186,72.7,29.9,11-12-2024,27-04-2025,137,0.43
IND07846,Rajasthan,Alluvial,Maize,36.8,6.1,21.2,79.2,53.7,22.8,02-02-2024,11-05-2024,99,0.7
IND07847,Rajasthan,Alluvial,Maize,43.2,7.1,31.4,125.5,73.4,9.6,11-09-2024,15-01-2025,126,0.86
IND07848,Bihar,Alluvial,Pulses,41.3,7,21.2,240.5,40.1,0,01-03-2024,02-08-2024,154,0.75
IND07849,Andhra Pradesh,Black,Sugarcane,18.5,7.3,30.5,240.1,56.1,6.6,02-08-2024,28-12-2024,148,0.87
IND07850,Uttar Pradesh,Alluvial,Sugarcane,32.6,7.7,33.3,243.1,42.4,22.7,09-09-2024,21-01-2025,134,0.84
IND07851,Telangana,Red,Millet,40.7,6.2,19.6,56.6,56.2,12.7,09-03-2024,28-07-2024,141,0.7
IND07852,Kerala,Laterite,Rice,25.3,7.1,29.6,277.6,88.9,2.2,21-01-2024,03-05-2024,103,0.5
IND07853,Madhya Pradesh,Red,Pulses,20.7,7.6,30,233.4,66.1,21.9,03-06-2024,27-08-2024,85,0.51
IND07854,Bihar,Alluvial,Pulses,19.5,7.6,25.7,215.8,81.9,2.9,13-05-2024,27-09-2024,137,0.44
IND07855,Telangana,Red,Maize,30,6.3,39.6,24.9,55.6,41.5,04-06-2024,24-09-2024,112,0.39
IND07856,Madhya Pradesh,Red,Groundnut,12.7,6.1,39.4,101,43.9,20.7,22-07-2024,09-11-2024,110,0.74
IND07857,Punjab,Alluvial,Sugarcane,38.5,7.7,18.8,257.7,83.2,0,02-04-2024,02-09-2024,153,0.73
IND07858,Karnataka,Black,Sugarcane,20.3,6.1,24.1,198.3,65.8,34.8,17-07-2024,24-10-2024,99,0.71
IND07859,Bihar,Alluvial,Wheat,15,7.7,22.2,273.1,69.8,0,24-03-2024,04-07-2024,102,0.49
IND07860,Haryana,Alluvial,Pulses,41.1,6.9,32.1,168.9,52,8.8,05-05-2024,27-08-2024,114,0.75
IND07861,Maharashtra,Red,Millet,42.9,6.8,34.9,31.1,41.9,30,23-10-2024,03-03-2025,131,0.72
IND07862,Gujarat,Black,Wheat,20.4,7.7,38.4,63.8,45.7,19.9,15-11-2024,17-04-2025,153,0.8
IND07863,Tamil Nadu,Red,Groundnut,19.6,6.1,30.2,201.7,69.6,20.1,15-09-2024,18-02-2025,156,0.85
IND07864,Madhya Pradesh,Black,Sugarcane,24.9,6.6,30.5,123,79.6,32,08-12-2024,07-04-2025,120,0.71
IND07865,Odisha,Alluvial,Rice,37.8,6.6,29.8,268.3,85.6,0,13-12-2024,31-03-2025,108,0.52
IND07866,Odisha,Laterite,Rice,24.3,6.1,32.7,121.6,75.4,18.7,15-05-2024,02-10-2024,140,0.62
IND07867,Tamil Nadu,Laterite,Rice,20.2,6.5,29.1,54.6,88.4,11.7,24-12-2024,17-05-2025,144,0.36
IND07868,Punjab,Alluvial,Maize,19.4,7.6,25.5,107.3,42.6,9.3,22-09-2024,13-01-2025,113,0.64
IND07869,Karnataka,Black,Wheat,13.7,7.1,21.2,74.8,74,33.4,07-12-2024,08-05-2025,152,0.68
IND07870,Punjab,Alluvial,Sugarcane,38.5,7.7,26.1,159.1,44,0,02-02-2024,16-05-2024,104,0.56
IND07871,Punjab,Alluvial,Maize,12.8,7,29.6,55,87.4,37.8,19-02-2024,20-07-2024,152,0.77
IND07872,Andhra Pradesh,Red,Pulses,23.8,6.6,30.7,98.6,67,40,04-05-2024,07-10-2024,156,0.49
IND07873,Uttar Pradesh,Alluvial,Pulses,24,7.3,39.6,87.6,42,14.1,21-12-2024,16-04-2025,116,0.66
IND07874,Tamil Nadu,Black,Wheat,29.6,7,25.8,152.1,87.9,30.1,07-06-2024,03-11-2024,149,0.63
IND07875,Punjab,Alluvial,Pulses,37.3,6.1,28.2,270.6,54.5,0,25-08-2024,23-01-2025,151,0.43
IND07876,Kerala,Laterite,Groundnut,29.6,7.5,36.4,112.2,82,15.1,14-08-2024,14-01-2025,153,0.64
IND07877,Uttar Pradesh,Alluvial,Sugarcane,24.3,7.1,27.5,151.7,73.4,20.3,10-11-2024,13-03-2025,123,0.5
IND07878,Uttar Pradesh,Alluvial,Sugarcane,28.3,7.3,20.9,296.5,81.8,3.4,08-03-2024,06-08-2024,151,0.38
IND07879,Haryana,Alluvial,Sugarcane,16.2,7.4,18.3,279,51.8,15.1,23-01-2024,18-06-2024,147,0.51
IND07880,West Bengal,Alluvial,Pulses,36.1,6.9,28,212.7,85.5,24.7,19-04-2024,18-07-2024,90,0.51
IND07881,Odisha,Laterite,Rice,34.1,6.4,26.3,259.9,78.4,5.4,22-01-2024,23-06-2024,153,0.81
IND07882,Bihar,Alluvial,Sugarcane,25.2,6,37.4,190,43.3,24.1,21-12-2024,06-04-2025,106,0.61
IND07883,Tamil Nadu,Black,Cotton,31.3,6.7,30.4,176.6,69.7,0.6,01-09-2024,26-12-2024,116,0.66
IND07884,West Bengal,Laterite,Rice,18.3,7,26.4,67.7,78.6,42.8,05-11-2024,27-02-2025,114,0.82
IND07885,Rajasthan,Desert,Millet,16.8,6.7,26.4,34,75.8,11.8,18-10-2024,21-01-2025,95,0.48
IND07886,Haryana,Alluvial,Wheat,42.4,6.5,26.8,137,58.2,10.3,03-07-2024,30-09-2024,89,0.54
IND07887,Tamil Nadu,Laterite,Groundnut,43.3,7.8,23.8,53,75,10,25-11-2024,27-02-2025,94,0.69
IND07888,Bihar,Alluvial,Pulses,26.1,7.2,22.3,258.6,68.4,21.2,06-09-2024,09-12-2024,94,0.47
IND07889,Rajasthan,Alluvial,Maize,38.4,7.4,24.9,235.2,52.9,15.3,19-04-2024,06-09-2024,140,0.83
IND07890,Odisha,Laterite,Rice,13.5,6.9,37,233.9,57.5,0,22-05-2024,25-08-2024,95,0.74
IND07891,Madhya Pradesh,Black,Sugarcane,20.4,6.7,19.9,22.9,44.9,11.4,16-09-2024,09-02-2025,146,0.84
IND07892,Bihar,Alluvial,Rice,42.4,7.3,35.9,138.6,43.7,11.8,17-09-2024,23-02-2025,159,0.54
IND07893,Gujarat,Alluvial,Sugarcane,15.7,6.4,33.7,93.3,83.5,38.3,12-12-2024,07-04-2025,116,0.77
IND07894,Karnataka,Laterite,Groundnut,13.4,6.6,23,86.1,77,29.1,06-02-2024,09-05-2024,93,0.85
IND07895,Gujarat,Alluvial,Maize,18.8,7.3,36.9,298.6,44.2,24.9,09-06-2024,29-10-2024,142,0.38
IND07896,Kerala,Laterite,Groundnut,41.4,6.3,23.5,161.2,65.7,16.2,08-05-2024,31-08-2024,115,0.5
IND07897,Rajasthan,Desert,Millet,38.3,7.7,21.8,167.3,67.1,24.5,18-07-2024,09-12-2024,144,0.65
IND07898,Rajasthan,Desert,Millet,29.3,7,18.1,132.8,64.8,19.8,10-11-2024,05-04-2025,146,0.38
IND07899,Tamil Nadu,Red,Pulses,29.4,6.2,36.6,208,66.1,17.8,12-12-2024,12-04-2025,121,0.78
IND07900,Punjab,Alluvial,Wheat,25.7,6.5,35.8,89.6,42.7,14.5,21-07-2024,26-11-2024,128,0.63
IND07901,Rajasthan,Alluvial,Rice,18.9,7.4,26.9,20.9,63.1,50.3,03-11-2024,12-02-2025,101,0.65
IND07902,Karnataka,Laterite,Rice,21.5,6.4,28.6,181.4,64.6,35.3,10-03-2024,14-07-2024,126,0.58
IND07903,Gujarat,Black,Wheat,43.3,6.9,39.3,286.8,42.1,19.2,04-09-2024,17-12-2024,104,0.52
IND07904,Kerala,Laterite,Groundnut,25.5,6.7,27.8,171.4,87.2,0,20-12-2024,02-05-2025,133,0.45
IND07905,Maharashtra,Laterite,Groundnut,16.2,7.5,21,226.9,84.9,11.4,05-04-2024,04-09-2024,152,0.66
IND07906,Maharashtra,Black,Wheat,41.3,7.7,37.1,280.4,46.1,14.7,16-03-2024,10-06-2024,86,0.63
IND07907,Rajasthan,Alluvial,Maize,16.4,7,40,32.8,43.6,32.3,01-08-2024,02-11-2024,93,0.38
IND07908,Uttar Pradesh,Alluvial,Rice,28.2,6.7,31.9,252.2,45.7,10.4,08-04-2024,17-07-2024,100,0.61
IND07909,Haryana,Alluvial,Sugarcane,25.6,7.2,20.2,249.6,50.4,0,11-08-2024,27-11-2024,108,0.5
IND07910,Kerala,Laterite,Rice,30.1,6.6,37.1,189.3,66.4,5.6,22-09-2024,24-01-2025,124,0.51
IND07911,Andhra Pradesh,Red,Pulses,16.2,6.3,26.3,228.3,48.6,3.8,15-09-2024,31-01-2025,138,0.49
IND07912,Bihar,Alluvial,Sugarcane,19.8,7.4,24,30.5,83.6,46,05-12-2024,30-03-2025,115,0.75
IND07913,Odisha,Laterite,Rice,24.1,6.9,27.6,120.7,78.7,13.2,18-06-2024,12-11-2024,147,0.88
IND07914,Bihar,Alluvial,Sugarcane,28,6.2,35.7,113,78.8,18.1,16-07-2024,16-10-2024,92,0.8
IND07915,Andhra Pradesh,Red,Millet,25.8,6,24.5,166.2,85.7,27.5,02-05-2024,14-09-2024,135,0.7
IND07916,Karnataka,Black,Sugarcane,37.9,7.5,35.6,158.9,46.1,30,24-02-2024,21-06-2024,118,0.4
IND07917,Uttar Pradesh,Alluvial,Maize,19.5,6.7,38.7,110,53.3,40.2,15-02-2024,22-05-2024,97,0.62
IND07918,Maharashtra,Black,Sugarcane,31.8,6.7,23.2,172.8,64.2,14.4,13-04-2024,11-09-2024,151,0.39
IND07919,Tamil Nadu,Black,Cotton,43,7.4,31.1,106.3,61.3,3.2,15-03-2024,07-07-2024,114,0.41
IND07920,Uttar Pradesh,Alluvial,Wheat,23.8,6.9,26.3,290.9,60.9,0,18-06-2024,22-11-2024,157,0.89
IND07921,Madhya Pradesh,Red,Pulses,14.6,7.6,34,210.2,44.9,11.1,02-06-2024,05-10-2024,125,0.88
IND07922,Karnataka,Red,Groundnut,35.2,7.1,31.4,166.8,52.1,28.2,02-06-2024,06-09-2024,96,0.52
IND07923,Bihar,Alluvial,Sugarcane,25.7,7.4,20,257.5,65.7,0,14-12-2024,16-04-2025,123,0.78
IND07924,Telangana,Red,Groundnut,39.9,7.8,35.2,134.5,82.8,29.5,08-10-2024,15-02-2025,130,0.51
IND07925,Madhya Pradesh,Black,Sugarcane,30.2,7.7,23,69.8,79.7,10.5,24-12-2024,21-04-2025,118,0.66
IND07926,Kerala,Laterite,Groundnut,21.7,6.8,21.1,180.4,84.4,19.2,14-05-2024,10-08-2024,88,0.9
IND07927,Gujarat,Alluvial,Sugarcane,12.3,6.5,39.1,80.3,51.4,31.9,03-07-2024,21-11-2024,141,0.36
IND07928,Rajasthan,Desert,Millet,41.8,6.7,36.6,219,66.5,0,13-10-2024,11-02-2025,121,0.51
IND07929,Gujarat,Black,Sugarcane,21.1,6.5,31.9,173,46.9,30.9,23-01-2024,27-04-2024,95,0.38
IND07930,Punjab,Alluvial,Maize,40.7,7.2,28.2,116.2,42.5,18.3,14-11-2024,28-03-2025,134,0.75
IND07931,Madhya Pradesh,Red,Millet,37.2,6.6,20.2,282.1,81.9,0,23-02-2024,20-05-2024,87,0.75
IND07932,Karnataka,Red,Pulses,39.8,6.7,19.2,150.5,73.6,22.9,18-05-2024,14-09-2024,119,0.68
IND07933,Maharashtra,Black,Cotton,36,6.8,34.8,167.3,87.1,7.5,06-11-2024,28-02-2025,114,0.65
IND07934,West Bengal,Laterite,Rice,28.8,6.4,35.4,143.7,59.7,11.4,17-10-2024,16-03-2025,150,0.39
IND07935,Haryana,Alluvial,Sugarcane,20.9,7,32.9,24.9,69.6,17.9,06-01-2024,16-04-2024,101,0.45
IND07936,Karnataka,Red,Millet,13.8,7.4,29,287.9,41,17.4,21-04-2024,06-08-2024,107,0.4
IND07937,Andhra Pradesh,Black,Sugarcane,33.9,7.7,37.6,122.3,59.1,15.6,09-01-2024,13-06-2024,156,0.81
IND07938,Odisha,Laterite,Groundnut,29.2,7.6,23.9,278.6,86.4,0,16-05-2024,13-10-2024,150,0.51
IND07939,Telangana,Red,Millet,27.9,6.8,38.1,266.3,71.6,15.7,19-12-2024,01-04-2025,103,0.88
IND07940,Karnataka,Red,Pulses,21.6,7.5,32.2,132.8,50.3,24.9,05-07-2024,31-10-2024,118,0.74
IND07941,Maharashtra,Red,Groundnut,13.7,6.6,24.2,188.8,52.9,2,21-06-2024,19-10-2024,120,0.87
IND07942,Gujarat,Alluvial,Pulses,26.7,6.9,31.5,95.5,45.5,16,13-04-2024,19-09-2024,159,0.62
IND07943,West Bengal,Laterite,Groundnut,19.4,7.3,20.4,251.5,65.6,2.9,07-01-2024,24-05-2024,138,0.71
IND07944,Madhya Pradesh,Red,Maize,28.3,6.2,25.1,204.5,79.8,13.4,20-10-2024,28-01-2025,100,0.45
IND07945,Odisha,Laterite,Groundnut,29.7,6.4,38.2,90.5,41,14.7,14-01-2024,12-04-2024,89,0.46
IND07946,West Bengal,Alluvial,Rice,26.7,6.5,26,87.3,75.4,8.4,23-03-2024,14-08-2024,144,0.79
IND07947,Karnataka,Laterite,Rice,26,6.5,32.1,229,75.9,8.6,18-07-2024,18-11-2024,123,0.7
IND07948,Telangana,Black,Wheat,35.1,6.6,20.4,79.1,86.1,34.1,13-04-2024,20-09-2024,160,0.76
IND07949,West Bengal,Alluvial,Sugarcane,12.2,6.5,24.9,120.3,51.4,27,01-11-2024,05-04-2025,155,0.44
IND07950,Karnataka,Red,Millet,14.3,6.4,25.2,129.7,60.4,33.1,08-01-2024,15-04-2024,98,0.58
IND07951,Gujarat,Alluvial,Maize,12.8,6.5,38.2,76.1,55.4,25.2,25-01-2024,12-05-2024,108,0.39
IND07952,West Bengal,Alluvial,Sugarcane,29.1,6.4,26.9,142.8,66.4,2.8,03-06-2024,28-09-2024,117,0.84
IND07953,Bihar,Alluvial,Maize,26.5,6.3,27.1,257.2,74.7,0,07-06-2024,04-11-2024,150,0.62
IND07954,Odisha,Alluvial,Wheat,34.4,6.5,31.8,268.8,41.4,9.5,02-01-2024,28-03-2024,86,0.55
IND07955,Karnataka,Black,Cotton,22,6.3,33,26.7,77.7,16.8,06-05-2024,27-09-2024,144,0.46
IND07956,West Bengal,Laterite,Rice,17.7,7.7,21,192.7,65.7,23.3,22-11-2024,18-04-2025,147,0.51
IND07957,Madhya Pradesh,Red,Maize,20.3,6.3,28.7,271.5,66.4,26.3,04-02-2024,05-07-2024,152,0.89
IND07958,Tamil Nadu,Laterite,Groundnut,41.4,6.3,25.9,268.4,57,0,08-03-2024,08-06-2024,92,0.83
IND07959,Odisha,Laterite,Groundnut,12.5,7.1,35.4,214.3,68.6,3.6,18-08-2024,15-11-2024,89,0.74
IND07960,Tamil Nadu,Black,Sugarcane,42,7.1,19.2,210.4,48.3,24.7,24-03-2024,04-08-2024,133,0.37
IND07961,Andhra Pradesh,Black,Cotton,30.3,6.3,23.2,231.3,87,25.5,02-12-2024,05-04-2025,124,0.83
IND07962,Uttar Pradesh,Alluvial,Pulses,24.5,6.3,33.5,203.6,58.7,31.2,09-11-2024,02-03-2025,113,0.44
IND07963,Tamil Nadu,Red,Millet,37.6,6.4,24.3,234,45.3,0,12-02-2024,17-07-2024,156,0.43
IND07964,Karnataka,Black,Wheat,19.6,7.6,38.8,196.1,42.3,6.5,07-09-2024,11-01-2025,126,0.7
IND07965,Haryana,Alluvial,Sugarcane,14.7,6.1,19,292.7,59.8,15.2,20-04-2024,11-08-2024,113,0.41
IND07966,Kerala,Laterite,Rice,33.8,6.3,39.4,244.7,44.9,0,19-06-2024,23-11-2024,157,0.84
IND07967,Rajasthan,Desert,Millet,40.5,7.4,23.1,163.2,70.7,2.6,21-02-2024,02-06-2024,102,0.46
IND07968,Maharashtra,Black,Wheat,12.1,6.8,34.6,289.5,82.5,22.6,25-03-2024,13-07-2024,110,0.76
IND07969,Andhra Pradesh,Black,Wheat,38,6.8,31.7,147.6,88.4,29.9,05-11-2024,17-02-2025,104,0.63
IND07970,Gujarat,Alluvial,Sugarcane,37.8,7.2,29.6,295.9,66.6,19,15-06-2024,30-09-2024,107,0.77
IND07971,Haryana,Alluvial,Wheat,20.2,6.2,35.8,79,81.6,27.6,23-04-2024,22-07-2024,90,0.56
IND07972,Uttar Pradesh,Alluvial,Pulses,38.6,6.1,31.3,31,78.4,26.4,02-09-2024,02-12-2024,91,0.64
IND07973,Andhra Pradesh,Black,Sugarcane,35.9,6,34.6,131,42.7,5,20-01-2024,27-04-2024,98,0.51
IND07974,Bihar,Alluvial,Maize,28.7,7.1,21.1,123.3,69.4,19,05-07-2024,18-10-2024,105,0.84
IND07975,Odisha,Laterite,Groundnut,12.5,6.7,21.3,286.8,81.9,31.1,17-12-2024,23-03-2025,96,0.49
IND07976,Maharashtra,Red,Maize,23.7,6.8,27.2,171.3,58.7,0.5,01-08-2024,16-12-2024,137,0.62
IND07977,Uttar Pradesh,Alluvial,Pulses,39.7,6,32.4,275,50.8,13.3,09-11-2024,28-03-2025,139,0.55
IND07978,Punjab,Alluvial,Wheat,29.5,7.6,39.5,157.1,46.4,9.8,17-12-2024,19-04-2025,123,0.89
IND07979,Madhya Pradesh,Red,Pulses,21.6,7.6,35.5,141.5,65,21.9,13-03-2024,22-07-2024,131,0.7
IND07980,Tamil Nadu,Red,Groundnut,17.6,6.2,25.7,75.8,52.2,7.4,03-09-2024,12-01-2025,131,0.55
IND07981,Karnataka,Red,Maize,41.2,7,23.6,297.1,54.7,0,17-12-2024,24-04-2025,128,0.47
IND07982,Uttar Pradesh,Alluvial,Wheat,26.6,6,35,195.3,84.6,24.2,05-01-2024,24-04-2024,110,0.87
IND07983,Madhya Pradesh,Red,Millet,15.9,6.4,30.4,61.2,70.7,19.2,11-04-2024,18-07-2024,98,0.65
IND07984,Telangana,Red,Millet,43.4,6.5,38.2,124.1,48.2,29.7,05-10-2024,14-03-2025,160,0.51
IND07985,Andhra Pradesh,Red,Pulses,19,6.2,31.1,288.9,62.8,0,07-09-2024,20-01-2025,135,0.41
IND07986,Bihar,Alluvial,Maize,13.1,7.2,25.9,161.9,59.5,8.7,23-10-2024,19-02-2025,119,0.9
IND07987,Rajasthan,Desert,Millet,19.1,6.3,37.9,159.5,53.2,25.6,05-02-2024,18-06-2024,134,0.65
IND07988,West Bengal,Laterite,Groundnut,27.6,7.5,20.7,23.7,73.1,24.8,10-02-2024,14-05-2024,94,0.41
IND07989,Rajasthan,Desert,Millet,30.2,6.7,28.1,295.3,46.6,0,02-03-2024,05-07-2024,125,0.79
IND07990,Odisha,Alluvial,Rice,34.3,6.6,29,164.9,50.9,6.5,17-07-2024,07-11-2024,113,0.71
IND07991,Tamil Nadu,Black,Cotton,26.2,6.3,19.6,23.2,71.5,31.9,14-04-2024,27-08-2024,135,0.89
IND07992,Gujarat,Alluvial,Maize,20,7.1,26.9,80.9,43.5,9.5,12-01-2024,20-06-2024,160,0.39
IND07993,West Bengal,Alluvial,Wheat,40.8,6.2,31.6,173.2,87.3,0,04-07-2024,03-10-2024,91,0.69
IND07994,Madhya Pradesh,Red,Millet,25.1,6.9,24.4,26.4,69.5,12.5,18-12-2024,23-03-2025,95,0.82
IND07995,West Bengal,Alluvial,Rice,39.3,7.3,25.5,274.1,44.1,17.3,17-08-2024,01-01-2025,137,0.72
IND07996,Telangana,Red,Pulses,38.3,6.3,26.4,83.6,63.7,19.4,17-11-2024,23-02-2025,98,0.39
IND07997,Kerala,Laterite,Groundnut,23.4,7.8,32.2,199.6,51.6,31.9,17-08-2024,02-01-2025,138,0.73
IND07998,Telangana,Red,Maize,38.7,7,28.3,68.6,55.7,24.7,06-05-2024,20-08-2024,106,0.54
IND07999,Rajasthan,Desert,Millet,40.3,7.4,37.3,207.2,76.8,2,23-12-2024,27-05-2025,155,0.6
IND08000,Karnataka,Red,Pulses,37.9,7.5,23.5,277.8,52.4,16.8,24-05-2024,18-09-2024,117,0.73
IND08001,Haryana,Alluvial,Sugarcane,19.1,7.3,35.2,30.7,69.5,11.3,17-02-2024,06-06-2024,110,0.57
IND08002,Madhya Pradesh,Black,Sugarcane,19.7,6.8,19.6,181.4,54.4,26,23-08-2024,18-01-2025,148,0.61
IND08003,Odisha,Laterite,Rice,36.2,6.9,24.1,169.7,55.2,20.1,15-02-2024,15-05-2024,90,0.41
IND08004,Andhra Pradesh,Black,Sugarcane,23,6.3,36.9,284.1,63.8,5.8,04-06-2024,10-11-2024,159,0.82
IND08005,Gujarat,Alluvial,Wheat,40.3,7.2,28.5,127.6,50,25.9,21-03-2024,01-07-2024,102,0.9
IND08006,Kerala,Laterite,Groundnut,33.9,6,30.6,22,81.7,10.8,17-12-2024,21-03-2025,94,0.68
IND08007,Uttar Pradesh,Alluvial,Sugarcane,13.2,7.8,39,51.7,87.7,23.7,13-03-2024,01-07-2024,110,0.61
IND08008,Rajasthan,Desert,Millet,14.3,6.9,28.9,151.4,49.6,41.5,09-06-2024,06-10-2024,119,0.8
IND08009,Punjab,Alluvial,Maize,26.8,7.6,18.8,253.9,65.8,15.1,06-03-2024,14-07-2024,130,0.77
IND08010,Haryana,Alluvial,Maize,24,7.7,26.9,113.7,48.9,31.1,21-02-2024,20-05-2024,89,0.47
IND08011,Punjab,Alluvial,Rice,44.4,6.7,23,67,81.2,23.7,07-11-2024,09-04-2025,153,0.71
IND08012,Odisha,Alluvial,Wheat,26.4,6.6,39.2,67.4,55.1,31.6,22-04-2024,16-09-2024,147,0.41
IND08013,Kerala,Laterite,Rice,15,6.4,30.1,181.4,61.4,15.6,01-10-2024,30-12-2024,90,0.87
IND08014,Karnataka,Laterite,Rice,17.1,7.2,20.2,148,82.2,26.2,03-12-2024,06-03-2025,93,0.36
IND08015,Haryana,Alluvial,Pulses,33.6,6.1,20.3,60.9,82,10.6,13-05-2024,05-09-2024,115,0.39
IND08016,Gujarat,Black,Sugarcane,41.1,6.2,37.5,114.8,62.6,28.5,23-04-2024,12-09-2024,142,0.46
IND08017,Tamil Nadu,Laterite,Rice,31.6,6.3,31,190.3,77.8,22.3,25-07-2024,18-12-2024,146,0.42
IND08018,Madhya Pradesh,Red,Millet,40.7,7.5,18.8,56.1,63.4,29.5,22-04-2024,21-07-2024,90,0.86
IND08019,Andhra Pradesh,Red,Maize,41,6.4,27,71.5,82.8,9.5,14-06-2024,20-11-2024,159,0.69
IND08020,Andhra Pradesh,Black,Wheat,25.7,6.8,19.7,220.4,78,20.2,19-01-2024,01-05-2024,103,0.38
IND08021,Punjab,Alluvial,Rice,42.3,7,33.9,100.9,65,0,06-06-2024,13-09-2024,99,0.88
IND08022,West Bengal,Laterite,Rice,42.1,6,33.6,36.8,87.3,21,22-12-2024,19-04-2025,118,0.52
IND08023,Tamil Nadu,Red,Millet,22.2,6.3,28.4,254.9,44.7,0,23-02-2024,21-07-2024,149,0.61
IND08024,Telangana,Red,Maize,38.1,6.6,24.5,32.5,67.2,34,20-01-2024,09-06-2024,141,0.39
IND08025,Punjab,Alluvial,Pulses,24.5,6,30.1,48.5,50.1,39.4,07-04-2024,01-08-2024,116,0.51
IND08026,Rajasthan,Desert,Millet,36.6,7.3,37.1,236.9,73.8,0,24-08-2024,26-11-2024,94,0.57
IND08027,Karnataka,Laterite,Rice,20.1,7.7,34.4,251.9,49.1,21.4,20-07-2024,04-11-2024,107,0.89
IND08028,Andhra Pradesh,Red,Pulses,28.1,7.4,23.8,74.5,75.5,12.8,18-03-2024,03-07-2024,107,0.47
IND08029,Bihar,Alluvial,Rice,13.1,7.3,37.6,129.2,52.1,38.8,14-12-2024,05-04-2025,112,0.48
IND08030,Uttar Pradesh,Alluvial,Pulses,16.9,6,25.9,268.5,66.5,3.5,25-01-2024,28-06-2024,155,0.4
IND08031,West Bengal,Alluvial,Maize,34.2,7.6,25.3,255.6,42.3,20.2,19-05-2024,25-09-2024,129,0.68
IND08032,Rajasthan,Desert,Millet,14.8,7.1,33.7,70.3,43.9,39.7,17-10-2024,27-02-2025,133,0.69
IND08033,Maharashtra,Black,Cotton,40.7,6.8,39.5,202.4,83.4,5.4,04-10-2024,19-02-2025,138,0.83
IND08034,Uttar Pradesh,Alluvial,Rice,20.9,7.6,21.4,29,78.3,37.9,09-09-2024,13-02-2025,157,0.46
IND08035,Tamil Nadu,Red,Maize,21.8,6.7,18.8,245,44.7,13.4,03-09-2024,03-12-2024,91,0.74
IND08036,Tamil Nadu,Laterite,Rice,25.7,7.4,21.5,276,72.9,22.6,18-02-2024,07-07-2024,140,0.89
IND08037,Haryana,Alluvial,Maize,39.1,6,32.3,198.3,76.6,4.6,24-12-2024,27-04-2025,124,0.71
IND08038,Andhra Pradesh,Red,Groundnut,13.4,7.1,18.8,87.6,49.7,46.3,13-04-2024,16-08-2024,125,0.89
IND08039,Telangana,Red,Millet,18.3,6,28.1,41.3,71,32.7,18-02-2024,16-06-2024,119,0.7
IND08040,Telangana,Red,Millet,20.5,7.5,31.7,241.5,67.6,30.6,24-12-2024,30-03-2025,96,0.66
IND08041,Bihar,Alluvial,Rice,29.1,6.1,31.3,227.1,75.2,0.1,08-07-2024,05-10-2024,89,0.53
IND08042,Gujarat,Alluvial,Maize,41.9,7,19.8,37.9,67.1,5.7,24-10-2024,22-01-2025,90,0.62
IND08043,Andhra Pradesh,Black,Cotton,15.9,7.7,28.5,208.9,57.2,0.7,09-10-2024,27-02-2025,141,0.65
IND08044,Punjab,Alluvial,Maize,14.7,6.4,22.2,280.7,42.4,5.5,23-07-2024,16-10-2024,85,0.44
IND08045,Haryana,Alluvial,Sugarcane,21.8,6.1,22.1,249.9,57.6,30.7,20-10-2024,29-03-2025,160,0.63
IND08046,Bihar,Alluvial,Wheat,29.1,7,36.5,125.7,71.7,7.6,06-02-2024,11-05-2024,95,0.66
IND08047,Odisha,Laterite,Rice,44.4,7.8,37.9,84.2,72.1,17,05-08-2024,21-11-2024,108,0.58
IND08048,Tamil Nadu,Black,Cotton,43.4,6,22.4,228.6,61.1,16.1,04-04-2024,16-08-2024,134,0.48
IND08049,Telangana,Red,Pulses,38,6.8,20,80.1,57.5,34.1,10-07-2024,18-10-2024,100,0.46
IND08050,Gujarat,Alluvial,Rice,18.2,6.3,30.9,161.4,72.5,28,01-11-2024,22-02-2025,113,0.88
IND08051,West Bengal,Laterite,Groundnut,19.3,6.8,34.4,73.2,63.2,12.3,20-04-2024,19-09-2024,152,0.5
IND08052,Andhra Pradesh,Red,Millet,39.5,6.1,25.1,139.8,81.5,0,20-11-2024,18-03-2025,118,0.57
IND08053,Gujarat,Alluvial,Sugarcane,36,7.6,38.1,213.7,53.2,18.3,24-07-2024,13-12-2024,142,0.76
IND08054,West Bengal,Alluvial,Pulses,13.2,6,34.6,92.8,82.7,35.2,25-11-2024,19-02-2025,86,0.51
IND08055,Andhra Pradesh,Red,Maize,38.9,7.8,25.3,38.4,77,8.4,24-06-2024,14-10-2024,112,0.88
IND08056,Punjab,Alluvial,Wheat,26.4,6.3,20.5,238.8,76.1,0,19-02-2024,13-06-2024,115,0.83
IND08057,Kerala,Laterite,Groundnut,26.5,7.4,40,238.5,67.6,0,11-10-2024,15-03-2025,155,0.77
IND08058,Telangana,Red,Maize,42.3,7.2,19.3,276.4,55.8,1.8,24-01-2024,30-04-2024,97,0.88
IND08059,Punjab,Alluvial,Sugarcane,37.4,7.4,31.3,269.3,45.3,11.9,14-05-2024,12-09-2024,121,0.58
IND08060,Maharashtra,Black,Wheat,34.9,6.1,36.6,109.6,57.5,37.1,18-06-2024,24-10-2024,128,0.86
IND08061,Maharashtra,Black,Wheat,26,7.3,29.4,179.7,85,31.3,11-11-2024,11-02-2025,92,0.8
IND08062,Gujarat,Alluvial,Pulses,38.3,7.1,37.6,219.4,73,18.8,17-04-2024,29-07-2024,103,0.46
IND08063,Gujarat,Black,Wheat,25.1,7,32.9,106.7,86.7,10.6,19-04-2024,30-08-2024,133,0.85
IND08064,Andhra Pradesh,Red,Pulses,38.4,7.2,38.7,238.3,85.9,10.1,13-04-2024,16-08-2024,125,0.72
IND08065,Haryana,Alluvial,Pulses,42.6,7.7,38.6,37,62.1,24.2,22-06-2024,25-11-2024,156,0.4
IND08066,Madhya Pradesh,Black,Wheat,29.9,6.3,18.6,76.4,85.2,41.8,12-07-2024,11-11-2024,122,0.49
IND08067,Maharashtra,Black,Wheat,16.6,6.6,26.5,122.8,64.3,33,13-02-2024,30-05-2024,107,0.71
IND08068,Telangana,Red,Pulses,25.8,6.6,36.8,161.5,73.8,29,02-12-2024,02-03-2025,90,0.41
IND08069,Punjab,Alluvial,Sugarcane,12.2,7.4,26,280.6,77.8,18.5,02-06-2024,08-10-2024,128,0.6
IND08070,Odisha,Alluvial,Wheat,30.7,6.5,23.1,213.2,50.7,1,15-04-2024,05-09-2024,143,0.55
IND08071,Karnataka,Laterite,Rice,25,6.1,38.5,113.5,48,14.5,01-06-2024,21-09-2024,112,0.56
IND08072,Rajasthan,Alluvial,Maize,18.8,6.6,23.6,159.6,40.7,25.4,10-03-2024,23-07-2024,135,0.63
IND08073,Maharashtra,Red,Maize,38.6,7.5,19.7,266.7,76.2,0,22-11-2024,31-03-2025,129,0.63
IND08074,Gujarat,Black,Wheat,28.7,6.9,28.8,133.8,71.6,0,12-07-2024,16-12-2024,157,0.38
IND08075,Tamil Nadu,Black,Sugarcane,20.8,6.3,36.7,175.8,49.4,11.7,06-09-2024,12-02-2025,159,0.84
IND08076,Maharashtra,Black,Wheat,34.5,7.2,38,36.1,80.5,32,21-12-2024,25-05-2025,155,0.59
IND08077,Telangana,Red,Groundnut,17.4,7.2,30.5,116.9,87,26,05-04-2024,29-06-2024,85,0.49
IND08078,Uttar Pradesh,Alluvial,Rice,40.2,6.4,38.1,82.4,40.3,23.6,06-09-2024,13-12-2024,98,0.74
IND08079,Andhra Pradesh,Red,Maize,37.3,7.6,24.4,156.6,54.3,21.6,08-09-2024,12-01-2025,126,0.78
IND08080,Odisha,Laterite,Rice,14.9,6.6,27,259.9,75.3,9.5,15-01-2024,06-06-2024,143,0.49
IND08081,Punjab,Alluvial,Rice,32.5,7.3,31.3,232,48.3,0,07-10-2024,16-02-2025,132,0.69
IND08082,Rajasthan,Desert,Millet,16.8,7.2,35,274.8,61.6,0,16-08-2024,24-12-2024,130,0.76
IND08083,Madhya Pradesh,Black,Wheat,20.2,6.1,37.9,184.4,83,35.1,21-03-2024,14-07-2024,115,0.43
IND08084,Andhra Pradesh,Red,Maize,43.9,7.8,31.1,34.3,54.1,3.3,22-03-2024,16-08-2024,147,0.39
IND08085,Odisha,Laterite,Rice,30,7.1,26.3,27.6,58.8,41.3,19-09-2024,13-01-2025,116,0.69
IND08086,Punjab,Alluvial,Pulses,13.9,6.4,36.4,139,78.9,34.1,22-02-2024,01-07-2024,130,0.87
IND08087,Punjab,Alluvial,Wheat,44.7,6.6,28.1,247.6,77.1,0,08-05-2024,20-09-2024,135,0.61
IND08088,Tamil Nadu,Laterite,Groundnut,41.6,7.1,21.7,265.4,54.8,2.2,24-04-2024,30-09-2024,159,0.51
IND08089,Telangana,Red,Groundnut,34.4,7.1,24.1,197.8,75,0,17-02-2024,16-05-2024,89,0.66
IND08090,West Bengal,Alluvial,Rice,21.3,6,23.1,140.7,65.6,4.5,13-02-2024,23-05-2024,100,0.68
IND08091,Madhya Pradesh,Red,Millet,16.7,7,26,164.2,59.3,3.7,11-06-2024,13-09-2024,94,0.72
IND08092,Telangana,Black,Wheat,40.8,6.2,26,121,68.7,18.4,09-05-2024,20-08-2024,103,0.68
IND08093,Rajasthan,Desert,Millet,38.4,6.3,35.2,197.1,51.8,13.5,11-06-2024,30-09-2024,111,0.59
IND08094,West Bengal,Laterite,Rice,33.9,7.4,23.4,84,60.3,0,14-08-2024,25-12-2024,133,0.85
IND08095,Uttar Pradesh,Alluvial,Sugarcane,18.2,7.2,21.5,116.8,75.3,8.8,17-05-2024,05-09-2024,111,0.47
IND08096,Tamil Nadu,Red,Millet,34.7,7.5,30.7,242.4,67.5,18.5,24-09-2024,18-01-2025,116,0.38
IND08097,Telangana,Red,Groundnut,41,7.7,27.3,192.8,52.5,21.7,06-05-2024,13-09-2024,130,0.56
IND08098,Karnataka,Laterite,Rice,29.7,6.2,38,104.8,75.2,7.2,08-10-2024,09-01-2025,93,0.37
IND08099,Madhya Pradesh,Red,Pulses,26.5,6.7,37,36.4,54.6,23,15-09-2024,14-02-2025,152,0.44
IND08100,Bihar,Alluvial,Wheat,16.9,7.2,29.1,277.2,42.7,0,12-11-2024,10-04-2025,149,0.72
IND08101,Uttar Pradesh,Alluvial,Wheat,29.7,6.7,29.4,209.2,75.6,2.7,23-02-2024,18-06-2024,116,0.56
IND08102,Gujarat,Alluvial,Rice,23.7,7.3,24.5,20.8,51.4,18.1,23-12-2024,07-04-2025,105,0.78
IND08103,Rajasthan,Alluvial,Pulses,21.6,6.2,19.1,99.9,57.6,26.5,09-09-2024,06-02-2025,150,0.75
IND08104,Haryana,Alluvial,Wheat,28.4,6.8,26.2,221.9,42.4,1.9,13-06-2024,26-09-2024,105,0.42
IND08105,Tamil Nadu,Red,Pulses,33.6,7.5,28.4,205.5,61.4,0,23-02-2024,16-07-2024,144,0.38
IND08106,Tamil Nadu,Red,Maize,16,6.8,30.6,254.9,49.8,14.4,22-07-2024,19-12-2024,150,0.75
IND08107,Odisha,Laterite,Rice,38.1,6.3,28.4,193.2,51.7,0,20-11-2024,25-03-2025,125,0.74
IND08108,Punjab,Alluvial,Pulses,21.3,6.9,29.1,50.8,54.7,16.4,12-09-2024,29-12-2024,108,0.37
IND08109,Bihar,Alluvial,Sugarcane,13.6,6.1,39.5,71.5,46.3,36.2,02-02-2024,03-07-2024,152,0.47
IND08110,Tamil Nadu,Laterite,Groundnut,18.9,6.6,34.2,135.3,69,31.7,19-10-2024,16-02-2025,120,0.45
IND08111,Madhya Pradesh,Black,Cotton,25.2,6.6,22.5,250,63.7,0,13-05-2024,13-10-2024,153,0.71
IND08112,Karnataka,Laterite,Rice,42,7.3,18,186.7,66.7,0,13-04-2024,12-09-2024,152,0.5
IND08113,Punjab,Alluvial,Pulses,25.2,7.5,19.7,185.7,51,0,13-09-2024,13-01-2025,122,0.36
IND08114,Andhra Pradesh,Black,Cotton,39.6,6.6,38.2,83.2,85.6,5.3,13-03-2024,16-07-2024,125,0.4
IND08115,Rajasthan,Alluvial,Maize,12.3,6.1,31.4,236.7,58.1,8.5,16-12-2024,21-05-2025,156,0.85
IND08116,Maharashtra,Laterite,Rice,12.7,7.1,29.7,110.4,78,6.4,09-09-2024,11-12-2024,93,0.54
IND08117,Karnataka,Black,Wheat,18.4,7.5,33.3,224.6,42.6,3.6,03-02-2024,18-05-2024,105,0.75
IND08118,Odisha,Alluvial,Rice,15.7,6.1,25.9,103.5,79.7,22.5,18-08-2024,11-01-2025,146,0.5
IND08119,Kerala,Laterite,Rice,31.6,6.6,39.6,158.9,52.1,5.3,06-06-2024,04-09-2024,90,0.69
IND08120,Uttar Pradesh,Alluvial,Maize,19.6,7.6,29.7,248,60.7,20.9,19-06-2024,31-10-2024,134,0.82
IND08121,Gujarat,Black,Cotton,42.4,7.2,35.9,166.3,74.6,27.3,02-04-2024,30-07-2024,119,0.67
IND08122,Telangana,Red,Pulses,28.1,7.7,31.8,35.6,65.8,14.7,24-01-2024,23-04-2024,90,0.78
IND08123,Karnataka,Black,Cotton,32.2,7.2,25.5,166.9,56.9,9.5,07-01-2024,15-06-2024,160,0.38
IND08124,Telangana,Black,Wheat,25,7.6,19.7,154.5,41.4,19.2,10-02-2024,10-07-2024,151,0.51
IND08125,Haryana,Alluvial,Maize,43.7,7.8,27,246.4,50.3,0,14-08-2024,15-01-2025,154,0.8
IND08126,Uttar Pradesh,Alluvial,Pulses,27.6,7.2,22.6,60.9,74,4.6,01-06-2024,17-10-2024,138,0.81
IND08127,Telangana,Red,Maize,39.5,7.3,27.2,187.2,80,5.9,02-11-2024,23-02-2025,113,0.43
IND08128,Rajasthan,Alluvial,Maize,15.1,7.4,33.6,108.5,50.5,8.9,09-09-2024,03-12-2024,85,0.89
IND08129,West Bengal,Laterite,Groundnut,13.8,7,37.8,251.4,77.6,10.5,19-07-2024,14-12-2024,148,0.43
IND08130,Karnataka,Red,Groundnut,42.7,6.1,20.8,129.7,68,25.7,24-12-2024,29-05-2025,156,0.72
IND08131,West Bengal,Alluvial,Rice,35.3,6.1,30,268.9,80.5,14.4,19-11-2024,19-04-2025,151,0.61
IND08132,Tamil Nadu,Laterite,Rice,42.3,6.2,29.3,58.4,71.7,24.1,25-10-2024,21-02-2025,119,0.52
IND08133,Gujarat,Black,Sugarcane,17,6.3,22.2,27.9,81.4,39.6,05-09-2024,10-01-2025,127,0.62
IND08134,Andhra Pradesh,Black,Wheat,34.5,6.3,34.8,77.4,40.1,27.2,19-12-2024,12-04-2025,114,0.7
IND08135,Madhya Pradesh,Black,Wheat,18.9,6.4,21.8,168.3,51.9,22.4,24-06-2024,01-11-2024,130,0.65
IND08136,Madhya Pradesh,Black,Wheat,35.9,6.5,19.6,213.6,73.8,17.2,10-11-2024,05-02-2025,87,0.8
IND08137,Punjab,Alluvial,Maize,20.6,6,32.7,285.6,84.7,0,21-06-2024,03-11-2024,135,0.49
IND08138,Gujarat,Alluvial,Sugarcane,30.8,6.5,38.6,198.7,67.2,0,25-04-2024,25-08-2024,122,0.86
IND08139,Uttar Pradesh,Alluvial,Wheat,29.5,6.3,25.4,163.9,43.5,1.6,24-04-2024,09-08-2024,107,0.69
IND08140,Haryana,Alluvial,Pulses,29.1,7,35.8,152.9,65.5,0.3,17-10-2024,13-03-2025,147,0.49
IND08141,Haryana,Alluvial,Sugarcane,35.6,7.8,27.3,252.2,64.4,0,16-05-2024,10-09-2024,117,0.74
IND08142,Maharashtra,Black,Wheat,23.9,7.1,23.8,172.7,54.9,15.3,05-11-2024,03-04-2025,149,0.89
IND08143,Andhra Pradesh,Black,Wheat,32.8,7,29.6,150.9,40.2,18.4,09-08-2024,19-12-2024,132,0.68
IND08144,Gujarat,Black,Cotton,16.6,7.1,28.2,92.2,77,44,12-10-2024,20-01-2025,100,0.45
IND08145,Rajasthan,Desert,Millet,20,6.2,40,72,50.5,17.4,25-08-2024,06-01-2025,134,0.75
IND08146,Gujarat,Alluvial,Maize,27.1,6.1,19.8,60.8,67.3,38,10-05-2024,07-10-2024,150,0.42
IND08147,Maharashtra,Red,Groundnut,18.4,6.2,20.5,239.2,87.1,20.5,24-07-2024,29-11-2024,128,0.81
IND08148,Maharashtra,Black,Cotton,35.8,7.2,38.5,92.1,78.6,22.2,19-01-2024,18-05-2024,120,0.65
IND08149,Haryana,Alluvial,Sugarcane,14.2,6.3,20.9,76.9,41,20.1,15-02-2024,02-06-2024,108,0.76
IND08150,Odisha,Laterite,Rice,41.9,7.8,18.1,151,57.8,0,08-08-2024,13-11-2024,97,0.52
IND08151,Tamil Nadu,Black,Wheat,35.2,7.8,19.1,219.4,69.7,0,03-02-2024,27-06-2024,145,0.79
IND08152,Andhra Pradesh,Black,Cotton,20.3,6.3,30.7,262.3,41,0,18-02-2024,02-07-2024,135,0.82
IND08153,Uttar Pradesh,Alluvial,Rice,24.2,6.7,30.3,209.9,69.4,4.5,14-05-2024,21-08-2024,99,0.51
IND08154,Madhya Pradesh,Red,Millet,36.5,7.7,19.1,140.1,86,11.7,02-06-2024,14-10-2024,134,0.67
IND08155,West Bengal,Alluvial,Pulses,15.5,7.1,31.4,147.2,47.9,37.2,05-05-2024,08-08-2024,95,0.59
IND08156,Gujarat,Alluvial,Maize,22.9,7.2,37.2,36.8,71.4,14.7,16-06-2024,22-10-2024,128,0.84
IND08157,Maharashtra,Red,Pulses,33.6,7.4,19.8,153,66.6,19.6,17-10-2024,18-01-2025,93,0.73
IND08158,Karnataka,Red,Maize,28.4,6,38.1,212.4,61.3,7.7,02-06-2024,25-10-2024,145,0.56
IND08159,Odisha,Laterite,Groundnut,24.6,6.8,21.2,172.2,56,36.1,11-01-2024,08-06-2024,149,0.66
IND08160,Madhya Pradesh,Red,Pulses,43.5,7.4,38.9,217.5,41.9,10.1,02-08-2024,01-11-2024,91,0.42
IND08161,Maharashtra,Red,Maize,36.7,6.4,24.7,163.3,73.3,0,21-09-2024,27-01-2025,128,0.81
IND08162,Haryana,Alluvial,Sugarcane,26.1,6,34.1,260.6,46.1,14.9,13-09-2024,11-02-2025,151,0.62
IND08163,Telangana,Black,Cotton,19.3,6.3,26.6,35.3,72.5,43.6,17-06-2024,15-10-2024,120,0.39
IND08164,Gujarat,Black,Cotton,34.8,7.5,30.2,124.1,59.7,16.6,07-01-2024,21-05-2024,135,0.46
IND08165,Maharashtra,Laterite,Groundnut,27.6,7.1,24,190.8,63.4,0,04-09-2024,06-12-2024,93,0.84
IND08166,Telangana,Black,Sugarcane,39.8,7.7,25.3,172.9,52.9,0,22-04-2024,20-07-2024,89,0.38
IND08167,Tamil Nadu,Black,Cotton,29.4,7.1,38.8,130.9,42.5,21.7,24-05-2024,30-09-2024,129,0.39
IND08168,Bihar,Alluvial,Pulses,38.6,7.2,39.4,67.3,44.6,34.7,07-05-2024,07-09-2024,123,0.4
IND08169,Kerala,Laterite,Groundnut,23.6,7.3,33.6,170.6,72.1,31.7,12-08-2024,18-11-2024,98,0.58
IND08170,Punjab,Alluvial,Rice,17.4,7,21.4,208.7,70.2,3.5,22-10-2024,08-02-2025,109,0.53
IND08171,Bihar,Alluvial,Wheat,23.8,6.3,31.1,284.7,48,10.5,10-01-2024,18-04-2024,99,0.55
IND08172,Karnataka,Laterite,Rice,38.4,6.5,24.5,200.4,87.9,4.9,15-06-2024,14-09-2024,91,0.88
IND08173,Punjab,Alluvial,Maize,35.8,7.2,24.4,236.7,50.2,20.9,14-01-2024,23-05-2024,130,0.86
IND08174,Odisha,Laterite,Groundnut,42.1,7.2,27.3,251.4,54.8,21.2,12-02-2024,11-07-2024,150,0.77
IND08175,Maharashtra,Laterite,Rice,21,7.5,23,279.6,77.9,23.6,20-04-2024,07-08-2024,109,0.82
IND08176,Madhya Pradesh,Red,Pulses,37.9,6.5,20.9,139.7,41.7,29.6,24-02-2024,22-07-2024,149,0.8
IND08177,Tamil Nadu,Black,Sugarcane,33.7,7.2,20.6,246.4,59.4,0.1,11-11-2024,20-03-2025,129,0.62
IND08178,Kerala,Laterite,Rice,20.8,7.1,22.4,24.8,43.7,18.8,15-08-2024,04-01-2025,142,0.38
IND08179,Madhya Pradesh,Black,Cotton,17,6,34,221.4,40.6,4.8,06-08-2024,15-11-2024,101,0.89
IND08180,Punjab,Alluvial,Rice,33.4,6.6,29.5,221.8,52.1,24.5,21-11-2024,28-02-2025,99,0.89
IND08181,Bihar,Alluvial,Rice,28.5,7.2,31.2,136.8,55.4,9,24-12-2024,22-04-2025,119,0.71
IND08182,Punjab,Alluvial,Pulses,32.4,6.9,29.1,176.5,63.9,0,17-10-2024,19-03-2025,153,0.64
IND08183,Uttar Pradesh,Alluvial,Wheat,37.2,6.5,29,46,71.5,25.7,15-05-2024,21-10-2024,159,0.57
IND08184,Telangana,Black,Sugarcane,16.5,7.1,24.2,108.4,49.6,10.6,20-01-2024,24-06-2024,156,0.73
IND08185,Odisha,Alluvial,Sugarcane,44.3,7.7,34.3,111.6,51.5,17.7,04-11-2024,31-03-2025,147,0.36
IND08186,Andhra Pradesh,Red,Millet,37.4,7.1,36.5,243.9,71.8,7.9,20-12-2024,08-04-2025,109,0.72
IND08187,Haryana,Alluvial,Maize,42.4,6.8,22.8,106.2,46.5,5.3,12-03-2024,09-07-2024,119,0.81
IND08188,Karnataka,Red,Pulses,22.1,6.8,38.1,129.3,43.1,9.7,08-01-2024,27-04-2024,110,0.64
IND08189,Uttar Pradesh,Alluvial,Maize,17.1,6.8,34.3,56.1,65.8,13,18-07-2024,06-11-2024,111,0.42
IND08190,Karnataka,Laterite,Groundnut,29.1,6.8,20.1,174.3,60.6,0,20-10-2024,03-03-2025,134,0.5
IND08191,Bihar,Alluvial,Rice,19.5,6.4,39.7,116.3,79.4,33.1,15-03-2024,02-07-2024,109,0.85
IND08192,Gujarat,Black,Cotton,17.7,6.8,30.5,145.4,51.4,36.8,11-08-2024,01-01-2025,143,0.78
IND08193,West Bengal,Alluvial,Sugarcane,18,6.5,39,195.4,84.6,32.2,15-03-2024,07-08-2024,145,0.5
IND08194,Odisha,Alluvial,Sugarcane,42,6.5,28.1,180.1,48.2,4.5,19-10-2024,02-03-2025,134,0.71
IND08195,Haryana,Alluvial,Maize,12.2,7.8,23.2,32.5,54.8,49.6,05-06-2024,02-10-2024,119,0.7
IND08196,Madhya Pradesh,Red,Millet,17.5,7.5,36.8,188.4,41.1,14.3,20-04-2024,22-07-2024,93,0.44
IND08197,Bihar,Alluvial,Rice,12.6,7.4,32.1,99.9,85.2,29.4,14-11-2024,14-04-2025,151,0.41
IND08198,Uttar Pradesh,Alluvial,Wheat,13.2,6.3,33.8,286.9,78.1,0,04-04-2024,08-07-2024,95,0.73
IND08199,Andhra Pradesh,Red,Pulses,14.3,6.6,34.6,259.9,80.7,29,11-07-2024,08-12-2024,150,0.87
IND08200,Odisha,Laterite,Groundnut,44.4,6.1,23.3,237.9,44.4,2.8,01-02-2024,06-07-2024,156,0.51
IND08201,Tamil Nadu,Laterite,Rice,41.5,7,39.5,161.1,63.7,18.5,11-11-2024,13-04-2025,153,0.65
IND08202,Haryana,Alluvial,Maize,23.8,7.5,28.5,60.8,55.6,27.6,01-08-2024,03-11-2024,94,0.5
IND08203,Gujarat,Black,Wheat,33.4,6.5,34.5,50.5,88.8,25.9,13-08-2024,15-01-2025,155,0.74
IND08204,Rajasthan,Alluvial,Sugarcane,25.7,7,38.9,273.1,81.6,0,23-01-2024,19-06-2024,148,0.83
IND08205,Gujarat,Alluvial,Maize,12.8,7,30,154.3,52.3,37.9,03-12-2024,27-04-2025,145,0.42
IND08206,Telangana,Red,Pulses,16.8,7.2,31.6,201.9,49,30.9,01-05-2024,08-10-2024,160,0.64
IND08207,Punjab,Alluvial,Maize,24.6,7.8,38.8,78,49.4,6.3,23-03-2024,19-06-2024,88,0.52
IND08208,Rajasthan,Desert,Millet,35.4,7.1,23.7,72.1,67.4,35.8,25-01-2024,22-06-2024,149,0.64
IND08209,West Bengal,Laterite,Rice,24.8,6.2,31.9,94.7,80.4,41.4,14-10-2024,22-01-2025,100,0.72
IND08210,Haryana,Alluvial,Pulses,42.3,7.3,25.8,286,64.6,0,06-03-2024,24-06-2024,110,0.6
IND08211,Uttar Pradesh,Alluvial,Pulses,33.1,7.6,28,289.9,62.5,0,17-11-2024,24-03-2025,127,0.82
IND08212,Andhra Pradesh,Red,Groundnut,24,6.4,37.1,116.5,77.9,16.2,16-09-2024,17-02-2025,154,0.37
IND08213,Andhra Pradesh,Red,Millet,39.5,6.3,34,270.3,81,11.3,05-03-2024,01-08-2024,149,0.63
IND08214,Bihar,Alluvial,Wheat,29.7,6.2,34,200.7,41.7,10.5,21-12-2024,23-05-2025,153,0.63
IND08215,Rajasthan,Alluvial,Wheat,19.8,6.7,33.3,101.7,59.7,40.3,02-10-2024,27-01-2025,117,0.84
IND08216,Madhya Pradesh,Black,Sugarcane,32.7,6.2,35.6,266.4,44.4,0,23-05-2024,18-10-2024,148,0.82
IND08217,Uttar Pradesh,Alluvial,Pulses,19.3,7.7,33.9,254.4,40.9,9.7,07-05-2024,05-09-2024,121,0.88
IND08218,Madhya Pradesh,Red,Pulses,35,6.3,19.1,228.2,88.6,6.9,02-01-2024,06-06-2024,156,0.87
IND08219,Odisha,Alluvial,Wheat,13.2,6.6,35.8,166.2,71.3,36.5,23-02-2024,11-06-2024,109,0.41
IND08220,Tamil Nadu,Red,Maize,21.2,6.3,37.4,150.8,82,9.5,25-02-2024,27-05-2024,92,0.57
IND08221,Punjab,Alluvial,Sugarcane,26.9,6.9,26.9,269.1,77.5,0,04-03-2024,07-07-2024,125,0.56
IND08222,Tamil Nadu,Laterite,Rice,25.8,7.7,21.3,262,57.7,21.5,14-11-2024,22-03-2025,128,0.86
IND08223,Uttar Pradesh,Alluvial,Rice,42.5,6.6,23,111.5,42.1,31.1,12-04-2024,14-07-2024,93,0.84
IND08224,Telangana,Black,Cotton,34.7,6.3,32.6,88.1,40.1,38.4,06-07-2024,23-10-2024,109,0.66
IND08225,Karnataka,Laterite,Rice,33.8,6,20.3,92.2,82.6,31.7,14-08-2024,20-12-2024,128,0.77
IND08226,Kerala,Laterite,Groundnut,26.2,6.7,28.9,272.3,82.3,23.6,04-08-2024,24-12-2024,142,0.49
IND08227,Karnataka,Red,Millet,12,6.3,28.2,223,62.3,22,16-04-2024,16-09-2024,153,0.49
IND08228,Tamil Nadu,Laterite,Groundnut,32.3,7.6,34,220,67.7,26.2,25-04-2024,05-09-2024,133,0.46
IND08229,Punjab,Alluvial,Maize,41.4,6.7,21.1,259.9,61.8,0,11-08-2024,04-12-2024,115,0.64
IND08230,Maharashtra,Black,Wheat,27.8,7.1,37.6,116.4,60.3,1.2,24-07-2024,03-12-2024,132,0.88
IND08231,Andhra Pradesh,Black,Sugarcane,34.9,6.9,26.9,42.1,85.7,22.2,07-08-2024,14-11-2024,99,0.74
IND08232,Telangana,Black,Sugarcane,41.6,6.9,33.2,129.8,56.4,26.2,18-06-2024,22-11-2024,157,0.59
IND08233,Bihar,Alluvial,Maize,12.8,6.7,22.6,223.1,42,25.8,08-01-2024,07-06-2024,151,0.77
IND08234,Tamil Nadu,Black,Cotton,29.1,6.9,38.7,220.1,86.1,0,06-11-2024,09-03-2025,123,0.82
IND08235,Bihar,Alluvial,Maize,24.4,6.9,39.4,206.2,72.1,18.9,15-01-2024,31-05-2024,137,0.38
IND08236,Rajasthan,Desert,Millet,17.7,6.2,38,90.2,68.5,24.4,25-09-2024,10-01-2025,107,0.63
IND08237,Uttar Pradesh,Alluvial,Wheat,30,7.6,20.5,299.6,44.2,9.4,09-10-2024,10-03-2025,152,0.71
IND08238,Haryana,Alluvial,Wheat,40.2,7.4,32.4,198.3,86,6.8,03-10-2024,21-02-2025,141,0.71
IND08239,Maharashtra,Laterite,Rice,37.1,7,28.5,130.3,89.7,5.7,22-09-2024,17-01-2025,117,0.5
IND08240,Uttar Pradesh,Alluvial,Maize,39.5,7.7,20.5,93.2,85.5,4.1,06-08-2024,12-12-2024,128,0.59
IND08241,Tamil Nadu,Red,Groundnut,30.1,7.1,28.1,151.7,86.7,16.6,08-02-2024,02-06-2024,115,0.79
IND08242,Tamil Nadu,Red,Maize,13.2,6.2,29,260.7,66.6,10.5,09-11-2024,27-03-2025,138,0.64
IND08243,Telangana,Black,Wheat,28.3,7.4,24,113.4,81,32.6,10-11-2024,20-03-2025,130,0.68
IND08244,Rajasthan,Desert,Millet,44.1,7.2,33.6,75.8,68.3,30.7,09-06-2024,22-10-2024,135,0.52
IND08245,Odisha,Alluvial,Pulses,34.5,7.5,28,82.7,53,5.9,08-09-2024,18-12-2024,101,0.41
IND08246,Bihar,Alluvial,Sugarcane,29.5,6.6,25.9,234.4,83.4,4.2,04-11-2024,23-02-2025,111,0.44
IND08247,Uttar Pradesh,Alluvial,Rice,42.5,6.4,30.1,274.1,82.5,0,01-04-2024,22-08-2024,143,0.63
IND08248,Andhra Pradesh,Black,Wheat,15,6.6,26,161.8,80.3,27.4,03-07-2024,01-12-2024,151,0.38
IND08249,Gujarat,Black,Cotton,18.4,7.4,39.6,263.2,77.2,0,02-12-2024,15-04-2025,134,0.83
IND08250,Kerala,Laterite,Rice,22.2,6.9,20.4,194.2,84.4,25.5,25-11-2024,16-03-2025,111,0.75
IND08251,Tamil Nadu,Red,Pulses,19.3,6.2,27.5,98.1,60.8,20.9,04-03-2024,17-07-2024,135,0.66
IND08252,Bihar,Alluvial,Rice,13.9,7.2,37.5,180,88.1,10.1,01-11-2024,09-02-2025,100,0.73
IND08253,Uttar Pradesh,Alluvial,Pulses,18.8,7,39.3,201.3,46,28.2,12-12-2024,04-04-2025,113,0.38
IND08254,Bihar,Alluvial,Sugarcane,32.5,6.7,33.2,51.9,40.2,20.1,18-06-2024,15-11-2024,150,0.35
IND08255,Haryana,Alluvial,Sugarcane,27.4,6.4,27.8,182.9,85.9,2.9,16-02-2024,14-07-2024,149,0.66
IND08256,Rajasthan,Alluvial,Rice,21.6,6.2,30.7,181.4,89.4,4,08-11-2024,17-03-2025,129,0.49
IND08257,Bihar,Alluvial,Sugarcane,32.8,7.8,22.8,228.7,50.4,8.1,12-08-2024,07-01-2025,148,0.71
IND08258,Bihar,Alluvial,Maize,21.7,6,27.8,212.9,55.4,18.2,19-02-2024,10-06-2024,112,0.57
IND08259,Rajasthan,Desert,Millet,19.7,6.9,24.5,267.8,50.4,25.8,01-08-2024,05-11-2024,96,0.36
IND08260,Punjab,Alluvial,Wheat,36.3,7.1,31,227.9,87.7,4.3,14-05-2024,19-09-2024,128,0.9
IND08261,Haryana,Alluvial,Pulses,12.8,7.3,24.5,64.1,86.5,20.6,10-03-2024,20-07-2024,132,0.53
IND08262,Uttar Pradesh,Alluvial,Rice,43.4,7.5,32.5,61,44.1,31.7,01-07-2024,07-10-2024,98,0.69
IND08263,Odisha,Alluvial,Wheat,28.2,7,23.4,74.5,45.2,3.6,09-07-2024,01-12-2024,145,0.44
IND08264,Rajasthan,Desert,Millet,33.2,6.1,23.7,261.3,87.3,15.6,13-06-2024,28-09-2024,107,0.43
IND08265,Maharashtra,Red,Maize,23.6,6.8,31.1,269.7,48,0,04-11-2024,10-02-2025,98,0.63
IND08266,Madhya Pradesh,Red,Maize,34.4,7.4,24.6,268.7,78.5,19.3,15-08-2024,15-12-2024,122,0.53
IND08267,Uttar Pradesh,Alluvial,Rice,23.4,7.6,27.9,93.1,74.8,42.4,12-01-2024,19-06-2024,159,0.89
IND08268,Rajasthan,Alluvial,Maize,26.3,7.5,38.2,40.5,53.3,15.2,07-07-2024,10-12-2024,156,0.37
IND08269,Tamil Nadu,Black,Wheat,33.6,6.9,30.9,83.1,61.3,2.1,16-02-2024,17-05-2024,91,0.39
IND08270,Madhya Pradesh,Black,Wheat,22.7,7.1,28.4,50.2,53.9,17.5,06-06-2024,19-10-2024,135,0.52
IND08271,Karnataka,Laterite,Rice,37.4,7.7,36.2,258.4,40.1,15.2,07-05-2024,05-08-2024,90,0.76
IND08272,Punjab,Alluvial,Pulses,17.4,6,23.7,105.1,76.2,41.6,06-05-2024,04-08-2024,90,0.41
IND08273,Rajasthan,Desert,Millet,27.1,6.4,30.5,56.8,86.2,21.7,15-11-2024,17-03-2025,122,0.66
IND08274,Odisha,Laterite,Rice,24,7.2,20.6,43,80.9,37,20-05-2024,18-09-2024,121,0.52
IND08275,Haryana,Alluvial,Rice,12.1,6.5,32.7,192.7,69,8.9,16-10-2024,07-02-2025,114,0.43
IND08276,Uttar Pradesh,Alluvial,Maize,25.8,6.7,36.3,193,64.3,10.3,18-09-2024,05-02-2025,140,0.75
IND08277,Odisha,Alluvial,Sugarcane,23.4,6.1,31.6,299.6,63.6,0,11-01-2024,06-05-2024,116,0.63
IND08278,Rajasthan,Alluvial,Pulses,31.5,7.8,18.7,125.3,49.3,9.8,06-06-2024,31-08-2024,86,0.42
IND08279,Rajasthan,Desert,Millet,43.6,6.3,27.4,151.4,60.8,0,18-01-2024,25-05-2024,128,0.51
IND08280,Odisha,Alluvial,Rice,30.5,6.7,38.2,164.6,88.1,27.6,23-11-2024,16-02-2025,85,0.67
IND08281,Rajasthan,Desert,Millet,42.4,6.5,21.2,153.5,80.9,27.7,01-07-2024,16-11-2024,138,0.86
IND08282,Haryana,Alluvial,Rice,15,6.7,18.2,121.7,41.5,11.8,21-07-2024,23-11-2024,125,0.86
IND08283,Kerala,Laterite,Rice,38,7.3,38.9,233,69,1.4,10-04-2024,03-08-2024,115,0.37
IND08284,Punjab,Alluvial,Sugarcane,28.2,6.1,28,38.8,46.5,7.8,05-02-2024,05-06-2024,121,0.44
IND08285,Telangana,Red,Maize,42.4,6.4,29.5,156.6,49,0,23-03-2024,26-06-2024,95,0.83
IND08286,Maharashtra,Laterite,Groundnut,38.1,7.7,21.1,252.9,65.6,0,22-06-2024,15-10-2024,115,0.74
IND08287,Gujarat,Alluvial,Rice,19,6.9,39.4,217.3,46.4,10.5,14-09-2024,04-02-2025,143,0.42
IND08288,Tamil Nadu,Black,Sugarcane,26.2,6.6,30.7,99.5,42.7,11.1,11-03-2024,28-06-2024,109,0.63
IND08289,Kerala,Laterite,Rice,12.2,6.8,22.5,93.3,60.4,34.8,25-01-2024,03-05-2024,99,0.62
IND08290,Rajasthan,Alluvial,Wheat,20.1,7.1,31.9,134.8,50.6,34.8,16-11-2024,08-04-2025,143,0.39
IND08291,Uttar Pradesh,Alluvial,Maize,28.6,7.6,38.4,181,45.7,13.1,02-11-2024,01-03-2025,119,0.47
IND08292,Gujarat,Alluvial,Wheat,18.8,7.6,22.8,70.2,47.3,25.8,04-08-2024,28-10-2024,85,0.49
IND08293,Andhra Pradesh,Black,Wheat,40,7.6,39.8,140.6,59,30.2,11-04-2024,01-09-2024,143,0.36
IND08294,Tamil Nadu,Red,Millet,17.7,7.6,34.7,165.5,42,8.4,24-03-2024,09-08-2024,138,0.7
IND08295,Gujarat,Alluvial,Sugarcane,28.4,6.7,28.8,31.3,86,6.2,23-12-2024,07-04-2025,105,0.37
IND08296,Kerala,Laterite,Groundnut,44.8,7.8,31,243,87.5,4.4,12-10-2024,13-03-2025,152,0.89
IND08297,Andhra Pradesh,Black,Cotton,24.9,7,30.1,298.3,44.6,12.8,20-06-2024,04-10-2024,106,0.36
IND08298,Haryana,Alluvial,Pulses,40.2,7.8,36.1,133.2,42.7,25.5,16-08-2024,07-12-2024,113,0.85
IND08299,Telangana,Red,Millet,17.2,6.6,18.4,96,53.1,9.9,11-07-2024,06-12-2024,148,0.77
IND08300,Uttar Pradesh,Alluvial,Sugarcane,12.8,7.5,38,98,65.9,15,01-05-2024,19-09-2024,141,0.44
IND08301,Karnataka,Red,Maize,40.2,6.9,32.3,223.2,81.9,7.5,05-02-2024,04-07-2024,150,0.77
IND08302,Punjab,Alluvial,Pulses,35.5,7.7,31.5,272.9,85.2,0,22-06-2024,19-10-2024,119,0.46
IND08303,Odisha,Alluvial,Pulses,15,6.7,28,224.7,63.6,13.1,19-12-2024,04-04-2025,106,0.81
IND08304,Karnataka,Laterite,Groundnut,34.6,6.2,24.5,297.5,77.9,7.1,11-11-2024,14-04-2025,154,0.5
IND08305,Bihar,Alluvial,Wheat,23.6,7.3,21.4,41.5,51.2,36.7,17-03-2024,16-08-2024,152,0.87
IND08306,Tamil Nadu,Black,Wheat,41.4,6.8,18.9,101.1,42.1,0,05-11-2024,13-02-2025,100,0.78
IND08307,Odisha,Alluvial,Rice,40.3,7.4,35,141.1,55.2,30.2,19-10-2024,03-02-2025,107,0.57
IND08308,Haryana,Alluvial,Wheat,17.1,7.5,19.9,268.6,48.8,14.5,15-06-2024,30-10-2024,137,0.43
IND08309,Gujarat,Black,Wheat,28.9,6.8,36.3,86.7,68.5,27.4,02-08-2024,06-01-2025,157,0.61
IND08310,Madhya Pradesh,Black,Cotton,43.5,6.9,23.8,44.1,73,38.8,13-08-2024,02-01-2025,142,0.67
IND08311,Punjab,Alluvial,Pulses,35.9,6.8,34.4,110,81.7,35.3,16-08-2024,30-11-2024,106,0.64
IND08312,Maharashtra,Black,Sugarcane,21.7,6.3,20.1,119.4,52.9,29.1,15-07-2024,23-11-2024,131,0.51
IND08313,Madhya Pradesh,Red,Millet,40.5,7.3,19.7,249.7,70.3,0,18-10-2024,17-01-2025,91,0.85
IND08314,Kerala,Laterite,Groundnut,25.3,6.3,36.7,32,79.9,24,23-03-2024,20-06-2024,89,0.76
IND08315,Karnataka,Black,Cotton,25.4,6.9,38.9,260.6,41.9,0,02-06-2024,07-10-2024,127,0.71
IND08316,Maharashtra,Red,Millet,30.8,7.3,29.9,167.7,55.4,32.7,08-09-2024,20-12-2024,103,0.85
IND08317,Madhya Pradesh,Black,Cotton,25.4,7.7,18.9,31.6,76.6,37.8,02-09-2024,06-12-2024,95,0.67
IND08318,Maharashtra,Red,Maize,20.3,7.4,21.3,256.3,43.7,30.4,22-12-2024,01-04-2025,100,0.54
IND08319,Uttar Pradesh,Alluvial,Pulses,15.8,6.4,39.8,37.1,57.1,16.7,05-11-2024,17-02-2025,104,0.5
IND08320,Maharashtra,Black,Wheat,25.3,6.8,19.5,137.1,63.4,35.7,13-07-2024,01-11-2024,111,0.88
IND08321,Bihar,Alluvial,Rice,42.5,7.5,36.9,131.9,50,16.6,16-05-2024,08-10-2024,145,0.39
IND08322,Rajasthan,Desert,Millet,43.7,7.3,31.4,241.3,53.8,0,24-04-2024,24-07-2024,91,0.74
IND08323,Bihar,Alluvial,Wheat,29,7.6,34.9,97.8,89.9,6.9,11-11-2024,04-02-2025,85,0.81
IND08324,Punjab,Alluvial,Sugarcane,22,7.1,35.2,214.6,71,30.2,01-01-2024,09-05-2024,129,0.37
IND08325,Telangana,Black,Wheat,34.7,6.4,38.7,160.4,86.9,0,03-07-2024,15-11-2024,135,0.47
IND08326,Punjab,Alluvial,Sugarcane,36.2,6.2,23.3,124.9,75.4,0,06-09-2024,05-01-2025,121,0.62
IND08327,West Bengal,Alluvial,Maize,33.7,7.8,28.1,280.5,75.2,7.7,13-11-2024,19-04-2025,157,0.48
IND08328,Andhra Pradesh,Red,Maize,33.9,7,22.3,101.5,62.9,17.3,11-08-2024,07-12-2024,118,0.39
IND08329,Madhya Pradesh,Black,Wheat,19.7,6.8,19,205.8,73.3,10.4,17-10-2024,20-03-2025,154,0.36
IND08330,Madhya Pradesh,Red,Millet,33.3,6.8,26.6,33.4,74.1,13.6,21-12-2024,29-03-2025,98,0.77
IND08331,Haryana,Alluvial,Pulses,15.9,7.2,39.1,145.6,82.6,34.4,25-03-2024,23-06-2024,90,0.61
IND08332,Telangana,Red,Pulses,26.7,7.2,31.7,118.8,71.1,21.5,10-02-2024,16-07-2024,157,0.77
IND08333,Andhra Pradesh,Black,Cotton,15.1,7.3,30.7,74.1,78.5,40.7,05-08-2024,08-01-2025,156,0.5
IND08334,Tamil Nadu,Laterite,Groundnut,32.9,6.3,24,120.8,70.7,13.4,11-01-2024,21-04-2024,101,0.74
IND08335,Kerala,Laterite,Groundnut,25.8,7.1,37,85.1,83,32.6,16-03-2024,14-08-2024,151,0.66
IND08336,Andhra Pradesh,Red,Maize,30.2,6.7,29.4,175.7,73.6,17.7,15-12-2024,30-04-2025,136,0.62
IND08337,Andhra Pradesh,Black,Cotton,35.5,7.3,36.4,92.1,42.4,4.8,18-11-2024,12-04-2025,145,0.44
IND08338,Telangana,Red,Pulses,29,7.5,20.4,294.6,62.7,22.4,01-04-2024,01-08-2024,122,0.8
IND08339,Andhra Pradesh,Red,Maize,32.5,6.2,25.3,240.2,46.8,6.8,03-02-2024,12-07-2024,160,0.78
IND08340,Madhya Pradesh,Black,Sugarcane,20.7,7,21.5,210.5,45.8,19,11-05-2024,28-09-2024,140,0.35
IND08341,Maharashtra,Black,Wheat,39.5,6.9,19.4,297.7,70.3,0,23-04-2024,12-08-2024,111,0.49
IND08342,Odisha,Laterite,Rice,36.6,7,35.1,84.7,50.6,27.5,03-07-2024,02-10-2024,91,0.71
IND08343,Kerala,Laterite,Rice,22.7,7,39,294.7,46.1,1.1,02-05-2024,27-09-2024,148,0.57
IND08344,Gujarat,Alluvial,Sugarcane,29.7,7,27.2,56.7,64.2,29.1,05-05-2024,22-09-2024,140,0.71
IND08345,Tamil Nadu,Laterite,Groundnut,33.2,7,22.7,259.2,49.4,15.2,22-07-2024,29-10-2024,99,0.41
IND08346,Uttar Pradesh,Alluvial,Sugarcane,19.8,6.6,31.2,233.7,87.9,16.5,05-07-2024,25-11-2024,143,0.86
IND08347,Uttar Pradesh,Alluvial,Maize,26.6,7.8,35.6,245.4,43,5,19-01-2024,04-06-2024,137,0.38
IND08348,Telangana,Red,Maize,33.9,6.1,18.2,64.5,88.2,23.3,18-10-2024,22-01-2025,96,0.78
IND08349,Madhya Pradesh,Red,Millet,24.6,7.3,21.7,188.8,70.9,34.4,20-12-2024,22-04-2025,123,0.73
IND08350,Andhra Pradesh,Black,Cotton,36.3,7.7,37.5,113.5,81.9,0,11-06-2024,07-09-2024,88,0.55
IND08351,Punjab,Alluvial,Wheat,37.1,6,34.4,287,85.1,4.8,06-02-2024,05-07-2024,150,0.66
IND08352,Uttar Pradesh,Alluvial,Rice,30.4,7.6,31.9,272.8,77.9,2,03-12-2024,26-03-2025,113,0.5
IND08353,Telangana,Red,Maize,21.1,7.6,36.5,53.6,54.3,22.3,02-12-2024,12-04-2025,131,0.8
IND08354,Kerala,Laterite,Rice,44.6,6.2,23.8,183.7,60.5,0,21-03-2024,20-06-2024,91,0.45
IND08355,Punjab,Alluvial,Pulses,31.2,7.3,34.5,148.9,41.4,15.9,07-06-2024,19-10-2024,134,0.79
IND08356,Odisha,Alluvial,Wheat,18.5,6.6,20.4,24.6,83.2,39.4,20-03-2024,20-06-2024,92,0.87
IND08357,Karnataka,Black,Cotton,25.3,7.7,24.5,265.5,71.2,0,03-10-2024,31-01-2025,120,0.43
IND08358,Rajasthan,Alluvial,Pulses,20.6,6.5,18.7,139.8,66.3,5.7,14-07-2024,29-11-2024,138,0.62
IND08359,Karnataka,Black,Cotton,38.2,6.9,27.6,30.4,88.1,5.3,09-10-2024,01-03-2025,143,0.73
IND08360,Punjab,Alluvial,Pulses,43.6,6.2,34.7,212.7,89,0,11-08-2024,16-12-2024,127,0.62
IND08361,Kerala,Laterite,Rice,40.7,6.3,28.7,95.6,70,21.9,23-06-2024,22-09-2024,91,0.78
IND08362,Karnataka,Black,Cotton,13.1,7.4,32.1,77.3,57.9,32.3,19-06-2024,17-10-2024,120,0.9
IND08363,Andhra Pradesh,Red,Millet,27.3,6.4,33.2,163.7,46.1,8.7,23-02-2024,30-07-2024,158,0.71
IND08364,Bihar,Alluvial,Pulses,16.9,6.2,35.6,275.5,48.4,0,11-09-2024,06-02-2025,148,0.84
IND08365,Haryana,Alluvial,Wheat,25.3,6.9,33.7,207.4,61.2,12.4,24-12-2024,28-03-2025,94,0.7
IND08366,Madhya Pradesh,Black,Wheat,29.3,7.1,23.4,234,52.1,7.3,06-07-2024,15-11-2024,132,0.57
IND08367,Kerala,Laterite,Groundnut,21.3,6.4,18.3,63.9,61.3,39.1,22-05-2024,24-09-2024,125,0.53
IND08368,Maharashtra,Red,Groundnut,38.8,6.4,29.8,98,82.8,35.5,13-01-2024,26-04-2024,104,0.78
IND08369,Maharashtra,Black,Cotton,21.9,6.2,32.9,183.9,83.4,34.2,23-07-2024,07-12-2024,137,0.4
IND08370,Uttar Pradesh,Alluvial,Rice,33.8,6,35.3,139.6,44.2,23,12-06-2024,05-09-2024,85,0.45
IND08371,Uttar Pradesh,Alluvial,Pulses,27.2,7.7,30.9,30.7,86,45.7,03-03-2024,18-07-2024,137,0.62
IND08372,Maharashtra,Black,Wheat,13.4,7.5,37.5,105.6,67.9,45.9,24-08-2024,23-01-2025,152,0.46
IND08373,West Bengal,Laterite,Groundnut,27.1,6.3,37,151.2,79.6,20.8,13-01-2024,30-05-2024,138,0.77
IND08374,Odisha,Alluvial,Wheat,33.4,6.4,30.3,32,82.1,19.6,12-12-2024,06-05-2025,145,0.47
IND08375,Andhra Pradesh,Black,Wheat,40.2,6.3,36.6,154.3,68.2,0,08-08-2024,11-01-2025,156,0.81
IND08376,Uttar Pradesh,Alluvial,Maize,26.8,7.3,19.1,216.8,89.5,18,03-12-2024,06-03-2025,93,0.42
IND08377,Gujarat,Black,Cotton,20.3,6.1,20.7,201.9,60.3,24,19-04-2024,04-08-2024,107,0.59
IND08378,Rajasthan,Desert,Millet,34.6,6.3,28.4,84.6,89.4,15.1,13-05-2024,28-09-2024,138,0.67
IND08379,Bihar,Alluvial,Wheat,23.1,7.5,28.5,121,71.6,3.9,14-05-2024,18-10-2024,157,0.46
IND08380,Kerala,Laterite,Rice,22.5,6.7,21.9,264,87.4,0,06-10-2024,11-02-2025,128,0.67
IND08381,Rajasthan,Alluvial,Wheat,35.2,7.1,31.1,124.7,87.9,28.4,11-01-2024,15-04-2024,95,0.72
IND08382,Telangana,Red,Groundnut,24.3,7.5,27.1,186.4,66.1,0,07-07-2024,16-10-2024,101,0.52
IND08383,Madhya Pradesh,Red,Maize,33.9,7.2,31.7,21.1,43.8,6.5,04-01-2024,27-05-2024,144,0.88
IND08384,Bihar,Alluvial,Maize,29.1,7.6,29.4,131,47.2,28.2,17-05-2024,24-10-2024,160,0.89
IND08385,Andhra Pradesh,Red,Groundnut,26.9,7.5,24.6,90.2,79.9,25.1,10-10-2024,01-02-2025,114,0.52
IND08386,Madhya Pradesh,Red,Maize,31.1,7.2,21,283.9,48.8,0,19-08-2024,06-01-2025,140,0.36
IND08387,Odisha,Laterite,Groundnut,26.7,7.4,29.4,274.2,42.5,25.7,08-03-2024,13-08-2024,158,0.48
IND08388,Haryana,Alluvial,Wheat,39,7.1,23.4,68.9,80.7,0.6,13-08-2024,28-12-2024,137,0.69
IND08389,Rajasthan,Alluvial,Sugarcane,43.4,7.4,25.1,126.2,75.6,12.9,22-01-2024,01-05-2024,100,0.87
IND08390,West Bengal,Laterite,Rice,38.1,7.7,34.7,82.2,81.1,15.8,05-12-2024,27-03-2025,112,0.56
IND08391,Haryana,Alluvial,Maize,17.6,6.8,36.4,93.4,70.5,44,23-06-2024,30-09-2024,99,0.76
IND08392,Tamil Nadu,Laterite,Rice,35.8,7.6,18.7,112.6,64.6,17.8,02-12-2024,29-03-2025,117,0.52
IND08393,Haryana,Alluvial,Maize,12.4,7.7,29.1,295.7,56.3,20.4,10-07-2024,06-10-2024,88,0.68
IND08394,Uttar Pradesh,Alluvial,Maize,15.2,6.5,20,139.5,42.7,12.5,11-01-2024,11-06-2024,152,0.67
IND08395,Gujarat,Alluvial,Wheat,33.7,6.8,19.6,128.4,70.4,6.1,10-07-2024,15-10-2024,97,0.43
IND08396,Gujarat,Alluvial,Wheat,39.1,7.3,26.4,176.8,89.5,9.7,24-07-2024,01-11-2024,100,0.84
IND08397,Madhya Pradesh,Red,Millet,41.1,6,33,34.2,66.9,1.3,19-05-2024,04-10-2024,138,0.78
IND08398,Haryana,Alluvial,Wheat,37.6,7.3,35.4,70.3,67.5,23.8,21-12-2024,20-04-2025,120,0.71
IND08399,Karnataka,Laterite,Rice,14.9,7.7,22,262.5,64.1,5.5,02-03-2024,31-05-2024,90,0.7
IND08400,Gujarat,Black,Sugarcane,30.2,6,35.3,106.2,75.7,38.4,09-11-2024,20-03-2025,131,0.88
IND08401,Madhya Pradesh,Red,Maize,17.7,6.8,22.7,101.9,60.7,43.4,06-05-2024,30-07-2024,85,0.42
IND08402,Gujarat,Alluvial,Maize,25.1,6.6,33,136.7,87.6,9.1,22-07-2024,22-11-2024,123,0.35
IND08403,West Bengal,Laterite,Groundnut,40.9,6.8,22.6,296.2,62.2,0,04-09-2024,11-12-2024,98,0.8
IND08404,Bihar,Alluvial,Wheat,34.8,6.2,27.3,32.1,53.4,39.4,21-10-2024,18-02-2025,120,0.5
IND08405,Maharashtra,Black,Sugarcane,17,6.6,26.6,162.9,61.1,38.2,11-03-2024,22-06-2024,103,0.68
IND08406,Punjab,Alluvial,Maize,20.5,6.8,31.3,56.2,56.4,39.8,16-05-2024,19-09-2024,126,0.38
IND08407,Madhya Pradesh,Red,Pulses,41.3,7.2,33.7,209,47.5,12.9,04-03-2024,25-06-2024,113,0.64
IND08408,Haryana,Alluvial,Wheat,38.1,6.5,28.9,40.9,84.4,8.3,19-09-2024,17-12-2024,89,0.74
IND08409,Bihar,Alluvial,Rice,20.3,7.2,36.1,156.9,63.7,18.4,16-05-2024,10-09-2024,117,0.81
IND08410,Maharashtra,Black,Sugarcane,41.6,6.4,28,292,52.6,0,21-10-2024,23-03-2025,153,0.75
IND08411,Bihar,Alluvial,Maize,41,6,27.1,247.3,80.7,0,24-07-2024,31-10-2024,99,0.65
IND08412,Madhya Pradesh,Black,Wheat,34.9,6.3,31.2,174.3,66.2,15.3,25-06-2024,18-11-2024,146,0.63
IND08413,Punjab,Alluvial,Pulses,44.3,6.6,29.3,143.4,77.9,20.4,23-12-2024,21-04-2025,119,0.57
IND08414,Karnataka,Laterite,Rice,16.9,7.7,19.8,75.8,50.7,21,25-09-2024,11-01-2025,108,0.83
IND08415,Gujarat,Alluvial,Pulses,16.6,7.7,34.5,203.5,76.4,10.4,09-12-2024,20-04-2025,132,0.86
IND08416,Gujarat,Alluvial,Wheat,30,7.6,25.1,259.5,59.6,25.9,12-08-2024,02-01-2025,143,0.44
IND08417,Rajasthan,Desert,Millet,24.6,6.3,21.4,133.5,55.9,1.4,01-01-2024,29-03-2024,88,0.88
IND08418,Rajasthan,Alluvial,Sugarcane,32.3,7.3,28.4,198.3,83.1,18.5,17-04-2024,05-08-2024,110,0.75
IND08419,Punjab,Alluvial,Maize,15.1,7.7,33.8,136.2,50.2,34.8,08-10-2024,09-01-2025,93,0.75
IND08420,Telangana,Black,Wheat,29,6.9,23.4,146.6,76.1,24.6,14-06-2024,08-09-2024,86,0.42
IND08421,Andhra Pradesh,Red,Groundnut,35.1,7.8,37.2,22.8,43.2,30.1,19-02-2024,09-06-2024,111,0.84
IND08422,Telangana,Black,Sugarcane,33.3,7.4,26.2,214.6,70.5,0,17-12-2024,03-05-2025,137,0.81
IND08423,Haryana,Alluvial,Maize,35.8,6.5,36,22.6,51.4,29.6,02-04-2024,10-07-2024,99,0.48
IND08424,Haryana,Alluvial,Pulses,13.9,6.3,30.1,147.9,69.1,41.2,15-12-2024,19-05-2025,155,0.37
IND08425,Andhra Pradesh,Red,Groundnut,24.3,6.6,32.3,175.1,70.4,22.3,14-02-2024,09-07-2024,146,0.62
IND08426,Odisha,Laterite,Groundnut,33.5,7.2,19.4,23.9,64.2,26.2,21-02-2024,08-06-2024,108,0.58
IND08427,Tamil Nadu,Red,Groundnut,38.5,6.9,28.4,93.6,61.7,0.7,13-12-2024,18-05-2025,156,0.41
IND08428,West Bengal,Laterite,Groundnut,18.2,7.3,20.6,296.9,54,0,04-10-2024,10-03-2025,157,0.45
IND08429,Telangana,Black,Sugarcane,27,7.7,38.4,286.1,82.4,23.9,01-03-2024,31-07-2024,152,0.6
IND08430,Maharashtra,Black,Wheat,21.3,7.7,26.4,146,69.6,17.1,21-01-2024,21-04-2024,91,0.76
IND08431,Tamil Nadu,Red,Pulses,37.5,7.1,37.8,79.6,44.3,23.1,16-07-2024,22-11-2024,129,0.66
IND08432,Kerala,Laterite,Rice,33.2,7.1,27.9,178.1,40.1,0.1,18-02-2024,13-06-2024,116,0.44
IND08433,Gujarat,Black,Cotton,39.4,6.2,20.9,61.8,71.2,17.2,11-04-2024,19-07-2024,99,0.42
IND08434,Gujarat,Black,Cotton,38.1,7.3,31,181.1,64.1,24.2,09-12-2024,21-03-2025,102,0.48
IND08435,Rajasthan,Desert,Millet,39.2,7.2,21.9,224.2,81.4,18.3,03-01-2024,27-05-2024,145,0.66
IND08436,Haryana,Alluvial,Sugarcane,20.7,7.2,27.7,65.8,80.1,7.4,16-06-2024,17-10-2024,123,0.48
IND08437,West Bengal,Alluvial,Rice,38.1,6.4,29.9,284.6,66.7,5.4,13-03-2024,18-08-2024,158,0.66
IND08438,Gujarat,Black,Sugarcane,30.8,7.1,38.3,39.7,42.5,15.5,06-06-2024,24-09-2024,110,0.53
IND08439,Bihar,Alluvial,Rice,28.2,7.5,23.9,62,89.5,5.4,09-10-2024,18-03-2025,160,0.75
IND08440,Gujarat,Black,Wheat,25.5,6.1,28.1,278.7,53.5,16.9,19-01-2024,04-06-2024,137,0.62
IND08441,Karnataka,Red,Groundnut,36.3,6,23.1,161.5,49.9,29.5,19-06-2024,14-11-2024,148,0.55
IND08442,Maharashtra,Red,Groundnut,36.4,6.1,39.7,108.9,61.9,30,07-01-2024,30-04-2024,114,0.86
IND08443,Gujarat,Black,Sugarcane,35.6,7.3,25.9,213.4,70.8,0,25-04-2024,25-08-2024,122,0.53
IND08444,Uttar Pradesh,Alluvial,Pulses,13.7,7.7,20.4,97.8,57.4,9.2,24-06-2024,30-11-2024,159,0.71
IND08445,Tamil Nadu,Laterite,Rice,15.2,6.1,31.4,138.8,79.2,6.2,02-07-2024,01-12-2024,152,0.37
IND08446,Telangana,Black,Cotton,24,7.6,23.3,265.9,53.5,0,04-02-2024,08-06-2024,125,0.42
IND08447,Madhya Pradesh,Black,Cotton,43.2,6,34.3,139.6,45.8,0,04-11-2024,17-03-2025,133,0.45
IND08448,Bihar,Alluvial,Sugarcane,22.4,7.8,22.4,294.8,61.7,2.9,23-05-2024,18-08-2024,87,0.87
IND08449,Bihar,Alluvial,Wheat,44.9,7.5,32.2,230.1,76.3,0,11-04-2024,10-07-2024,90,0.36
IND08450,West Bengal,Laterite,Groundnut,30.5,6.1,31.6,143.7,57.2,3.3,17-11-2024,03-03-2025,106,0.51
IND08451,Tamil Nadu,Laterite,Rice,38.3,6.1,37.7,106,67.2,19.9,12-04-2024,08-09-2024,149,0.37
IND08452,West Bengal,Laterite,Groundnut,16.2,6.3,20,198.9,60.6,10.4,11-09-2024,20-01-2025,131,0.68
IND08453,Gujarat,Alluvial,Wheat,44.2,6.2,37.8,218,58,19.8,13-06-2024,19-10-2024,128,0.41
IND08454,West Bengal,Alluvial,Rice,29.8,6.5,21.4,101.7,73.3,34.2,23-02-2024,11-06-2024,109,0.64
IND08455,Kerala,Laterite,Groundnut,26.7,6.8,28.5,192.9,58.9,28.4,13-07-2024,13-11-2024,123,0.66
IND08456,Punjab,Alluvial,Maize,20.1,6.7,22.8,130,56.1,25,02-03-2024,31-07-2024,151,0.83
IND08457,Tamil Nadu,Laterite,Groundnut,21.6,7.4,25.1,250.4,43.5,21.3,22-01-2024,05-05-2024,104,0.66
IND08458,Kerala,Laterite,Rice,41.7,7.7,18.2,104.4,70.1,0.4,10-05-2024,01-10-2024,144,0.62
IND08459,Maharashtra,Red,Groundnut,31.3,6,23.2,59.6,41.8,29.5,13-08-2024,06-01-2025,146,0.6
IND08460,Telangana,Red,Groundnut,43,7.1,22.1,259.9,73.4,0,18-02-2024,25-05-2024,97,0.73
IND08461,Telangana,Black,Wheat,28.4,7,38,264.1,40.3,7.4,04-10-2024,10-02-2025,129,0.49
IND08462,Odisha,Laterite,Groundnut,32.6,6.6,35.5,104.9,76.3,15.8,02-03-2024,08-06-2024,98,0.81
IND08463,Punjab,Alluvial,Rice,12.9,7.6,34.3,212.7,44,8.9,02-05-2024,03-08-2024,93,0.43
IND08464,Maharashtra,Black,Sugarcane,32.6,6.5,22.8,162.9,44.2,18.7,21-04-2024,02-08-2024,103,0.37
IND08465,Rajasthan,Desert,Millet,15.1,7.7,20,51.9,68.8,23.6,09-03-2024,28-07-2024,141,0.67
IND08466,Haryana,Alluvial,Wheat,29.3,7,28.3,223.9,67.3,0,15-12-2024,09-04-2025,115,0.65
IND08467,Tamil Nadu,Laterite,Groundnut,33,7.5,25.4,27.4,45.1,9.7,15-04-2024,22-08-2024,129,0.53
IND08468,Uttar Pradesh,Alluvial,Pulses,17.5,6.1,27.1,117.6,76.7,38.2,11-11-2024,02-04-2025,142,0.59
IND08469,Haryana,Alluvial,Sugarcane,17.3,7.3,27.9,56.1,83.8,17.6,05-02-2024,29-05-2024,114,0.69
IND08470,Gujarat,Alluvial,Sugarcane,37.5,6.8,23.4,81.7,65.1,32.3,01-09-2024,03-01-2025,124,0.9
IND08471,Telangana,Black,Sugarcane,17.1,7,28.6,202,50,22.2,22-01-2024,24-06-2024,154,0.66
IND08472,Uttar Pradesh,Alluvial,Maize,14.6,6.4,26.2,25.8,58.2,44,19-04-2024,30-07-2024,102,0.66
IND08473,Bihar,Alluvial,Maize,22,6.6,35.9,289,67.1,26.7,07-06-2024,28-10-2024,143,0.84
IND08474,Karnataka,Red,Maize,14.4,6.4,36.7,158.2,43.8,1.7,19-08-2024,09-01-2025,143,0.44
IND08475,Madhya Pradesh,Black,Cotton,28.8,7.5,35.1,242.4,69.1,24,07-06-2024,27-10-2024,142,0.41
IND08476,West Bengal,Laterite,Rice,19.4,6.3,29.3,83,63.2,23.2,08-11-2024,01-03-2025,113,0.42
IND08477,Uttar Pradesh,Alluvial,Pulses,21.2,6.1,29.7,259.9,62.4,14.1,13-04-2024,21-07-2024,99,0.89
IND08478,West Bengal,Alluvial,Wheat,33,6.3,34.6,164,59.2,29.1,06-06-2024,23-09-2024,109,0.38
IND08479,Telangana,Black,Sugarcane,41.6,7.6,18.1,121.3,68.6,20.8,07-11-2024,03-03-2025,116,0.73
IND08480,Maharashtra,Laterite,Rice,28.6,7.4,28.3,299,84.6,0,01-03-2024,15-06-2024,106,0.67
IND08481,Karnataka,Black,Sugarcane,39.4,7.6,36.4,232.9,89.6,5.8,17-07-2024,14-11-2024,120,0.81
IND08482,Odisha,Alluvial,Wheat,21.3,6.8,18.5,265.9,57.8,13,05-09-2024,10-02-2025,158,0.82
IND08483,Karnataka,Red,Maize,22.2,6.4,33.5,207.5,62.8,21.1,21-01-2024,30-05-2024,130,0.45
IND08484,Gujarat,Alluvial,Maize,40.2,6.6,23.2,227.8,72.3,0,25-08-2024,31-12-2024,128,0.68
IND08485,Punjab,Alluvial,Rice,29.9,6.4,30.7,192.8,66.5,0,04-07-2024,30-10-2024,118,0.37
IND08486,Maharashtra,Laterite,Rice,39.3,6.5,30.4,290.2,68.3,1,05-08-2024,02-12-2024,119,0.46
IND08487,Rajasthan,Desert,Millet,20.3,6.3,18.3,208.4,42.8,26.7,05-01-2024,16-05-2024,132,0.76
IND08488,Andhra Pradesh,Black,Sugarcane,20.8,6.8,29.9,208,88,9.5,23-03-2024,21-06-2024,90,0.5
IND08489,Telangana,Red,Maize,28.7,7.3,18.7,181.1,86,13.3,22-08-2024,27-01-2025,158,0.88
IND08490,Gujarat,Black,Wheat,44.4,7.7,18.7,107,65.8,0,15-04-2024,04-08-2024,111,0.41
IND08491,Rajasthan,Desert,Millet,32.3,7.4,21.7,192,60.5,10.5,01-09-2024,16-12-2024,106,0.67
IND08492,Haryana,Alluvial,Maize,27.9,6.4,24.8,36.2,76.6,17.4,14-09-2024,21-01-2025,129,0.43
IND08493,West Bengal,Alluvial,Maize,23.9,6.2,24.2,99.5,84.8,17.4,18-08-2024,07-01-2025,142,0.61
IND08494,Punjab,Alluvial,Pulses,16.4,7.7,31.9,175.1,71.9,20.1,03-06-2024,22-10-2024,141,0.67
IND08495,Punjab,Alluvial,Wheat,18.9,7.3,26.1,100.1,41.8,27.3,17-09-2024,17-12-2024,91,0.73
IND08496,Haryana,Alluvial,Wheat,12.7,6.4,38.4,76.5,84.3,30.7,23-12-2024,19-04-2025,117,0.82
IND08497,Andhra Pradesh,Red,Maize,31.8,6.6,33.7,162.1,40.9,16.2,19-10-2024,11-02-2025,115,0.46
IND08498,Punjab,Alluvial,Wheat,43.2,6.9,39.2,257.1,51.5,7.9,07-11-2024,04-02-2025,89,0.67
IND08499,Bihar,Alluvial,Pulses,13.9,7.5,28.1,202.1,60.5,7,16-06-2024,17-10-2024,123,0.4
IND08500,West Bengal,Laterite,Groundnut,42.9,6.3,23.4,114.2,45.9,10.6,02-03-2024,10-06-2024,100,0.38
IND08501,Gujarat,Alluvial,Pulses,16.9,6.1,30.5,297.6,63.9,0,13-04-2024,25-07-2024,103,0.85
IND08502,Odisha,Laterite,Groundnut,31.4,6.1,33.9,256.3,67.7,0.1,19-12-2024,02-05-2025,134,0.87
IND08503,Telangana,Red,Groundnut,33.3,7,20.7,90.6,47.7,26.3,17-11-2024,22-02-2025,97,0.84
IND08504,Madhya Pradesh,Black,Sugarcane,13.9,7.8,19.3,31,65.7,41.3,19-04-2024,22-07-2024,94,0.41
IND08505,Karnataka,Red,Maize,34,6.9,23,99.3,41.3,19.7,02-12-2024,28-04-2025,147,0.42
IND08506,Andhra Pradesh,Red,Groundnut,12.2,7.1,27.6,54.5,78.9,18.2,12-11-2024,27-03-2025,135,0.55
IND08507,Odisha,Alluvial,Sugarcane,42.5,6.6,39.2,180.9,88.4,4.5,01-06-2024,12-10-2024,133,0.42
IND08508,Karnataka,Red,Groundnut,16.1,7.1,26.6,236.6,71,21.7,13-09-2024,05-01-2025,114,0.61
IND08509,Rajasthan,Desert,Millet,20.3,6.6,28.2,186.1,73.2,5.5,09-08-2024,29-12-2024,142,0.72
IND08510,Maharashtra,Laterite,Rice,15.7,7,21.7,177.5,40,35.2,14-03-2024,17-06-2024,95,0.42
IND08511,West Bengal,Laterite,Groundnut,26,6,20.7,228.5,64.4,31,23-12-2024,05-04-2025,103,0.67
IND08512,Karnataka,Laterite,Groundnut,29.6,6.9,27.2,99.1,69.1,26,08-11-2024,23-03-2025,135,0.57
IND08513,Karnataka,Red,Maize,27.3,6.9,30.1,274.7,66.4,25.6,21-07-2024,04-12-2024,136,0.78
IND08514,Andhra Pradesh,Black,Cotton,38.9,6,29.9,31.1,58.9,16.6,17-12-2024,22-04-2025,126,0.48
IND08515,Haryana,Alluvial,Pulses,23,6.6,36.9,91.1,72.9,13.7,23-10-2024,17-02-2025,117,0.38
IND08516,Telangana,Black,Cotton,15.2,7,31.6,261.6,80.2,2,16-01-2024,13-05-2024,118,0.68
IND08517,Odisha,Alluvial,Pulses,18.6,7.1,34.2,261.1,61.3,16.1,21-07-2024,02-12-2024,134,0.85
IND08518,Andhra Pradesh,Red,Maize,16.3,6.4,38.3,192.8,42.2,8.7,01-06-2024,05-09-2024,96,0.7
IND08519,Maharashtra,Red,Millet,23.5,6.1,19.8,67.6,58.4,9.3,22-06-2024,11-11-2024,142,0.71
IND08520,Bihar,Alluvial,Maize,37.8,6.4,29,152.7,44.3,0,12-12-2024,01-05-2025,140,0.46
IND08521,Uttar Pradesh,Alluvial,Pulses,15.4,6.9,27.3,188.9,71.4,16.2,24-07-2024,09-11-2024,108,0.82
IND08522,Telangana,Black,Wheat,26.5,6.9,34,247.1,77.9,6.5,09-09-2024,30-01-2025,143,0.44
IND08523,Uttar Pradesh,Alluvial,Wheat,21.2,7.7,34.2,276.3,65.9,1,13-11-2024,19-03-2025,126,0.64
IND08524,Telangana,Black,Wheat,15.4,6.3,18.5,35.8,73.9,29.9,19-05-2024,06-09-2024,110,0.55
IND08525,Odisha,Laterite,Groundnut,43.9,6.3,18.3,97.2,45.9,8.7,21-08-2024,07-12-2024,108,0.39
IND08526,Haryana,Alluvial,Sugarcane,31.8,6.7,35.7,244.4,63.1,17.8,10-06-2024,24-09-2024,106,0.58
IND08527,Uttar Pradesh,Alluvial,Rice,41.6,7.3,21.3,48.4,70.6,25.9,16-09-2024,25-12-2024,100,0.49
IND08528,West Bengal,Laterite,Rice,34.5,6.6,23.6,26.4,43,14.7,20-01-2024,20-04-2024,91,0.8
IND08529,Rajasthan,Alluvial,Maize,43.4,6,20,125.2,66.3,19.9,06-09-2024,06-12-2024,91,0.5
IND08530,Telangana,Red,Pulses,42.8,6.3,25.7,158.5,58.5,7,07-09-2024,11-02-2025,157,0.58
IND08531,Andhra Pradesh,Red,Millet,39.7,6,18.9,272.3,43.4,0,06-11-2024,19-03-2025,133,0.75
IND08532,Andhra Pradesh,Red,Groundnut,30.5,6.8,25,24.5,40.6,39.9,09-10-2024,09-02-2025,123,0.67
IND08533,Maharashtra,Black,Sugarcane,25.7,7.8,26.6,78.3,68.4,8.2,09-12-2024,06-04-2025,118,0.64
IND08534,Uttar Pradesh,Alluvial,Sugarcane,22.1,6.3,33.2,285.4,52.4,6.5,16-04-2024,27-07-2024,102,0.5
IND08535,Haryana,Alluvial,Rice,22.2,6.4,26.4,88.1,45.7,27.5,12-03-2024,20-06-2024,100,0.67
IND08536,Telangana,Red,Pulses,43.3,7.3,31,193.7,47.3,0,06-01-2024,01-05-2024,116,0.48
IND08537,Punjab,Alluvial,Wheat,40.9,7.6,30.3,180.1,84.6,2.7,16-04-2024,17-09-2024,154,0.43
IND08538,West Bengal,Laterite,Groundnut,22.9,6.1,27.4,109.2,53.8,32.6,08-06-2024,09-11-2024,154,0.88
IND08539,Maharashtra,Black,Cotton,30.7,7.4,31.6,275.8,67.5,19.8,22-12-2024,15-05-2025,144,0.41
IND08540,Karnataka,Black,Wheat,44.4,6.6,38.8,152.6,50.7,28.3,04-04-2024,01-07-2024,88,0.66
IND08541,Odisha,Alluvial,Rice,12.8,7.1,28.3,225,77.7,34.6,11-01-2024,07-05-2024,117,0.46
IND08542,Andhra Pradesh,Red,Millet,38.1,7.6,24,264.5,52.5,14,22-08-2024,26-01-2025,157,0.62
IND08543,Punjab,Alluvial,Maize,12.3,6.4,30,60.5,73.4,11.4,21-04-2024,06-09-2024,138,0.73
IND08544,Gujarat,Alluvial,Wheat,28.2,7.5,39.7,296.7,71.8,4.4,23-10-2024,30-03-2025,158,0.65
IND08545,Kerala,Laterite,Groundnut,30.9,6.7,23.2,86.1,42.6,33.8,21-04-2024,02-08-2024,103,0.42
IND08546,Kerala,Laterite,Rice,39.7,6.6,20.8,212.8,85.7,0,08-11-2024,07-02-2025,91,0.4
IND08547,Bihar,Alluvial,Pulses,32.7,7.5,29.2,157.9,45.9,22.1,08-03-2024,09-07-2024,123,0.64
IND08548,Karnataka,Red,Groundnut,34.2,6.1,36.5,213.7,78.6,28.8,10-05-2024,08-09-2024,121,0.43
IND08549,Gujarat,Alluvial,Rice,15.8,7.8,22.8,276.9,51,26.5,06-08-2024,21-12-2024,137,0.66
IND08550,Bihar,Alluvial,Wheat,30.5,7.1,22.6,133.8,84.2,0.9,04-07-2024,13-10-2024,101,0.37
IND08551,Telangana,Red,Maize,28.7,6.6,36.6,223.5,47.9,26,15-03-2024,11-06-2024,88,0.77
IND08552,Karnataka,Black,Cotton,25.4,7.6,26.6,159.2,81.3,0,07-06-2024,16-10-2024,131,0.69
IND08553,Uttar Pradesh,Alluvial,Sugarcane,36.4,6.4,24.9,183.3,66.7,4.8,01-08-2024,24-11-2024,115,0.77
IND08554,West Bengal,Laterite,Rice,29.1,6.6,29,60,77,8.4,06-02-2024,25-06-2024,140,0.47
IND08555,Rajasthan,Alluvial,Maize,40.3,7.1,35,108.8,47.6,1,01-08-2024,17-11-2024,108,0.76
IND08556,Punjab,Alluvial,Sugarcane,14.1,6.4,20.4,34.6,70,39.3,21-06-2024,25-11-2024,157,0.41
IND08557,Maharashtra,Red,Pulses,24.9,7.2,19.7,64.5,85.2,8.6,24-12-2024,31-03-2025,97,0.61
IND08558,Maharashtra,Red,Pulses,33,7.6,28.2,185.3,67.4,25,20-07-2024,17-10-2024,89,0.88
IND08559,Rajasthan,Alluvial,Maize,19.5,6.1,18.9,118.5,79.2,41.7,12-02-2024,23-05-2024,101,0.47
IND08560,Maharashtra,Black,Wheat,38.9,6.5,37.2,55.5,40.6,15.1,17-12-2024,19-05-2025,153,0.51
IND08561,Maharashtra,Black,Wheat,17,6,20.2,223.2,89.4,5.3,11-08-2024,14-01-2025,156,0.71
IND08562,West Bengal,Laterite,Groundnut,29.3,7,26.1,144.4,47.9,0,03-10-2024,04-02-2025,124,0.87
IND08563,Odisha,Laterite,Rice,37.6,6.5,39.9,98.3,69.4,0,07-08-2024,28-11-2024,113,0.63
IND08564,Karnataka,Red,Pulses,33,6.2,39.9,51.8,87,36.5,11-05-2024,20-09-2024,132,0.85
IND08565,Kerala,Laterite,Groundnut,33.4,7.7,22.3,242.6,50.1,25.9,18-05-2024,21-08-2024,95,0.8
IND08566,Gujarat,Alluvial,Sugarcane,35.6,6.9,34.7,273,67.6,20.5,01-11-2024,22-03-2025,141,0.77
IND08567,Punjab,Alluvial,Rice,21.2,6.5,21.4,296.2,78.2,1,07-04-2024,08-09-2024,154,0.84
IND08568,Rajasthan,Desert,Millet,40.7,6.1,21.3,39.1,62.1,22.1,23-11-2024,17-03-2025,114,0.48
IND08569,West Bengal,Alluvial,Maize,34.9,6.4,32.4,130,46.5,28.4,16-08-2024,15-12-2024,121,0.59
IND08570,West Bengal,Laterite,Groundnut,22,7.3,21.2,283.7,44.8,15.6,08-01-2024,09-04-2024,92,0.68
IND08571,Madhya Pradesh,Red,Pulses,35,7,29.6,82.1,70.6,4.2,21-01-2024,28-06-2024,159,0.71
IND08572,Gujarat,Alluvial,Pulses,31.2,7,23.9,257,84.8,25.8,13-01-2024,12-06-2024,151,0.5
IND08573,Madhya Pradesh,Red,Pulses,42.5,7.4,22.6,140.7,88.4,1.3,13-09-2024,22-01-2025,131,0.43
IND08574,Telangana,Red,Pulses,40.3,6.6,27.2,76.2,49,20.6,06-12-2024,10-04-2025,125,0.73
IND08575,Andhra Pradesh,Black,Sugarcane,14.7,6.3,37.1,142.3,44.9,39.7,21-02-2024,04-06-2024,104,0.61
IND08576,Odisha,Alluvial,Maize,20.9,7.8,33.6,223.3,47,16,06-03-2024,01-07-2024,117,0.76
IND08577,Rajasthan,Desert,Millet,32.8,6.1,20.3,178.4,65.8,0,03-04-2024,06-09-2024,156,0.59
IND08578,Haryana,Alluvial,Wheat,29.3,7.6,34.3,217.8,57.3,11.5,09-03-2024,19-06-2024,102,0.65
IND08579,Karnataka,Laterite,Groundnut,28.3,6.6,39.8,160.5,74,22.5,07-10-2024,28-01-2025,113,0.39
IND08580,Haryana,Alluvial,Pulses,39.4,6.7,23.1,129.2,79.4,19,07-09-2024,05-01-2025,120,0.63
IND08581,West Bengal,Laterite,Rice,40,6.2,38.8,80.1,88.7,20.3,24-02-2024,02-06-2024,99,0.73
IND08582,Gujarat,Black,Sugarcane,44.2,6.7,20.8,171.3,59.4,1.3,09-05-2024,21-08-2024,104,0.5
IND08583,Telangana,Black,Cotton,30.9,7.1,30.3,195.4,45.8,31.5,05-01-2024,26-05-2024,142,0.7
IND08584,Telangana,Red,Millet,12.5,6,27.4,233.4,40.4,29.7,20-01-2024,03-06-2024,135,0.41
IND08585,Kerala,Laterite,Groundnut,40.5,6.4,19,262.3,53.7,8.4,03-10-2024,17-01-2025,106,0.65
IND08586,Gujarat,Alluvial,Pulses,38.3,6.6,19.4,226,66.2,5.9,15-02-2024,09-06-2024,115,0.6
IND08587,Tamil Nadu,Laterite,Groundnut,19.2,6.7,33.6,294.6,41.1,13.5,17-05-2024,02-09-2024,108,0.49
IND08588,West Bengal,Alluvial,Pulses,36.8,7,38.4,258,65.3,21.7,12-01-2024,16-06-2024,156,0.71
IND08589,Andhra Pradesh,Black,Cotton,31.8,6.5,26.9,77.5,42.2,21,16-02-2024,16-07-2024,151,0.86
IND08590,Bihar,Alluvial,Rice,27.8,7.2,30.5,189.6,85.5,4.1,11-01-2024,03-06-2024,144,0.8
IND08591,Rajasthan,Alluvial,Maize,17.2,6.2,36.6,189,52.6,35.6,06-04-2024,13-07-2024,98,0.88
IND08592,Kerala,Laterite,Rice,36.8,7,19.3,68.2,77.6,23.8,20-04-2024,17-07-2024,88,0.53
IND08593,Punjab,Alluvial,Rice,24.3,7.4,29.9,39.3,70.2,31.1,08-02-2024,15-05-2024,97,0.58
IND08594,Bihar,Alluvial,Wheat,35,6.3,39.3,160.6,61,28.8,25-08-2024,04-01-2025,132,0.49
IND08595,Bihar,Alluvial,Rice,42.3,6.8,19.9,96.5,80.3,14.5,16-02-2024,13-05-2024,87,0.4
IND08596,Andhra Pradesh,Black,Cotton,22.2,6.1,22.9,43.6,43.2,11.7,16-12-2024,01-04-2025,106,0.42
IND08597,West Bengal,Alluvial,Maize,16.3,6.6,27.6,27,56.9,24.4,22-04-2024,01-08-2024,101,0.46
IND08598,Maharashtra,Red,Maize,30.5,6.7,31.2,141.7,62.6,9.1,02-05-2024,21-08-2024,111,0.71
IND08599,Madhya Pradesh,Red,Groundnut,44.7,7.4,22,183.3,68.7,7.5,11-10-2024,28-01-2025,109,0.49
IND08600,Rajasthan,Alluvial,Pulses,41.6,6.8,35.7,85.3,69,28.4,25-10-2024,25-01-2025,92,0.5
IND08601,Haryana,Alluvial,Rice,24.7,7.4,29.8,126.1,50.1,12.6,25-09-2024,22-01-2025,119,0.36
IND08602,Punjab,Alluvial,Rice,25.1,7.1,32.3,198.3,61.1,0,22-12-2024,15-05-2025,144,0.66
IND08603,Maharashtra,Laterite,Rice,18.7,6.8,35.5,191.8,54.8,1.7,01-09-2024,10-01-2025,131,0.56
IND08604,Odisha,Laterite,Groundnut,32.1,6.5,29.9,186.5,73.8,5.8,16-08-2024,27-11-2024,103,0.56
IND08605,Bihar,Alluvial,Wheat,31.2,6.4,27.1,199.8,46.8,3.6,07-11-2024,02-02-2025,87,0.37
IND08606,Bihar,Alluvial,Wheat,25.3,6.5,28.2,184.4,74,30.8,02-11-2024,20-03-2025,138,0.79
IND08607,Madhya Pradesh,Red,Groundnut,16.8,7.3,30.3,217.2,88.7,23,22-07-2024,05-12-2024,136,0.4
IND08608,West Bengal,Alluvial,Pulses,40.3,6.9,27.4,165.9,54.4,27.5,22-10-2024,08-02-2025,109,0.45
IND08609,Telangana,Black,Wheat,40.9,6.2,39.4,289.2,51.2,0,01-10-2024,02-02-2025,124,0.81
IND08610,Kerala,Laterite,Rice,20.6,6.5,28.2,248.7,60.8,15,23-12-2024,20-05-2025,148,0.47
IND08611,Rajasthan,Desert,Millet,17.2,6.2,20.5,150.5,61.4,35.9,24-04-2024,14-09-2024,143,0.5
IND08612,Andhra Pradesh,Red,Maize,31.8,6.7,39.9,224.9,49.8,3.3,23-10-2024,01-04-2025,160,0.45
IND08613,Rajasthan,Alluvial,Sugarcane,33.7,7.3,32.7,21.2,69.3,17.4,09-10-2024,07-02-2025,121,0.67
IND08614,Kerala,Laterite,Rice,23.8,7.2,35.3,168.8,56.4,28,10-12-2024,24-03-2025,104,0.43
IND08615,Kerala,Laterite,Groundnut,42.2,6.4,25.5,126.9,71.7,1.5,01-05-2024,22-08-2024,113,0.54
IND08616,Odisha,Alluvial,Rice,39.6,6.2,20.3,183.2,61.7,8.3,05-09-2024,06-02-2025,154,0.77
IND08617,Bihar,Alluvial,Wheat,20.1,7.8,37.3,141.6,44.5,17.8,23-12-2024,30-04-2025,128,0.4
IND08618,Karnataka,Red,Millet,40.1,6.9,25.6,163.4,77.7,14.5,06-07-2024,18-11-2024,135,0.54
IND08619,Kerala,Laterite,Rice,24.9,7.2,26,88.3,52.8,14.6,19-02-2024,27-06-2024,129,0.69
IND08620,Uttar Pradesh,Alluvial,Maize,29.5,7.4,38.7,81.1,83.3,14.2,25-09-2024,25-01-2025,122,0.54
IND08621,Kerala,Laterite,Groundnut,34.5,6.4,39.7,42.9,51.3,30.9,24-04-2024,09-08-2024,107,0.79
IND08622,Tamil Nadu,Black,Sugarcane,38.4,7.1,29.3,133.5,84.4,16.9,10-04-2024,06-08-2024,118,0.7
IND08623,Rajasthan,Alluvial,Maize,38.4,6.9,32.6,57.8,69.7,11.5,18-07-2024,16-10-2024,90,0.8
IND08624,Uttar Pradesh,Alluvial,Wheat,30.2,7.5,25.3,136.3,64.8,14.9,19-08-2024,15-12-2024,118,0.42
IND08625,Odisha,Laterite,Rice,43.7,6.9,31,253.2,40.5,21.7,13-10-2024,21-01-2025,100,0.43
IND08626,Gujarat,Black,Sugarcane,43.1,6.8,35.8,141.7,71.1,31.1,05-01-2024,02-04-2024,88,0.63
IND08627,Kerala,Laterite,Groundnut,12.6,6.4,26.9,239,83.5,15.7,01-09-2024,27-12-2024,117,0.76
IND08628,Maharashtra,Black,Cotton,23.4,6.8,26.5,205.7,76.9,2.9,05-05-2024,21-08-2024,108,0.38
IND08629,West Bengal,Laterite,Rice,12.4,7.7,26.2,263.6,81,30.4,13-07-2024,28-10-2024,107,0.59
IND08630,Andhra Pradesh,Black,Sugarcane,39.1,6.5,27.3,134.6,47.8,27.5,15-09-2024,30-12-2024,106,0.89
IND08631,Andhra Pradesh,Black,Cotton,30.8,7.2,33.6,28.7,51.9,40.9,18-12-2024,18-04-2025,121,0.38
IND08632,Kerala,Laterite,Rice,40.5,6.5,39.9,181.7,76.5,25.3,14-06-2024,10-11-2024,149,0.69
IND08633,Karnataka,Laterite,Rice,36.8,7,25.3,126.8,50.8,0,17-02-2024,29-06-2024,133,0.72
IND08634,Gujarat,Alluvial,Maize,34,6.8,37.7,78.5,45.6,35.4,09-03-2024,03-08-2024,147,0.64
IND08635,Karnataka,Red,Maize,33.3,6.4,39.7,131.5,64.1,12,03-11-2024,18-03-2025,135,0.53
IND08636,Maharashtra,Laterite,Groundnut,22.4,7,35.9,255.2,60.9,21.3,02-08-2024,08-11-2024,98,0.44
IND08637,Tamil Nadu,Black,Sugarcane,26.6,6.6,33,40.2,46.8,31.9,16-02-2024,25-06-2024,130,0.39
IND08638,Kerala,Laterite,Rice,41.6,6.2,27.8,104.8,67.5,16.8,25-01-2024,25-05-2024,121,0.69
IND08639,Rajasthan,Alluvial,Pulses,28.8,6.2,28.8,79.9,68.4,34.9,10-04-2024,01-09-2024,144,0.67
IND08640,Kerala,Laterite,Rice,20.2,7.2,24.5,78.6,59.5,10.1,22-01-2024,28-06-2024,158,0.57
IND08641,Kerala,Laterite,Groundnut,41.7,7.8,33.1,245,55,7.3,13-02-2024,09-07-2024,147,0.36
IND08642,Kerala,Laterite,Rice,13.1,6.5,33.6,147.8,64.2,35.8,24-07-2024,10-11-2024,109,0.75
IND08643,Gujarat,Alluvial,Sugarcane,30.9,7.3,36.6,179.9,67.6,28.6,23-06-2024,22-09-2024,91,0.57
IND08644,Haryana,Alluvial,Pulses,27.8,6.4,21.7,273.3,51.7,0,07-11-2024,04-04-2025,148,0.84
IND08645,Gujarat,Alluvial,Sugarcane,43.6,6,38.3,72.7,73,26.7,13-02-2024,20-06-2024,128,0.52
IND08646,Rajasthan,Desert,Millet,33.1,6.1,26,197.9,80.5,29.5,04-10-2024,20-02-2025,139,0.38
IND08647,Telangana,Black,Wheat,24,6,18.4,207.9,58.7,29.3,06-06-2024,30-09-2024,116,0.5
IND08648,Madhya Pradesh,Black,Cotton,15.7,7,31.1,85.8,89.4,33.4,03-02-2024,05-05-2024,92,0.46
IND08649,Madhya Pradesh,Black,Cotton,17.5,7.7,20.1,296.2,56.9,0,06-05-2024,03-08-2024,89,0.75
IND08650,Andhra Pradesh,Red,Groundnut,13.7,7.3,38.4,58.9,62.1,47.9,07-10-2024,06-01-2025,91,0.4
IND08651,Andhra Pradesh,Black,Wheat,43.5,7.1,22.1,78.1,87.6,6.6,01-03-2024,31-07-2024,152,0.55
IND08652,Maharashtra,Red,Millet,28.9,7.5,19.5,258.1,88.1,0,11-12-2024,16-05-2025,156,0.74
IND08653,Bihar,Alluvial,Maize,43.2,6.2,34.9,212.4,65.2,0,20-12-2024,26-03-2025,96,0.74
IND08654,Rajasthan,Alluvial,Maize,31.1,6.7,22,258.6,71.6,11,19-07-2024,21-10-2024,94,0.39
IND08655,Telangana,Red,Pulses,38.8,6.8,19.3,182.6,62.6,0,19-03-2024,08-07-2024,111,0.67
IND08656,Gujarat,Alluvial,Pulses,16.5,6.6,21.2,83.9,85.8,41.9,10-02-2024,06-06-2024,117,0.88
IND08657,Karnataka,Red,Pulses,19.2,6.2,21.8,158,64.2,3.4,02-06-2024,22-09-2024,112,0.77
IND08658,Tamil Nadu,Red,Groundnut,14.5,7.2,22.9,192.8,70.6,36,04-04-2024,27-08-2024,145,0.6
IND08659,Haryana,Alluvial,Maize,21.7,7,33.1,27.4,44.9,44.7,17-07-2024,26-10-2024,101,0.75
IND08660,Maharashtra,Laterite,Rice,23.6,6.6,18.5,148.9,57.2,29.9,22-02-2024,21-07-2024,150,0.6
IND08661,Rajasthan,Desert,Millet,29.7,6,30.4,226.1,46,23.1,12-03-2024,24-07-2024,134,0.41
IND08662,Maharashtra,Black,Wheat,25.4,6.6,30.5,246.9,71.4,8.9,17-12-2024,07-05-2025,141,0.39
IND08663,Odisha,Laterite,Rice,18.5,6.3,26.3,296.8,52.7,15.5,04-04-2024,03-08-2024,121,0.8
IND08664,Telangana,Black,Wheat,31.4,7.7,18.5,142,42.2,21.6,01-03-2024,06-06-2024,97,0.69
IND08665,Punjab,Alluvial,Pulses,35.8,7.7,38.6,164.2,62.5,19,09-12-2024,15-03-2025,96,0.71
IND08666,Tamil Nadu,Red,Millet,25.4,6,31.3,228,71.9,19.2,11-11-2024,19-04-2025,159,0.76
IND08667,Bihar,Alluvial,Maize,33.2,7.3,32.5,123.1,80,24.4,16-07-2024,02-12-2024,139,0.44
IND08668,Telangana,Black,Sugarcane,32.6,6.2,35.9,243.2,53.7,15.5,03-12-2024,16-04-2025,134,0.56
IND08669,Bihar,Alluvial,Rice,17.1,7.7,28.6,21.9,76.5,19.9,08-06-2024,17-10-2024,131,0.89
IND08670,Karnataka,Black,Cotton,27.6,6.5,18.8,244.5,67.2,3.5,24-09-2024,11-01-2025,109,0.68
IND08671,Kerala,Laterite,Rice,42.4,7.7,19.5,110.6,75.3,15.5,01-04-2024,05-09-2024,157,0.86
IND08672,Andhra Pradesh,Black,Cotton,24.3,7.6,27.9,225.3,77.4,24,11-01-2024,10-05-2024,120,0.69
IND08673,Haryana,Alluvial,Rice,32.3,7.4,39.6,119.5,42,20.9,14-11-2024,16-04-2025,153,0.67
IND08674,Odisha,Laterite,Rice,21,6.1,24.9,83.5,78.7,15,11-10-2024,13-02-2025,125,0.51
IND08675,Maharashtra,Red,Groundnut,33.4,6.8,29.7,78.5,79.7,24.1,15-04-2024,19-09-2024,157,0.52
IND08676,Karnataka,Red,Pulses,39.8,6.1,37.6,147.6,52.7,32,21-11-2024,22-03-2025,121,0.66
IND08677,Odisha,Laterite,Rice,28.1,7.1,31.8,95.1,51.8,18.9,07-08-2024,28-11-2024,113,0.37
IND08678,Maharashtra,Laterite,Groundnut,28.4,6.6,29.1,164.6,71.8,33.5,18-09-2024,14-01-2025,118,0.61
IND08679,Punjab,Alluvial,Sugarcane,28.9,7.6,37.7,141.1,51,29.8,13-03-2024,23-07-2024,132,0.66
IND08680,Kerala,Laterite,Rice,18.5,7.4,21.4,104.1,43.7,5.8,19-05-2024,02-09-2024,106,0.47
IND08681,Madhya Pradesh,Red,Groundnut,24,6.5,23,27.2,43.7,22.8,01-01-2024,08-06-2024,159,0.84
IND08682,Bihar,Alluvial,Rice,18.9,6.6,22,68.5,70.8,14,05-12-2024,13-05-2025,159,0.79
IND08683,Odisha,Laterite,Rice,33,6.4,34.6,86.3,53.8,24.9,21-01-2024,23-04-2024,93,0.89
IND08684,Tamil Nadu,Black,Cotton,25.3,6.4,39.6,59.3,88.8,18,12-09-2024,20-12-2024,99,0.66
IND08685,Maharashtra,Black,Wheat,40.9,6.7,34.2,90.9,80.4,8.3,23-05-2024,25-10-2024,155,0.44
IND08686,Punjab,Alluvial,Rice,29.9,6.5,38.8,80.6,68.2,29.6,18-06-2024,14-10-2024,118,0.54
IND08687,Uttar Pradesh,Alluvial,Wheat,28.3,6.6,33.6,187.2,43.1,8.9,19-03-2024,11-07-2024,114,0.45
IND08688,Punjab,Alluvial,Wheat,20,7.3,20.8,93.8,59,24.2,01-12-2024,09-04-2025,129,0.47
IND08689,Karnataka,Red,Millet,12.2,6.5,25.1,255.8,83.8,8.3,23-09-2024,25-12-2024,93,0.63
IND08690,Tamil Nadu,Black,Sugarcane,26.3,6.9,28.2,167.6,63.6,15.6,17-06-2024,04-11-2024,140,0.9
IND08691,Uttar Pradesh,Alluvial,Rice,35.5,7.5,20.2,26.3,51.9,34.5,10-12-2024,24-04-2025,135,0.43
IND08692,Bihar,Alluvial,Maize,21.6,7.4,37,247,68.8,10.1,05-03-2024,05-08-2024,153,0.47
IND08693,Haryana,Alluvial,Pulses,34.9,6.3,31.7,140.9,71.6,0,09-02-2024,05-07-2024,147,0.78
IND08694,Andhra Pradesh,Red,Groundnut,17.6,7.5,25.9,230.3,73.5,14.6,08-07-2024,21-11-2024,136,0.57
IND08695,Punjab,Alluvial,Rice,43.3,7.3,34.5,99.3,88.5,11,03-01-2024,24-04-2024,112,0.38
IND08696,Uttar Pradesh,Alluvial,Pulses,19,7.6,30,185.9,77.7,0,08-09-2024,17-12-2024,100,0.71
IND08697,Odisha,Alluvial,Pulses,13.3,6.2,28.4,87.4,53.5,32.8,01-02-2024,15-06-2024,135,0.36
IND08698,Gujarat,Black,Wheat,38.9,7.8,25.5,122.7,52.4,5.1,15-09-2024,04-02-2025,142,0.68
IND08699,Rajasthan,Desert,Millet,21.8,6.5,24.3,120.8,85.7,36.1,05-03-2024,15-07-2024,132,0.73
IND08700,Uttar Pradesh,Alluvial,Wheat,41.2,6.6,27,246.2,56.1,0,10-11-2024,18-02-2025,100,0.79
IND08701,Bihar,Alluvial,Wheat,36.1,6,34.6,167.7,88.9,2.7,19-03-2024,02-07-2024,105,0.51
IND08702,Rajasthan,Desert,Millet,21.6,6,24.1,149.3,84.3,38.8,25-03-2024,04-08-2024,132,0.58
IND08703,Maharashtra,Laterite,Rice,28.4,6.8,32.5,47.6,72,29,17-12-2024,12-04-2025,116,0.58
IND08704,Odisha,Laterite,Groundnut,36,6.6,21.1,71,73.4,14.3,16-05-2024,14-08-2024,90,0.5
IND08705,Madhya Pradesh,Black,Sugarcane,12.8,6,36.3,89.1,88.4,8.2,03-02-2024,03-05-2024,90,0.56
IND08706,Andhra Pradesh,Red,Maize,34.6,6.5,24.7,67.4,62.9,33.6,16-08-2024,13-12-2024,119,0.58
IND08707,West Bengal,Alluvial,Wheat,33.1,6.3,23.9,229.8,52.7,20.9,03-06-2024,05-09-2024,94,0.45
IND08708,Punjab,Alluvial,Wheat,37.6,7.4,21.7,255.1,71,10.9,03-12-2024,27-02-2025,86,0.44
IND08709,Andhra Pradesh,Black,Cotton,33.9,7.1,34.8,167.4,52.7,2.5,15-06-2024,24-09-2024,101,0.89
IND08710,Rajasthan,Desert,Millet,27.9,7.7,33.5,70.7,77.1,17.8,03-09-2024,04-12-2024,92,0.84
IND08711,Rajasthan,Alluvial,Wheat,24.2,6.5,34.8,91.3,64.5,13.7,20-06-2024,11-10-2024,113,0.87
IND08712,Uttar Pradesh,Alluvial,Pulses,41.1,6.7,29.4,105,81.1,0,20-09-2024,16-12-2024,87,0.46
IND08713,Telangana,Red,Pulses,24.3,6.6,36.2,36.5,77.8,22.5,16-06-2024,20-10-2024,126,0.35
IND08714,West Bengal,Alluvial,Maize,15.2,6,27.5,197.7,56.1,18.4,03-04-2024,26-08-2024,145,0.76
IND08715,Kerala,Laterite,Rice,39.7,7.5,25.1,133.5,70.5,30.7,04-06-2024,07-09-2024,95,0.48
IND08716,Odisha,Alluvial,Rice,37.2,6.3,25.7,116.1,54.5,19.8,23-04-2024,30-07-2024,98,0.82
IND08717,Kerala,Laterite,Rice,40.5,6.2,37.3,225.9,73.2,0,22-10-2024,09-02-2025,110,0.53
IND08718,Gujarat,Black,Sugarcane,37.7,7,31.8,93.2,77.2,14.8,12-08-2024,29-11-2024,109,0.63
IND08719,Uttar Pradesh,Alluvial,Wheat,24,7,35.5,69.8,52.3,25.7,23-03-2024,24-06-2024,93,0.53
IND08720,Telangana,Black,Cotton,20.4,7.3,34.3,63.7,61.8,38.1,07-12-2024,02-05-2025,146,0.53
IND08721,Bihar,Alluvial,Sugarcane,18.9,7.7,20,127.9,47.6,14.3,06-08-2024,21-11-2024,107,0.35
IND08722,Maharashtra,Red,Millet,12.7,7.3,19.4,124.9,76,44.2,05-06-2024,03-11-2024,151,0.47
IND08723,West Bengal,Laterite,Rice,37.8,7.6,30,269,78.8,23.2,07-04-2024,16-07-2024,100,0.69
IND08724,Telangana,Red,Maize,28.6,7.1,36.3,85.9,49.3,32.7,01-05-2024,13-08-2024,104,0.44
IND08725,West Bengal,Laterite,Groundnut,37.1,7.2,32.5,158.6,67.9,2.7,14-11-2024,15-03-2025,121,0.68
IND08726,Madhya Pradesh,Red,Groundnut,39.1,7.4,19.3,85,57,9,24-08-2024,18-12-2024,116,0.39
IND08727,Tamil Nadu,Red,Millet,41.7,7.2,33,27,48.8,21,04-10-2024,11-03-2025,158,0.38
IND08728,Odisha,Alluvial,Wheat,31.2,7.5,19.2,146.6,65.9,35,10-12-2024,06-04-2025,117,0.78
IND08729,Maharashtra,Black,Wheat,29.6,7.1,20.8,237.7,42.6,26,21-02-2024,30-06-2024,130,0.78
IND08730,Kerala,Laterite,Rice,29.7,6.1,26.7,298.3,66.8,0,21-03-2024,02-08-2024,134,0.43
IND08731,Odisha,Alluvial,Pulses,26.7,7,31.9,169.1,44.9,23.9,14-02-2024,19-05-2024,95,0.8
IND08732,Tamil Nadu,Red,Groundnut,20.7,7.3,32.1,68.9,60,16.4,06-02-2024,23-06-2024,138,0.4
IND08733,Maharashtra,Black,Sugarcane,20,7.2,27.7,161.4,66.1,24.8,01-07-2024,29-11-2024,151,0.73
IND08734,Uttar Pradesh,Alluvial,Wheat,23.8,7.2,37.7,175.9,89.4,28.5,21-04-2024,07-08-2024,108,0.59
IND08735,Maharashtra,Black,Sugarcane,35,6.5,25.4,213.2,81.7,24.5,08-07-2024,27-11-2024,142,0.78
IND08736,Punjab,Alluvial,Sugarcane,41.2,6.2,27.7,160.8,54.4,0,18-02-2024,01-06-2024,104,0.88
IND08737,Tamil Nadu,Black,Cotton,25.2,7.7,33,24.4,60.3,8.5,07-12-2024,25-04-2025,139,0.5
IND08738,West Bengal,Alluvial,Wheat,20.9,7,37.7,248.1,65.7,29.7,10-07-2024,13-12-2024,156,0.44
IND08739,Tamil Nadu,Black,Cotton,38.6,6.9,18.9,86,60.4,32.2,25-07-2024,05-11-2024,103,0.54
IND08740,Tamil Nadu,Laterite,Groundnut,26.1,6.4,23.9,60.7,67.4,44.6,07-03-2024,08-06-2024,93,0.9
IND08741,Rajasthan,Desert,Millet,33,6.8,36.1,158.1,57,3.5,02-07-2024,08-12-2024,159,0.59
IND08742,West Bengal,Laterite,Groundnut,38.3,7.6,39.5,299.6,53.6,18.6,03-09-2024,15-12-2024,103,0.41
IND08743,Bihar,Alluvial,Pulses,33.1,7.5,24.5,154.8,87.1,12.4,09-09-2024,24-12-2024,106,0.44
IND08744,Andhra Pradesh,Red,Millet,17.4,6.2,23.7,65.7,53.6,28.1,17-10-2024,23-03-2025,157,0.45
IND08745,Karnataka,Laterite,Groundnut,30.6,7.7,23.6,297.7,59.8,0,20-07-2024,24-11-2024,127,0.85
IND08746,Odisha,Laterite,Groundnut,33.6,7.2,19.6,111,48.8,23.1,01-04-2024,21-08-2024,142,0.55
IND08747,Haryana,Alluvial,Sugarcane,39.4,6,19.5,168.3,43.5,7.1,15-05-2024,30-08-2024,107,0.73
IND08748,Maharashtra,Black,Sugarcane,16.8,6.2,29.9,107.8,72.6,31,10-08-2024,02-12-2024,114,0.65
IND08749,Tamil Nadu,Red,Pulses,15.5,6.7,21.9,31.2,67.4,23.6,09-03-2024,12-08-2024,156,0.4
IND08750,Tamil Nadu,Black,Cotton,18.1,7.1,23.7,121.9,64.8,4.2,05-09-2024,15-01-2025,132,0.72
IND08751,Rajasthan,Desert,Millet,41.5,7,26.5,230.6,46.8,14,04-01-2024,31-05-2024,148,0.39
IND08752,Punjab,Alluvial,Wheat,14.4,7.4,24.9,102.3,42.4,8,02-05-2024,03-10-2024,154,0.4
IND08753,West Bengal,Laterite,Rice,44.6,7.5,32.2,216,85.5,0,21-03-2024,08-08-2024,140,0.87
IND08754,Madhya Pradesh,Black,Sugarcane,39,6.3,36.1,220.1,80.7,13.8,06-10-2024,13-01-2025,99,0.87
IND08755,Telangana,Red,Groundnut,26.6,6.9,28.2,133.4,87.9,16.2,07-11-2024,13-04-2025,157,0.52
IND08756,Rajasthan,Alluvial,Maize,26.8,7.5,35.9,202.8,56.9,24,13-07-2024,18-12-2024,158,0.44
IND08757,Haryana,Alluvial,Pulses,12.3,7.6,23.5,203.4,49.5,35.5,16-10-2024,21-02-2025,128,0.88
IND08758,Madhya Pradesh,Black,Sugarcane,37.7,7,26.6,131.4,68.9,21.1,21-11-2024,21-03-2025,120,0.89
IND08759,Rajasthan,Desert,Millet,30,6.9,36.5,231.3,66.1,11.5,20-11-2024,20-03-2025,120,0.44
IND08760,Gujarat,Black,Wheat,28.5,7.1,21.9,297.8,74.2,12.8,25-07-2024,06-11-2024,104,0.42
IND08761,Bihar,Alluvial,Wheat,24.9,6.3,21.3,243,54.7,14.1,09-01-2024,25-05-2024,137,0.85
IND08762,West Bengal,Alluvial,Maize,19.3,6.3,28.1,209.3,77.5,2.7,08-10-2024,04-01-2025,88,0.36
IND08763,Uttar Pradesh,Alluvial,Maize,20,6.6,24.7,212.8,60.7,0,21-07-2024,22-11-2024,124,0.64
IND08764,Punjab,Alluvial,Rice,32,7.6,28.4,66.5,44,4.8,06-05-2024,08-10-2024,155,0.68
IND08765,Maharashtra,Black,Cotton,44.2,6.1,29,247.5,45.7,0.7,25-12-2024,22-03-2025,87,0.55
IND08766,Punjab,Alluvial,Maize,34.8,7.5,33.1,200,85.6,21,03-09-2024,28-01-2025,147,0.87
IND08767,Gujarat,Black,Cotton,12.1,6.1,28.7,171.9,77.9,41.2,06-06-2024,12-10-2024,128,0.9
IND08768,Telangana,Red,Pulses,35.1,6.9,26.7,48.6,53.1,33.4,03-04-2024,08-09-2024,158,0.8
IND08769,Bihar,Alluvial,Rice,40.5,6.5,20.7,215,43.3,0.3,15-03-2024,08-08-2024,146,0.43
IND08770,Maharashtra,Laterite,Rice,33.5,6.8,20.8,183.3,52.9,13.9,20-03-2024,24-07-2024,126,0.84
IND08771,Haryana,Alluvial,Pulses,21.3,6.7,34.1,27.2,89,26.2,12-01-2024,08-04-2024,87,0.82
IND08772,Odisha,Alluvial,Pulses,25.2,6.7,33,139.8,53.8,14.8,17-03-2024,12-08-2024,148,0.72
IND08773,Telangana,Black,Cotton,31.4,6.9,24.7,271.4,79.3,15.5,09-06-2024,31-10-2024,144,0.56
IND08774,West Bengal,Alluvial,Maize,30.6,6,25.4,26.9,58.1,5.7,02-11-2024,12-03-2025,130,0.36
IND08775,Bihar,Alluvial,Pulses,20.6,7.5,27.5,53.5,82,43.2,09-02-2024,04-06-2024,116,0.64
IND08776,Karnataka,Laterite,Groundnut,14.2,6.8,38.6,66.8,67.4,47.2,11-01-2024,18-04-2024,98,0.55
IND08777,Rajasthan,Alluvial,Sugarcane,24.4,7.5,39.7,96,40.8,8.8,16-08-2024,18-12-2024,124,0.78
IND08778,Andhra Pradesh,Red,Groundnut,35.9,7.2,34,153.6,74.2,0,05-11-2024,08-03-2025,123,0.66
IND08779,Andhra Pradesh,Red,Groundnut,28.6,7.7,29.8,256.6,78.4,12.2,19-12-2024,20-04-2025,122,0.73
IND08780,Uttar Pradesh,Alluvial,Rice,20.9,6.8,21.3,87.9,47.7,31.4,25-05-2024,27-09-2024,125,0.55
IND08781,Karnataka,Red,Groundnut,20.1,7.4,30.6,49.3,46,8.5,21-06-2024,26-10-2024,127,0.86
IND08782,Gujarat,Alluvial,Wheat,38,6.2,18.8,116.3,80.7,0,21-03-2024,31-07-2024,132,0.8
IND08783,Telangana,Red,Millet,18.9,7.1,31,155.2,71.8,31.5,23-06-2024,19-10-2024,118,0.47
IND08784,Karnataka,Laterite,Rice,33.9,6.3,18.1,262.7,47.9,21.9,16-05-2024,07-10-2024,144,0.63
IND08785,Tamil Nadu,Red,Pulses,24,6.9,36.2,101.8,60.5,8.5,20-10-2024,24-02-2025,127,0.63
IND08786,Rajasthan,Desert,Millet,25.1,6.1,25.5,175.4,49.2,34.7,11-09-2024,26-01-2025,137,0.38
IND08787,Tamil Nadu,Black,Sugarcane,29.6,7.3,19.8,205.8,86.3,13.5,14-06-2024,19-11-2024,158,0.82
IND08788,Odisha,Laterite,Groundnut,42.6,7.5,23.3,223.7,56,0,24-06-2024,24-10-2024,122,0.45
IND08789,Tamil Nadu,Red,Maize,38.7,7.3,21.2,267,73.8,0,22-03-2024,23-08-2024,154,0.62
IND08790,Odisha,Alluvial,Wheat,18.8,6.3,27.7,279,63.1,0,21-01-2024,03-06-2024,134,0.81
IND08791,Haryana,Alluvial,Maize,21.4,6.2,25.9,281.5,73.7,14,19-01-2024,27-04-2024,99,0.89
IND08792,Gujarat,Black,Sugarcane,21.5,7.8,25.2,296.1,89.5,25.5,03-02-2024,08-07-2024,156,0.57
IND08793,Tamil Nadu,Black,Sugarcane,13.3,6.4,21.1,60.4,85.4,17.7,06-07-2024,10-11-2024,127,0.71
IND08794,Karnataka,Black,Cotton,19.6,6.2,30,83.6,66.4,16.6,09-11-2024,25-02-2025,108,0.84
IND08795,Andhra Pradesh,Red,Maize,18.1,7.8,29.1,271,48.5,0,06-08-2024,12-01-2025,159,0.77
IND08796,Madhya Pradesh,Black,Cotton,13.8,6.8,36.9,293,43.7,0,25-04-2024,23-07-2024,89,0.64
IND08797,Rajasthan,Desert,Millet,37.2,7.3,30.1,290.3,45,0,18-09-2024,12-12-2024,85,0.47
IND08798,Bihar,Alluvial,Rice,33.9,6.7,29,34,55.4,12,20-05-2024,25-09-2024,128,0.54
IND08799,Bihar,Alluvial,Wheat,34.2,6.2,32,98.4,85,29.4,18-08-2024,27-11-2024,101,0.6
IND08800,Tamil Nadu,Black,Wheat,15.8,7.1,19.1,189.1,89.1,11,06-06-2024,02-10-2024,118,0.85
IND08801,Rajasthan,Desert,Millet,25.3,7.5,23.9,90.1,68.7,21.4,22-06-2024,19-09-2024,89,0.39
IND08802,Uttar Pradesh,Alluvial,Rice,25.5,7.6,33.1,146.7,52.5,13.7,20-08-2024,22-01-2025,155,0.75
IND08803,Karnataka,Black,Cotton,20,7.7,29.2,246.3,46.7,20.6,24-03-2024,26-06-2024,94,0.73
IND08804,Madhya Pradesh,Black,Wheat,44.3,6.1,22.6,271.8,61.5,2.9,20-05-2024,15-10-2024,148,0.87
IND08805,Gujarat,Alluvial,Pulses,21.5,7.4,32.5,52.7,78.1,20.8,02-04-2024,29-08-2024,149,0.73
IND08806,Tamil Nadu,Black,Wheat,30.1,7.5,25,50.5,44.1,35,07-10-2024,02-01-2025,87,0.5
IND08807,Odisha,Alluvial,Wheat,28.7,7,18.3,132.5,78.7,34.4,17-12-2024,24-03-2025,97,0.87
IND08808,Andhra Pradesh,Black,Wheat,22.9,6.3,23.7,249.2,50.8,0,08-09-2024,22-12-2024,105,0.86
IND08809,Gujarat,Black,Sugarcane,43,7.6,28.9,52.8,78.8,28.2,25-10-2024,16-02-2025,114,0.77
IND08810,Haryana,Alluvial,Pulses,38.9,6.1,22.8,140.2,64.7,12.6,02-08-2024,16-11-2024,106,0.84
IND08811,Karnataka,Laterite,Rice,17.9,7.2,36.5,86.7,42.7,10.6,03-11-2024,07-03-2025,124,0.83
IND08812,Madhya Pradesh,Red,Pulses,29,6.7,32.3,145,52.7,6.8,16-12-2024,24-04-2025,129,0.74
IND08813,Punjab,Alluvial,Rice,13.4,6.7,23.2,217.2,83.9,19.7,20-11-2024,01-04-2025,132,0.38
IND08814,Haryana,Alluvial,Sugarcane,23.1,6.3,35.1,77.6,49.2,11.4,13-01-2024,18-05-2024,126,0.81
IND08815,Maharashtra,Laterite,Groundnut,33.2,7.2,19.3,164.7,47.8,29.4,02-08-2024,19-11-2024,109,0.72
IND08816,Rajasthan,Desert,Millet,23.4,7.7,20,277.3,85.5,5.5,01-08-2024,28-10-2024,88,0.37
IND08817,Telangana,Red,Pulses,36.7,7.5,22.8,298.2,85.5,5.2,05-11-2024,12-02-2025,99,0.89
IND08818,Rajasthan,Desert,Millet,24.1,7.2,28.7,220.6,74.1,10.4,25-08-2024,26-12-2024,123,0.75
IND08819,Andhra Pradesh,Black,Wheat,27.1,6.4,35.9,21.2,52.3,46.2,24-02-2024,20-05-2024,86,0.39
IND08820,Kerala,Laterite,Rice,38.1,7.1,38.6,104.6,89.5,24.7,05-05-2024,26-08-2024,113,0.67
IND08821,Tamil Nadu,Red,Pulses,33.2,6.4,31.5,196.9,64.2,11.5,21-05-2024,18-09-2024,120,0.57
IND08822,Kerala,Laterite,Rice,33,6.5,20.4,244.8,69.8,12,21-10-2024,18-02-2025,120,0.56
IND08823,Gujarat,Black,Wheat,33.1,6.2,22.6,294.4,58.2,9.9,07-06-2024,30-09-2024,115,0.48
IND08824,Rajasthan,Desert,Millet,33.8,6.9,35.5,176.3,76.6,21.2,17-07-2024,04-12-2024,140,0.45
IND08825,Gujarat,Alluvial,Maize,23.2,6.7,37.9,92.5,64.1,21.7,14-09-2024,16-12-2024,93,0.66
IND08826,Gujarat,Black,Cotton,35.9,6.1,19,162.7,75,8.8,04-03-2024,02-08-2024,151,0.75
IND08827,Odisha,Laterite,Rice,38.7,7.2,28.4,88.8,85.5,33.7,08-04-2024,31-08-2024,145,0.61
IND08828,Punjab,Alluvial,Rice,18.3,7.2,29.2,235.9,43.4,20.4,10-07-2024,08-10-2024,90,0.62
IND08829,Tamil Nadu,Laterite,Rice,37.3,6.1,22.5,87.4,79.5,16.5,05-07-2024,17-10-2024,104,0.47
IND08830,Odisha,Alluvial,Sugarcane,44.6,6.5,30.8,266.1,47.5,0,14-05-2024,21-10-2024,160,0.72
IND08831,Bihar,Alluvial,Sugarcane,28.2,6.7,33.5,264.5,58.4,15.4,08-01-2024,06-05-2024,119,0.59
IND08832,Bihar,Alluvial,Sugarcane,24.9,6.5,39.9,230.9,74.7,0,03-12-2024,01-03-2025,88,0.65
IND08833,West Bengal,Laterite,Groundnut,22.2,6.7,31,78.4,77.3,15.8,21-01-2024,27-04-2024,97,0.71
IND08834,Madhya Pradesh,Red,Maize,27.4,6.8,23.2,202,72.2,2.6,09-02-2024,05-07-2024,147,0.36
IND08835,West Bengal,Alluvial,Maize,19.7,7.2,24.6,153.7,67.6,3.2,01-05-2024,31-07-2024,91,0.43
IND08836,Bihar,Alluvial,Maize,41,6.6,34.8,111.9,82.5,0.9,20-12-2024,24-05-2025,155,0.83
IND08837,Haryana,Alluvial,Wheat,17.7,7.6,32.6,212.8,74.6,34.4,08-11-2024,06-04-2025,149,0.58
IND08838,Madhya Pradesh,Black,Cotton,25.9,6.5,39.4,75.3,44.5,15.5,22-03-2024,03-07-2024,103,0.7
IND08839,Telangana,Black,Cotton,25.5,6.4,18.2,20.2,55.9,15.8,21-02-2024,23-06-2024,123,0.83
IND08840,Tamil Nadu,Black,Sugarcane,36.5,7.5,25,252.5,82.9,20.4,01-01-2024,03-04-2024,93,0.77
IND08841,Haryana,Alluvial,Maize,17.2,7.1,38.8,20.8,87.4,31.7,03-06-2024,15-09-2024,104,0.82
IND08842,Tamil Nadu,Laterite,Rice,26.3,6.4,32.1,119,73.1,33.7,23-03-2024,03-08-2024,133,0.88
IND08843,Karnataka,Laterite,Rice,26.6,6.7,32.9,146.3,59.6,16.7,02-03-2024,19-07-2024,139,0.42
IND08844,Gujarat,Black,Sugarcane,32.8,6.1,33.8,59.4,63.8,23,09-11-2024,18-04-2025,160,0.64
IND08845,Haryana,Alluvial,Sugarcane,34.4,6.3,36.2,69.1,41.8,22.8,03-03-2024,09-06-2024,98,0.56
IND08846,Punjab,Alluvial,Pulses,36.4,6.6,34.5,49.9,67.1,5.7,11-12-2024,13-05-2025,153,0.37
IND08847,Bihar,Alluvial,Pulses,18.6,6.7,32.4,71.1,41.8,31.5,22-07-2024,14-12-2024,145,0.6
IND08848,Tamil Nadu,Black,Sugarcane,42.1,6.8,30.6,24.8,53.1,25.8,14-09-2024,17-12-2024,94,0.88
IND08849,Punjab,Alluvial,Rice,24.1,6.5,26.3,48.2,76.1,44.4,09-01-2024,26-04-2024,108,0.81
IND08850,Maharashtra,Laterite,Groundnut,39.2,7.2,22.8,134.4,66.8,7,11-07-2024,02-12-2024,144,0.53
IND08851,Maharashtra,Laterite,Rice,38.8,6.2,29.3,299.4,59.1,0,12-11-2024,16-03-2025,124,0.48
IND08852,Andhra Pradesh,Red,Maize,17.5,7.6,36.8,60.5,77.7,12.8,01-12-2024,08-03-2025,97,0.61
IND08853,Uttar Pradesh,Alluvial,Wheat,42.6,6.4,19,27.4,44,12.3,16-08-2024,26-11-2024,102,0.45
IND08854,Andhra Pradesh,Red,Pulses,17.9,7.6,20.2,238.8,48,13.7,14-04-2024,27-08-2024,135,0.66
IND08855,Karnataka,Black,Cotton,42.7,6.2,29.1,124.5,84.6,8.1,04-11-2024,08-02-2025,96,0.38
IND08856,Bihar,Alluvial,Maize,31.8,6.8,19.8,74.4,83.6,15.8,21-01-2024,19-04-2024,89,0.44
IND08857,Uttar Pradesh,Alluvial,Wheat,36.4,7.6,35.7,55.5,71.5,25.8,03-12-2024,21-04-2025,139,0.47
IND08858,Telangana,Black,Sugarcane,37.4,6.2,32,272.7,42.7,8.7,11-07-2024,16-12-2024,158,0.6
IND08859,Tamil Nadu,Laterite,Rice,28.5,7.3,26.5,26,62.3,29.2,04-09-2024,23-12-2024,110,0.42
IND08860,Punjab,Alluvial,Wheat,27.7,6.6,28.2,164.8,65.8,9.1,12-02-2024,02-07-2024,141,0.79
IND08861,Andhra Pradesh,Red,Groundnut,41.1,6.6,36.7,202.8,85.6,11,20-03-2024,01-07-2024,103,0.42
IND08862,Telangana,Black,Wheat,26.2,7.6,22.6,242,87.5,9.5,09-08-2024,04-01-2025,148,0.75
IND08863,Bihar,Alluvial,Pulses,42.3,7.5,22.7,283.8,51.3,0,07-07-2024,02-12-2024,148,0.78
IND08864,Haryana,Alluvial,Wheat,44.2,6.4,30.3,186,43,0,21-06-2024,16-11-2024,148,0.58
IND08865,Punjab,Alluvial,Maize,20.3,7.4,38.8,168.4,89,25.5,13-07-2024,16-10-2024,95,0.76
IND08866,Haryana,Alluvial,Pulses,22.1,7.1,37.8,270.5,72.2,13.6,05-04-2024,25-07-2024,111,0.57
IND08867,Karnataka,Red,Maize,33.6,7.3,39.7,56.6,70.7,29.2,24-06-2024,19-09-2024,87,0.55
IND08868,Andhra Pradesh,Red,Maize,14.8,6.2,19.8,194.2,87.6,22.7,14-08-2024,13-01-2025,152,0.6
IND08869,Andhra Pradesh,Black,Cotton,36.8,6.9,31.4,227.9,43.1,0,04-11-2024,21-03-2025,137,0.88
IND08870,Tamil Nadu,Red,Millet,32.4,6.3,36,41.6,43.7,25,11-05-2024,24-08-2024,105,0.84
IND08871,Telangana,Red,Maize,31.9,7.7,22.2,263.7,54.1,12.4,06-11-2024,29-03-2025,143,0.43
IND08872,Maharashtra,Black,Sugarcane,29,6.5,37.7,42.9,84.7,37.5,06-12-2024,24-04-2025,139,0.37
IND08873,Gujarat,Alluvial,Rice,33.8,6.6,24.1,170.5,51.4,27.9,16-03-2024,30-07-2024,136,0.44
IND08874,Tamil Nadu,Red,Maize,24.7,6.3,28,36,74.7,41.9,18-09-2024,14-01-2025,118,0.62
IND08875,Telangana,Black,Wheat,22.3,6.8,28.4,285.7,77.8,24.6,13-10-2024,02-02-2025,112,0.62
IND08876,Punjab,Alluvial,Pulses,42.4,7.7,36.9,127.9,81.2,11.3,17-12-2024,16-03-2025,89,0.49
IND08877,Tamil Nadu,Red,Groundnut,36.7,6.6,36.1,87.1,82.6,13.5,01-05-2024,10-08-2024,101,0.45
IND08878,Odisha,Laterite,Groundnut,16.1,7.5,37.1,155.9,79.9,41,02-03-2024,16-07-2024,136,0.35
IND08879,Uttar Pradesh,Alluvial,Sugarcane,28.1,6.6,30.9,252.8,53.4,0,17-11-2024,02-03-2025,105,0.43
IND08880,Maharashtra,Laterite,Groundnut,43.6,6.3,19.6,132.7,49.6,25.8,13-01-2024,29-05-2024,137,0.51
IND08881,Uttar Pradesh,Alluvial,Pulses,30.2,7.5,36.7,155.4,88.4,0,16-10-2024,25-01-2025,101,0.66
IND08882,Uttar Pradesh,Alluvial,Maize,16.2,6.4,19.6,243.2,71.5,6.6,04-03-2024,22-06-2024,110,0.88
IND08883,Kerala,Laterite,Rice,31.7,6.1,26.9,261.7,52.1,21.4,01-09-2024,31-12-2024,121,0.4
IND08884,Maharashtra,Laterite,Groundnut,30,6.7,31.6,294.9,85,0,19-08-2024,23-11-2024,96,0.7
IND08885,Karnataka,Red,Millet,23.1,7.6,30.9,227.5,74.1,32.5,14-07-2024,20-11-2024,129,0.76
IND08886,Rajasthan,Desert,Millet,18.1,7.4,26.3,166.1,73,29.8,11-02-2024,14-07-2024,154,0.36
IND08887,Madhya Pradesh,Red,Groundnut,39.1,7.6,33.9,65.4,51.8,1.9,19-07-2024,21-12-2024,155,0.6
IND08888,West Bengal,Laterite,Groundnut,27.2,7,32,267.8,89.1,11.7,21-08-2024,21-11-2024,92,0.72
IND08889,Telangana,Black,Cotton,17.8,6,37.4,160.1,45.9,24.3,13-09-2024,27-12-2024,105,0.38
IND08890,Haryana,Alluvial,Pulses,31.6,6.9,28.9,75.6,79.6,38.5,09-10-2024,05-02-2025,119,0.64
IND08891,Rajasthan,Desert,Millet,37.1,6.4,19.9,31,59.7,9.7,13-04-2024,16-09-2024,156,0.89
IND08892,Andhra Pradesh,Red,Millet,17.1,7.3,35.1,50.4,52.4,34.9,03-02-2024,07-07-2024,155,0.83
IND08893,Haryana,Alluvial,Maize,33.7,6.6,38.6,101.3,65.6,30.6,17-08-2024,28-11-2024,103,0.8
IND08894,Andhra Pradesh,Red,Maize,19.5,6.7,24.6,144.2,70.7,29.8,07-01-2024,23-04-2024,107,0.51
IND08895,Odisha,Laterite,Rice,27.2,6.5,29.7,95.3,46.8,18.3,11-10-2024,29-01-2025,110,0.72
IND08896,Bihar,Alluvial,Wheat,19.2,7.4,18.2,173.6,47,29.3,21-07-2024,31-10-2024,102,0.87
IND08897,Andhra Pradesh,Black,Wheat,17.2,7.6,32.6,297,75.1,0,23-04-2024,07-09-2024,137,0.62
IND08898,Tamil Nadu,Black,Cotton,42.9,6.9,28.6,144.9,46.8,0,04-08-2024,31-10-2024,88,0.77
IND08899,Tamil Nadu,Red,Maize,21.9,6.2,39.6,39.6,42.4,15.6,20-12-2024,27-04-2025,128,0.71
IND08900,Rajasthan,Desert,Millet,29.5,7.5,29.7,246,52.8,0,15-09-2024,09-12-2024,85,0.41
IND08901,Andhra Pradesh,Red,Pulses,21.9,7.7,29.9,174.2,68.8,21.9,01-09-2024,30-01-2025,151,0.51
IND08902,Odisha,Alluvial,Sugarcane,19,6.6,36.6,119.1,61.5,26,01-08-2024,29-10-2024,89,0.88
IND08903,Punjab,Alluvial,Wheat,19,6.2,39,93.1,69.1,18.3,20-11-2024,17-03-2025,117,0.81
IND08904,Maharashtra,Red,Millet,35.5,6.4,25,77,51.8,32.8,16-11-2024,14-02-2025,90,0.83
IND08905,Madhya Pradesh,Red,Pulses,44.7,6.1,25.1,253.1,64.6,8.1,02-06-2024,03-11-2024,154,0.66
IND08906,Tamil Nadu,Red,Pulses,27.8,7.3,38.7,216.6,65.9,0,21-07-2024,25-11-2024,127,0.44
IND08907,Haryana,Alluvial,Rice,21,7.3,39.8,234.3,49.9,11.1,21-04-2024,25-08-2024,126,0.65
IND08908,Madhya Pradesh,Red,Groundnut,21.8,6.6,19.8,109.7,85.2,27,17-09-2024,28-01-2025,133,0.74
IND08909,Kerala,Laterite,Groundnut,27.8,7.3,35.4,45.8,71.4,31.1,15-09-2024,08-01-2025,115,0.88
IND08910,Tamil Nadu,Black,Wheat,18.7,6.4,32.1,118.9,48.6,23,01-02-2024,14-05-2024,103,0.62
IND08911,Andhra Pradesh,Black,Sugarcane,25.4,7.8,30.8,186.7,66.9,18.3,24-01-2024,01-05-2024,98,0.53
IND08912,Tamil Nadu,Laterite,Groundnut,44.9,7.7,24.1,278.4,40.1,6.4,15-11-2024,21-04-2025,157,0.59
IND08913,Uttar Pradesh,Alluvial,Rice,36.8,6.3,22.6,153.6,40.8,11.2,13-10-2024,28-02-2025,138,0.72
IND08914,West Bengal,Laterite,Groundnut,22.8,6.8,37.8,276.7,77.6,22.3,04-02-2024,11-05-2024,97,0.37
IND08915,Haryana,Alluvial,Maize,15.9,6.5,33.7,222.7,46.9,7.3,04-12-2024,30-03-2025,116,0.67
IND08916,Telangana,Red,Groundnut,40.7,7.5,21.9,33.2,60.3,1.2,25-08-2024,07-01-2025,135,0.5
IND08917,Bihar,Alluvial,Rice,15,6.5,22.9,295.8,47,22.5,06-09-2024,01-01-2025,117,0.82
IND08918,Bihar,Alluvial,Wheat,18.7,7.2,35.3,50.1,48.8,30.8,19-06-2024,01-11-2024,135,0.36
IND08919,Uttar Pradesh,Alluvial,Sugarcane,16.2,7.8,25,47.3,76.4,19.2,04-02-2024,05-06-2024,122,0.55
IND08920,Maharashtra,Red,Groundnut,35.8,6.6,28.5,143,65.4,30.7,15-01-2024,15-04-2024,91,0.86
IND08921,Gujarat,Black,Wheat,14.7,6.6,26.4,41,60.7,17.9,19-09-2024,04-01-2025,107,0.82
IND08922,Gujarat,Alluvial,Rice,36.6,6.4,22.6,281.5,70.6,0,12-12-2024,16-05-2025,155,0.71
IND08923,Punjab,Alluvial,Wheat,14,6.2,26.2,202.1,52.5,19.6,02-09-2024,04-12-2024,93,0.64
IND08924,Bihar,Alluvial,Maize,38.3,6.7,22.8,67.4,84.7,1.4,20-11-2024,22-03-2025,122,0.74
IND08925,West Bengal,Alluvial,Pulses,13.9,6.2,27.3,44.4,64.2,49.3,24-10-2024,23-03-2025,150,0.41
IND08926,Madhya Pradesh,Red,Maize,15,6.4,28.2,298.6,44.7,11.8,11-10-2024,05-03-2025,145,0.84
IND08927,Rajasthan,Desert,Millet,21.2,6.4,21.2,298.6,81.7,0,10-09-2024,25-01-2025,137,0.88
IND08928,Karnataka,Black,Cotton,43.6,7.2,18.4,164.7,64.4,10.8,15-03-2024,06-07-2024,113,0.43
IND08929,Odisha,Laterite,Rice,12.3,7,33.7,143.7,59.9,18.8,08-07-2024,09-11-2024,124,0.77
IND08930,Rajasthan,Alluvial,Wheat,30.5,6.9,29.3,258.4,81.6,21.3,04-09-2024,15-12-2024,102,0.69
IND08931,Odisha,Laterite,Groundnut,38.2,6.8,26.3,155.3,43.8,29.9,19-04-2024,05-09-2024,139,0.75
IND08932,Tamil Nadu,Black,Wheat,38.2,6.2,26.7,122.6,85.1,28.8,16-09-2024,16-01-2025,122,0.49
IND08933,Andhra Pradesh,Black,Cotton,17.1,6.8,30.2,100.5,88.5,7.1,15-07-2024,19-11-2024,127,0.53
IND08934,Haryana,Alluvial,Rice,20.4,7.2,37.8,244.2,54.1,22.3,03-03-2024,27-06-2024,116,0.4
IND08935,Madhya Pradesh,Black,Cotton,13.3,7.5,29.2,273.7,76.3,0,08-06-2024,17-09-2024,101,0.48
IND08936,Uttar Pradesh,Alluvial,Wheat,37.2,7.2,37.5,174.6,84.9,10.7,09-04-2024,09-07-2024,91,0.62
IND08937,Karnataka,Laterite,Groundnut,25.9,6.6,23.7,73.1,57.7,33.8,21-03-2024,15-06-2024,86,0.86
IND08938,Bihar,Alluvial,Rice,25.5,6.1,28,62.3,73.5,16.9,04-06-2024,03-09-2024,91,0.4
IND08939,Maharashtra,Red,Maize,40.9,7.5,32.4,175.7,72.4,0.2,22-10-2024,26-02-2025,127,0.69
IND08940,Andhra Pradesh,Black,Sugarcane,36.9,7.1,27.4,112.3,51.8,13.4,18-08-2024,21-01-2025,156,0.86
IND08941,Madhya Pradesh,Black,Sugarcane,25.5,7.8,39.3,189.2,84.4,15.6,24-03-2024,28-06-2024,96,0.8
IND08942,Uttar Pradesh,Alluvial,Wheat,44.5,6.6,28.4,85.2,57.9,25.8,14-02-2024,17-05-2024,93,0.54
IND08943,Andhra Pradesh,Red,Maize,22.6,6.2,20.2,48.5,63.4,10.4,08-02-2024,24-06-2024,137,0.77
IND08944,Telangana,Black,Cotton,19.3,6.7,27,88.1,47.8,26.8,15-02-2024,24-06-2024,130,0.52
IND08945,Haryana,Alluvial,Sugarcane,16,7.3,31.1,128.7,52.3,6.5,04-05-2024,06-09-2024,125,0.89
IND08946,Kerala,Laterite,Rice,26.8,6.3,23.4,145.9,55.6,27.1,06-12-2024,01-05-2025,146,0.71
IND08947,Rajasthan,Desert,Millet,12.5,7.3,31,149.3,86.3,32.3,07-11-2024,16-02-2025,101,0.82
IND08948,Madhya Pradesh,Black,Sugarcane,42.8,7.5,26.4,287.5,77.2,0,09-05-2024,09-09-2024,123,0.78
IND08949,Odisha,Laterite,Groundnut,30.4,6.2,21.6,177.4,84.7,19.7,05-08-2024,17-11-2024,104,0.54
IND08950,Uttar Pradesh,Alluvial,Wheat,21.6,6.6,18.7,213.9,88.3,18.7,08-07-2024,04-12-2024,149,0.44
IND08951,Telangana,Black,Wheat,35.1,6.7,38.7,218.6,48.7,20.3,04-04-2024,23-07-2024,110,0.79
IND08952,Telangana,Black,Sugarcane,16.1,7.5,24.7,218.6,79.9,0,12-05-2024,17-08-2024,97,0.56
IND08953,West Bengal,Alluvial,Rice,44.4,6.5,35.9,286.4,48.8,0,07-02-2024,26-05-2024,109,0.49
IND08954,Tamil Nadu,Red,Millet,35,6.3,22.9,186.7,58.4,12.8,20-06-2024,24-10-2024,126,0.54
IND08955,Rajasthan,Desert,Millet,16.8,7.6,25.2,113,83.8,21.3,14-03-2024,14-06-2024,92,0.63
IND08956,West Bengal,Laterite,Groundnut,26.4,6.6,38.6,62.8,44.9,28.9,06-02-2024,12-05-2024,96,0.79
IND08957,Punjab,Alluvial,Sugarcane,24.5,7.7,24,104.1,47.9,8.5,19-04-2024,31-08-2024,134,0.71
IND08958,Karnataka,Laterite,Rice,38.1,7.2,31.9,223.9,74.2,21.6,25-04-2024,02-10-2024,160,0.87
IND08959,Gujarat,Alluvial,Maize,32.9,7.3,19.8,136.3,78.9,21.5,23-02-2024,20-06-2024,118,0.51
IND08960,Bihar,Alluvial,Pulses,39.8,6.8,38.2,103.2,77.8,10.5,04-08-2024,20-12-2024,138,0.79
IND08961,Telangana,Red,Maize,19,6.1,34.6,267.8,81,14.3,06-05-2024,09-10-2024,156,0.49
IND08962,Haryana,Alluvial,Rice,30.5,7.5,35.6,26.3,69.1,44.5,20-07-2024,19-10-2024,91,0.64
IND08963,Maharashtra,Laterite,Rice,18.9,6.7,20.1,275.5,69.7,9.3,21-06-2024,14-09-2024,85,0.38
IND08964,Rajasthan,Desert,Millet,44.4,7.1,23.1,59.5,85.2,21.3,18-03-2024,23-08-2024,158,0.79
IND08965,Odisha,Laterite,Groundnut,39.6,7.1,24.9,39.7,48.9,39.8,08-07-2024,05-11-2024,120,0.66
IND08966,Odisha,Alluvial,Pulses,28.8,7.7,30.6,33,55.8,34.3,07-03-2024,28-07-2024,143,0.36
IND08967,Tamil Nadu,Laterite,Rice,22.1,6.3,33.8,125.4,63.6,32.3,24-08-2024,30-01-2025,159,0.59
IND08968,Andhra Pradesh,Black,Wheat,36.4,6.4,26.7,275.8,73.6,0,17-03-2024,23-06-2024,98,0.52
IND08969,Bihar,Alluvial,Pulses,32.7,7.4,21.7,252.2,61.5,2.1,17-06-2024,27-09-2024,102,0.73
IND08970,Odisha,Laterite,Groundnut,35.4,7.5,23.8,101.6,86.7,31.3,08-06-2024,01-10-2024,115,0.88
IND08971,Uttar Pradesh,Alluvial,Rice,28.1,6.3,25,129.1,57.5,15.9,09-10-2024,24-01-2025,107,0.75
IND08972,West Bengal,Alluvial,Sugarcane,21.7,6.1,24.3,127.6,76.2,19.2,02-05-2024,18-08-2024,108,0.56
IND08973,Andhra Pradesh,Black,Wheat,35.1,7.7,20.4,209.4,41,16.9,02-02-2024,28-04-2024,86,0.41
IND08974,Madhya Pradesh,Black,Cotton,20.3,7.5,36.3,87.6,52.8,38.7,13-11-2024,07-02-2025,86,0.48
IND08975,Haryana,Alluvial,Wheat,22,6.9,26.6,152.6,71,30.7,24-11-2024,18-02-2025,86,0.86
IND08976,Bihar,Alluvial,Sugarcane,34.7,7.7,32.3,294.6,85.1,0,21-06-2024,27-10-2024,128,0.54
IND08977,Rajasthan,Alluvial,Sugarcane,44.2,7.7,33.5,294.9,67.7,18.3,17-07-2024,20-11-2024,126,0.65
IND08978,Andhra Pradesh,Black,Cotton,22.6,6.3,19.4,108.2,82.1,4,18-05-2024,09-10-2024,144,0.43
IND08979,Rajasthan,Alluvial,Wheat,15.9,7.2,37.2,78.2,53.1,35.9,03-06-2024,01-10-2024,120,0.57
IND08980,Kerala,Laterite,Rice,37.9,7.6,28.5,186.3,75.8,4.3,07-06-2024,03-10-2024,118,0.69
IND08981,Andhra Pradesh,Black,Cotton,24.1,6.1,30.7,124.6,71.3,36.3,05-02-2024,07-06-2024,123,0.54
IND08982,Gujarat,Black,Wheat,27.4,7.4,33.3,244.5,65.3,24.5,11-04-2024,16-07-2024,96,0.4
IND08983,Gujarat,Alluvial,Maize,34,7,22.9,168.7,53.7,13,12-03-2024,26-07-2024,136,0.61
IND08984,Maharashtra,Laterite,Groundnut,42.6,6.2,37.6,248.5,63.1,8.6,02-07-2024,16-11-2024,137,0.76
IND08985,Bihar,Alluvial,Pulses,20.7,6.7,39.2,71.2,69,23.7,09-10-2024,23-01-2025,106,0.89
IND08986,Tamil Nadu,Red,Millet,29.3,7.5,20.7,233.3,79,6,01-01-2024,24-04-2024,114,0.38
IND08987,Rajasthan,Alluvial,Sugarcane,17.4,6.3,36.8,178,61,10.8,16-11-2024,29-03-2025,133,0.42
IND08988,Andhra Pradesh,Red,Maize,19.6,7.5,31.1,117.6,81,17.4,04-10-2024,25-01-2025,113,0.65
IND08989,Maharashtra,Laterite,Rice,12.6,7.2,27.3,216,47.9,12.4,10-04-2024,09-08-2024,121,0.65
IND08990,Madhya Pradesh,Red,Groundnut,31.6,6.8,24.8,210.5,89.5,27.8,09-07-2024,26-10-2024,109,0.56
IND08991,Telangana,Black,Wheat,34.3,7.4,39.6,226.3,77.9,21.2,01-10-2024,02-03-2025,152,0.58
IND08992,West Bengal,Alluvial,Maize,17.9,6.9,22.5,176,75.8,0,11-02-2024,07-07-2024,147,0.36
IND08993,Haryana,Alluvial,Sugarcane,26.6,7.5,21,172.7,88.6,25.6,02-07-2024,28-09-2024,88,0.72
IND08994,Tamil Nadu,Black,Sugarcane,30.5,6.8,29.7,29.1,82.4,36.6,20-06-2024,23-11-2024,156,0.42
IND08995,Gujarat,Black,Cotton,25.4,7.5,22.8,43.1,68.2,8.8,06-01-2024,19-05-2024,134,0.49
IND08996,Madhya Pradesh,Red,Groundnut,23.1,7.6,32.5,127.9,76.4,17.6,05-12-2024,09-05-2025,155,0.52
IND08997,Maharashtra,Laterite,Groundnut,21.7,6.5,22.6,74.4,47.6,6.4,11-10-2024,13-03-2025,153,0.72
IND08998,West Bengal,Laterite,Groundnut,20.6,6.6,21,134.9,40.3,11.7,07-06-2024,05-10-2024,120,0.62
IND08999,Karnataka,Black,Sugarcane,37.8,6.5,33.5,234.5,75.5,0,03-10-2024,07-03-2025,155,0.51
IND09000,Karnataka,Red,Pulses,29,7,33.4,234.1,76,20.2,23-01-2024,18-05-2024,116,0.43
